activity_id,date,start_datetime,name,activity_type,distance_m,distance_mi,moving_time_s,elapsed_time_s,elevation_gain_m,elevation_gain_ft,average_speed_mps,average_pace_min_mi,max_speed_mps,average_heart_rate_bpm,max_heart_rate_bpm,calories,is_5k_distance,is_10k_distance,is_half_marathon_distance,is_marathon_distance,is_ultra_distance,start_city,start_state,start_country,start_country_code
199866867,2010-06-12,2010-06-12T11:48:47Z,~8K Over the Bridge,Run,7916.4,4.919023,2241,2244,10.2,33.465,3.53253,7.592971,4.0,,,665.0,true,false,false,false,false,Baltimore,Maryland,United States of America,US
199866818,2010-06-14,2010-06-14T09:37:26Z,~9K 177/Hog Neck Loop,Run,7532.1,4.68023,2163,2163,54.5,178.806,3.482247,7.702613,4.1,,,637.0,true,false,false,false,false,Baltimore,Maryland,United States of America,US
199866693,2010-06-17,2010-06-17T00:39:50Z,~8K 173/177/Tick Neck,Run,7967.6,4.950837,2260,2260,17.7,58.071,3.525487,7.608141,4.3,,,671.0,true,false,false,false,false,Baltimore,Maryland,United States of America,US
199866572,2010-06-21,2010-06-21T00:26:38Z,~10K Duvall HWY/Tick Neck/173,Run,9957.8,6.18749,2939,2946,28.4,93.176,3.388159,7.916511,4.0,,,833.0,true,false,false,false,false,Baltimore,Maryland,United States of America,US
199866531,2010-06-23,2010-06-23T15:42:42Z,~5K Duvall Loop,Run,5071.5,3.151284,1478,1478,16.5,54.134,3.431326,7.816919,3.9,,,426.0,true,false,false,false,false,Baltimore,Maryland,United States of America,US
199866504,2010-06-25,2010-06-25T09:04:26Z,~7K Duvall/Tick Neck Loop,Run,7225.8,4.489904,1993,1996,28.5,93.504,3.62559,7.39808,6.8,,,609.0,true,false,false,false,false,Baltimore,Maryland,United States of America,US
199866403,2010-07-01,2010-07-01T11:39:03Z,~5K Duvall Loop,Run,5111.5,3.176139,1324,1324,15.9,52.165,3.86065,6.947639,4.7,,,429.0,true,false,false,false,false,Baltimore,Maryland,United States of America,US
199866330,2010-07-03,2010-07-03T11:06:28Z,~5K Pikesville 5k Pace Work,Run,5235.8,3.253375,1413,1413,11.1,36.417,3.705449,7.238636,4.8,,,440.0,true,false,false,false,false,Baltimore,Maryland,United States of America,US
199866261,2010-07-11,2010-07-11T12:01:06Z,Pikesville 5K,Run,5045.1,3.13488,1283,1283,23.8,78.084,3.932268,6.821102,6.9,161.0,163.0,425.0,true,false,false,false,false,Baltimore,Maryland,United States of America,US
199866213,2010-07-24,2010-07-24T10:39:53Z,~5K End Injury Hiatus,Run,5412.0,3.362861,1532,1537,17.7,58.071,3.532637,7.592741,4.6,,,455.0,true,false,false,false,false,Baltimore,Maryland,United States of America,US
199866163,2010-07-25,2010-07-25T11:51:24Z,~5K Duvall Loop,Run,5509.2,3.423258,1512,1512,16.5,54.134,3.643651,7.361408,4.1,,,463.0,true,false,false,false,false,Baltimore,Maryland,United States of America,US
199866132,2010-07-26,2010-07-26T10:28:08Z,~5K Duvall/Tick Neck Park,Run,5514.8,3.426738,1481,1481,17.1,56.102,3.7237,7.203158,4.9,,,465.0,true,false,false,false,false,Baltimore,Maryland,United States of America,US
199866056,2010-07-27,2010-07-27T09:54:56Z,~5K Duvall/TIck Neck Park,Run,5253.1,3.264125,1450,1450,16.8,55.118,3.622828,7.40372,5.5,,,443.0,true,false,false,false,false,Baltimore,Maryland,United States of America,US
199865995,2010-07-28,2010-07-28T10:01:34Z,~5K Duvall HWY Loop,Run,5077.8,3.155199,1374,1374,17.0,55.774,3.695633,7.257863,4.2,,,427.0,true,false,false,false,false,Baltimore,Maryland,United States of America,US
199865955,2010-07-29,2010-07-29T10:04:28Z,~5k 100 Miles,Run,4992.8,3.102382,1402,1420,16.8,55.118,3.561198,7.531847,5.4,,,419.0,false,false,false,false,false,Baltimore,Maryland,United States of America,US
199865910,2010-07-31,2010-07-31T09:58:54Z,~5k Duvall (BATT DIED),Run,5038.4,3.130717,1381,2255,12.8,41.995,3.648371,7.351884,5.1,,,424.0,true,false,false,false,false,Baltimore,Maryland,United States of America,US
199865871,2010-08-01,2010-08-01T12:02:15Z,Hadassah 8K,Run,8100.3,5.033293,2118,2118,46.8,153.543,3.824504,7.013301,5.8,,,681.0,true,false,false,false,false,Baltimore,Maryland,United States of America,US
199865824,2010-08-22,2010-08-22T11:43:46Z,Stress Fracture Comeback,Run,3954.1,2.456964,1085,1085,17.1,56.102,3.644332,7.360032,4.1,,,333.0,false,false,false,false,false,Baltimore,Maryland,United States of America,US
199865743,2010-08-24,2010-08-24T09:37:40Z,~5K Garmin Missing Middle,Run,3153.6,1.959556,926,1462,0.0,0.0,3.405616,7.875933,4.2,,,264.0,false,false,false,false,false,Baltimore,Maryland,United States of America,US
199865709,2010-09-13,2010-09-13T09:09:55Z,Stress Fracture Comeback - 1.5m,Run,2435.3,1.513225,710,715,11.9,39.042,3.43,7.819942,3.9,,,205.0,false,false,false,false,false,Baltimore,Maryland,United States of America,US
199865653,2010-09-15,2010-09-15T00:23:20Z,~2.2M Return,Run,3559.4,2.211709,1020,1025,0.0,0.0,3.489608,7.686365,4.1,,,298.0,false,false,false,false,false,Baltimore,Maryland,United States of America,US
199865599,2010-09-17,2010-09-17T09:54:11Z,~5K - SF Comeback,Run,5078.6,3.155696,1494,1494,16.7,54.79,3.399331,7.890495,4.0,,,427.0,true,false,false,false,false,Baltimore,Maryland,United States of America,US
199865541,2010-09-20,2010-09-20T00:37:05Z,3.3M SFCB,Run,5325.7,3.309237,1510,1510,16.7,54.79,3.526954,7.604977,4.5,,,448.0,true,false,false,false,false,Baltimore,Maryland,United States of America,US
199865473,2010-09-21,2010-09-21T09:40:33Z,3.5 SFCB,Run,5634.4,3.501054,1608,1613,16.5,54.134,3.50398,7.654838,4.4,,,473.0,true,false,false,false,false,Baltimore,Maryland,United States of America,US
199865424,2010-09-22,2010-09-22T15:16:46Z,3.7M SFCB,Run,6051.3,3.760103,1759,1762,11.6,38.058,3.440193,7.796771,4.3,,,507.0,true,false,false,false,false,Baltimore,Maryland,United States of America,US
199865319,2010-09-25,2010-09-25T13:34:33Z,3.5 SFCB,Run,5639.2,3.504036,1567,1572,16.6,54.462,3.598724,7.453309,4.5,,,472.0,true,false,false,false,false,Baltimore,Maryland,United States of America,US
199865216,2010-10-01,2010-10-01T10:29:37Z,3.1 FFP,Run,4993.6,3.102879,1374,1374,16.6,54.462,3.634352,7.380242,4.4,,,420.0,false,false,false,false,false,Baltimore,Maryland,United States of America,US
199865079,2010-10-09,2010-10-09T18:46:35Z,<5K FFP,Run,4958.2,3.080883,1353,1356,17.1,56.102,3.664597,7.319331,4.7,,,417.0,false,false,false,false,false,Baltimore,Maryland,United States of America,US
199864977,2010-10-16,2010-10-16T13:51:20Z,Baltimore Half Marathon,Run,21255.3,13.207431,6142,6142,172.0,564.304,3.460648,7.750687,6.6,,,1791.0,true,true,true,false,false,Baltimore,Maryland,United States of America,US
199864894,2010-10-29,2010-10-29T11:42:36Z,~5K Begin Marathon Training,Run,4988.9,3.099959,1522,1525,17.3,56.759,3.277858,8.182905,4.5,,,419.0,false,false,false,false,false,Baltimore,Maryland,United States of America,US
199864844,2010-11-06,2010-11-06T15:45:12Z,~3m West Plains,Run,5059.3,3.143703,1495,1500,51.6,169.291,3.384147,7.925896,4.1,,,430.0,true,false,false,false,false,Township of Howell,Missouri,United States of America,US
199864746,2010-11-07,2010-11-07T15:51:30Z,"~3m West Plains, MO",Run,4912.1,3.052237,1504,1519,52.5,172.244,3.266024,8.212555,4.7,,,418.0,false,false,false,false,false,Township of Howell,Missouri,United States of America,US
199864672,2010-11-08,2010-11-08T22:58:50Z,~3m Last West Plains Run,Run,4929.8,3.063236,1422,1422,10.8,35.433,3.466807,7.736917,4.1,,,414.0,false,false,false,false,false,Township of Howell,Missouri,United States of America,US
199864611,2010-11-25,2010-11-25T14:09:15Z,5m Fleet Feet Annapolis Turkey Trot,Run,8044.2,4.998434,2234,2252,43.9,144.029,3.600806,7.448999,4.4,,,679.0,true,false,false,false,false,Baltimore,Maryland,United States of America,US
199864555,2010-11-28,2010-11-28T21:13:04Z,Downs Park Loop,Run,8849.5,5.498824,2570,2570,11.6,38.058,3.443385,7.789544,4.2,,,745.0,true,false,false,false,false,Baltimore,Maryland,United States of America,US
199864488,2010-12-05,2010-12-05T12:53:24Z,Run/Walk Jeff Galloway,Run,4140.4,2.572725,1810,1810,50.0,164.042,2.287514,11.725569,3.6,,,352.0,false,false,false,false,false,Baltimore,Maryland,United States of America,US
199864360,2010-12-10,2010-12-10T01:35:39Z,Midnight Madness - Fleet Feet Annapolis,Run,5795.9,3.601405,1730,1739,28.7,94.16,3.350231,8.006134,5.0,,,487.0,true,false,false,false,false,Baltimore,Maryland,United States of America,US
199864265,2010-12-12,2010-12-12T13:37:06Z,Jingle Bell 5k - Fleet Feet Annapolis,Run,4898.1,3.043538,1358,1358,10.4,34.121,3.606848,7.43652,4.9,,,412.0,false,false,false,false,false,Baltimore,Maryland,United States of America,US
199864160,2010-12-18,2010-12-18T13:36:07Z,Fleet Feet Annapolis Group Run,Run,12870.8,7.997544,4198,4210,26.6,87.27,3.065936,8.748519,3.9,,,1081.0,true,true,false,false,false,Baltimore,Maryland,United States of America,US
199864104,2010-12-20,2010-12-20T10:13:24Z,5m Pasadena Creek Tour,Run,8616.2,5.353858,2670,2670,38.6,126.64,3.227041,8.311762,4.0,,,726.0,true,false,false,false,false,Baltimore,Maryland,United States of America,US
199864031,2010-12-22,2010-12-22T11:30:13Z,6m - Orchard Beach Pasadena,Run,9651.6,5.997226,2954,2954,36.1,118.438,3.267299,8.209351,4.2,,,811.0,true,false,false,false,false,Baltimore,Maryland,United States of America,US
199863982,2010-12-24,2010-12-24T19:53:57Z,9m Christmas Eve - Severna Park B&A,Run,14691.0,9.128564,4231,4257,79.6,261.155,3.472229,7.724837,4.2,,,1249.0,true,true,false,false,false,Baltimore,Maryland,United States of America,US
199863903,2010-12-28,2010-12-28T10:28:36Z,6m Local Pasadena Run,Run,9825.9,6.105531,3023,3027,39.3,128.937,3.25038,8.25208,3.7,,,827.0,true,false,false,false,false,Baltimore,Maryland,United States of America,US
199863843,2010-12-31,2010-12-31T21:08:49Z,Last Run of 2010 - Fleet Feet Sports Annapolis,Run,4858.3,3.018808,1343,1343,10.4,34.121,3.617498,7.414627,5.0,,,409.0,false,false,false,false,false,Baltimore,Maryland,United States of America,US
199863722,2011-01-01,2011-01-01T13:44:43Z,Annapolis Striders Half Marathon Training - Meeting 1 ,Run,12869.0,7.996426,3700,3700,135.3,443.898,3.478108,7.711779,4.2,,,1103.0,true,true,false,false,false,Baltimore,Maryland,United States of America,US
199863653,2011-01-04,2011-01-04T19:58:40Z,Clif Bar - Black Cherry Almond - 8-6m Run,Run,9666.0,6.006174,2929,2932,127.2,417.323,3.300102,8.127748,5.5,,,828.0,true,false,false,false,false,Baltimore,Maryland,United States of America,US
199863530,2011-01-06,2011-01-06T11:29:05Z,B&A Ninja Headlamp Run,Run,9717.3,6.03805,2760,2777,49.6,162.73,3.520761,7.618353,4.4,,,822.0,true,false,false,false,false,Baltimore,Maryland,United States of America,US
199863301,2011-01-08,2011-01-08T12:34:44Z, Annapolis Strider Half Marathon Training Week 2,Run,12902.9,8.01749,3622,3629,159.7,523.95,3.562369,7.529372,4.4,,,1110.0,true,true,false,false,false,Baltimore,Maryland,United States of America,US
199863186,2011-01-10,2011-01-10T10:40:30Z,Unbroken Headlamp Run,Run,9763.0,6.066447,2727,2732,92.0,301.837,3.580125,7.49203,4.4,,,839.0,true,false,false,false,false,Baltimore,Maryland,United States of America,US
199863071,2011-01-12,2011-01-12T11:08:49Z,Yaktrax on the B&A,Run,9686.7,6.019036,2825,2893,40.3,132.218,3.42892,7.822404,4.4,,,819.0,true,false,false,false,false,Baltimore,Maryland,United States of America,US
199862931,2011-01-14,2011-01-14T15:38:23Z,Local Weekly Mileage Build,Run,4905.8,3.048323,1271,1271,16.1,52.822,3.859795,6.949177,5.0,,,413.0,false,false,false,false,false,Baltimore,Maryland,United States of America,US
199862870,2011-01-15,2011-01-15T12:32:37Z,Annapolis Strider Half Marathon Training Week 3,Run,16131.4,10.023587,4572,4599,198.1,649.934,3.528303,7.602069,4.2,,,1389.0,true,true,false,false,false,Baltimore,Maryland,United States of America,US
199862608,2011-01-17,2011-01-17T10:44:40Z,Big Bean and B&A,Run,9787.5,6.081671,2741,2886,93.4,306.43,3.570777,7.511642,4.4,,,839.0,true,false,false,false,false,Baltimore,Maryland,United States of America,US
199862482,2011-01-19,2011-01-19T19:36:14Z,Glen Burnie Social Run + Pit Stop,Run,13855.3,8.609284,3704,3736,37.5,123.031,3.740632,7.170553,5.8,,,1167.0,true,true,false,false,false,Baltimore,Maryland,United States of America,US
199862426,2011-02-06,2011-02-06T15:22:20Z,Knee Pain,Run,1111.0,0.690343,285,285,0.0,0.0,3.898246,6.880634,4.4,,,91.0,false,false,false,false,false,Baltimore,Maryland,United States of America,US
199862345,2011-02-27,2011-02-27T16:00:14Z,Return Trial,Run,1113.9,0.692145,308,308,10.2,33.465,3.616558,7.416554,4.0,,,95.0,false,false,false,false,false,Baltimore,Maryland,United States of America,US
199862300,2011-03-27,2011-03-27T13:31:44Z,Pain 1m Run,Run,1606.9,0.998481,448,448,10.2,33.465,3.58683,7.478023,4.2,,,136.0,false,false,false,false,false,Baltimore,Maryland,United States of America,US
199862259,2011-04-04,2011-04-04T23:55:34Z,No Pain 2m Run,Run,3215.5,1.998019,879,879,20.4,66.929,3.658134,7.332262,4.2,,,273.0,false,false,false,false,false,Baltimore,Maryland,United States of America,US
199862174,2011-04-06,2011-04-06T23:59:39Z,5K Training Run,Run,5044.6,3.134569,1362,1365,26.4,86.614,3.703818,7.241825,4.3,,,424.0,true,false,false,false,false,Baltimore,Maryland,United States of America,US
199862052,2011-04-09,2011-04-09T16:42:28Z,5K Neighborhood T-Run,Run,5061.5,3.14507,1369,1369,16.1,52.822,3.697224,7.25474,5.5,,,425.0,true,false,false,false,false,Baltimore,Maryland,United States of America,US
199861958,2011-04-11,2011-04-11T09:27:38Z,Return of the Pre-Dawn,Run,6471.5,4.021204,1834,1834,16.6,54.462,3.528626,7.601372,4.1,,,544.0,true,false,false,false,false,Baltimore,Maryland,United States of America,US
199861914,2011-04-14,2011-04-14T10:35:08Z, Pacific Time Zone 3m,Run,4850.6,3.014023,1342,1342,16.2,53.15,3.614456,7.420868,4.2,,,408.0,false,false,false,false,false,Baltimore,Maryland,United States of America,US
199861854,2011-04-25,2011-04-25T15:05:42Z,5K Lunch-Time Half Naked Run,Run,5048.6,3.137055,1340,1344,16.5,54.134,3.767612,7.119205,4.3,,,424.0,true,false,false,false,false,Baltimore,Maryland,United States of America,US
199861757,2011-04-28,2011-04-28T11:49:17Z,Cages Wide Open - GL,Run,5065.0,3.147245,1433,1433,16.4,53.806,3.534543,7.588647,4.0,,,426.0,true,false,false,false,false,Baltimore,Maryland,United States of America,US
199861630,2011-04-30,2011-04-30T10:43:18Z,Yard Sale 5K,Run,4996.7,3.104805,1412,1420,16.0,52.493,3.538739,7.579648,4.6,,,420.0,false,false,false,false,false,Baltimore,Maryland,United States of America,US
199861544,2011-05-05,2011-05-05T22:15:10Z,Fleet Feet Sports Annapolis Cinco De Mayo Run,Run,6459.4,4.013685,1894,1897,29.9,98.097,3.410454,7.864759,4.6,,,545.0,true,false,false,false,false,Baltimore,Maryland,United States of America,US
199861493,2011-05-08,2011-05-08T19:02:33Z,Mother's Day Neighborhood Run,Run,4832.0,3.002466,1246,1249,16.8,55.118,3.87801,6.916538,4.7,,,407.0,false,false,false,false,false,Baltimore,Maryland,United States of America,US
199861457,2011-05-10,2011-05-10T00:32:58Z,Riviera Beach Carnival + Stoney Creek Bridge ,Run,6466.0,4.017786,1830,1833,12.3,40.354,3.533333,7.591245,4.0,,,542.0,true,false,false,false,false,Baltimore,Maryland,United States of America,US
199861359,2011-05-11,2011-05-11T19:49:02Z,Over Stony Creek Drawbridge,Run,5070.0,3.150352,1396,1412,12.3,40.354,3.631805,7.385418,6.4,,,426.0,true,false,false,false,false,Baltimore,Maryland,United States of America,US
199861306,2011-05-13,2011-05-13T15:39:52Z,Friday the 13th Lunch Time Run,Run,5036.5,3.129536,1398,1398,16.3,53.478,3.602647,7.445193,4.2,,,423.0,true,false,false,false,false,Baltimore,Maryland,United States of America,US
199861166,2011-05-19,2011-05-19T12:27:57Z,Rivera Beach/Stoney Creek Bridge Run,Run,6435.5,3.998834,1775,1775,13.1,42.979,3.625634,7.397989,4.2,,,540.0,true,false,false,false,false,Baltimore,Maryland,United States of America,US
199861014,2011-05-21,2011-05-21T14:20:56Z,Pre-Wine in the Woods 2011,Run,5058.5,3.143206,1388,1388,16.0,52.493,3.644452,7.359789,4.3,,,425.0,true,false,false,false,false,Baltimore,Maryland,United States of America,US
199860846,2011-05-23,2011-05-23T22:14:41Z,N. Rivera Beach Tour,Run,6825.5,4.241169,1923,1939,11.8,38.714,3.549402,7.556879,4.3,,,573.0,true,false,false,false,false,Baltimore,Maryland,United States of America,US
199860633,2011-05-25,2011-05-25T09:22:23Z,Pre-Dawn Rivera Beach,Run,8068.6,5.013596,2259,2293,34.5,113.189,3.571757,7.509581,4.3,,,679.0,true,false,false,false,false,Baltimore,Maryland,United States of America,US
199860562,2011-05-28,2011-05-28T14:36:01Z,Brutal Rivera Beach,Run,6435.9,3.999083,1812,1838,24.1,79.068,3.551821,7.551732,5.1,,,542.0,true,false,false,false,false,Baltimore,Maryland,United States of America,US
199860484,2011-05-30,2011-05-30T10:06:01Z,Memorial Day Run,Run,8073.4,5.016578,2254,2277,27.5,90.223,3.58181,7.488504,4.2,,,678.0,true,false,false,false,false,Baltimore,Maryland,United States of America,US
199860413,2011-06-01,2011-06-01T08:29:02Z,National Running Day,Run,9669.3,6.008224,2737,2737,34.1,111.877,3.53281,7.592371,4.2,,,812.0,true,false,false,false,false,Baltimore,Maryland,United States of America,US
199860321,2011-06-05,2011-06-05T14:59:43Z,Alive and Kicking,Run,6654.2,4.134728,1864,1869,25.0,82.021,3.56985,7.513593,4.1,,,562.0,true,false,false,false,false,Baltimore,Maryland,United States of America,US
199860273,2011-06-07,2011-06-07T07:02:08Z,Midnight Naptown Run ,Run,11260.6,6.997012,3178,3182,45.5,149.278,3.543298,7.569897,4.8,,,949.0,true,true,false,false,false,Baltimore,Maryland,United States of America,US
199860196,2011-06-10,2011-06-10T10:40:56Z,Race Against Humidity,Run,8150.3,5.064362,2279,2279,37.8,124.016,3.576262,7.500123,4.2,,,689.0,true,false,false,false,false,Baltimore,Maryland,United States of America,US
199860135,2011-06-12,2011-06-12T10:50:00Z,Break Me Out,Run,8086.8,5.024905,2229,2229,38.0,124.672,3.627995,7.393175,4.1,,,683.0,true,false,false,false,false,Baltimore,Maryland,United States of America,US
199860003,2011-06-14,2011-06-14T08:58:15Z,B&A Pre-Dawn Run,Run,12955.2,8.049988,3598,3676,129.4,424.541,3.600667,7.449286,5.3,,,1113.0,true,true,false,false,false,Baltimore,Maryland,United States of America,US
199859902,2011-06-17,2011-06-17T12:50:04Z,Running is my Drug - Orchard Beach ,Run,9685.5,6.018291,2733,2733,35.4,116.142,3.543908,7.568594,4.1,,,815.0,true,false,false,false,false,Baltimore,Maryland,United States of America,US
199859762,2011-06-19,2011-06-19T09:25:12Z,Handcocks Resolution/Bayside Beach,Run,8089.5,5.026582,2225,2225,0.0,0.0,3.63573,7.377445,4.4,,,678.0,true,false,false,false,false,Baltimore,Maryland,United States of America,US
199859679,2011-06-21,2011-06-21T15:41:26Z,Impromptu Bonk,Run,7274.5,4.520165,2066,2066,27.4,89.895,3.521055,7.617716,4.5,,,613.0,true,false,false,false,false,Baltimore,Maryland,United States of America,US
199859604,2011-06-22,2011-06-22T09:51:16Z,Pre-Dawn Dirty Dena Run,Run,6457.0,4.012194,1811,1816,13.0,42.651,3.565433,7.5229,4.1,,,541.0,true,false,false,false,false,Baltimore,Maryland,United States of America,US
199859532,2011-06-24,2011-06-24T01:35:14Z,Night Run Around Pasadena,Run,8082.3,5.022108,2276,2325,35.7,117.126,3.551098,7.553269,5.4,,,681.0,true,false,false,false,false,Baltimore,Maryland,United States of America,US
199859434,2011-06-25,2011-06-25T10:52:37Z,Beautiful Penance on B&A,Run,14517.2,9.02057,4055,4088,140.4,460.63,3.580074,7.492136,4.8,,,1244.0,true,true,false,false,false,Baltimore,Maryland,United States of America,US
199859362,2011-06-27,2011-06-27T10:03:07Z,"Someone, Somewhere Pasadena Run",Run,6431.5,3.996349,1787,1787,12.3,40.354,3.599049,7.452636,4.3,,,540.0,true,false,false,false,false,Baltimore,Maryland,United States of America,US
199859221,2011-06-29,2011-06-29T10:25:59Z,Small Steps For Man,Run,16078.7,9.990841,4364,4632,165.9,544.291,3.684395,7.280001,4.5,,,1380.0,true,true,false,false,false,Baltimore,Maryland,United States of America,US
199859109,2011-07-01,2011-07-01T10:47:41Z,Salisbury Hotel Run,Run,8068.6,5.013596,2238,2238,0.0,0.0,3.605273,7.43977,4.3,,,675.0,true,false,false,false,false,Parsonsburg,Maryland,United States of America,US
199859048,2011-07-03,2011-07-03T11:14:57Z,Salisbury Hotel Run 2 ,Run,9656.3,6.000147,2692,2696,0.0,0.0,3.587036,7.477595,4.4,,,808.0,true,false,false,false,false,Parsonsburg,Maryland,United States of America,US
199859012,2011-07-05,2011-07-05T21:56:29Z,The Compromise,Run,8053.0,5.003902,2265,2291,12.3,40.354,3.555408,7.544112,3.9,,,677.0,true,false,false,false,false,Baltimore,Maryland,United States of America,US
199858951,2011-07-06,2011-07-06T21:33:39Z,Garmin Died Severna Park,Run,8403.0,5.221382,2387,2636,48.9,160.433,3.520318,7.619311,5.1,,,717.0,true,false,false,false,false,Baltimore,Maryland,United States of America,US
199858870,2011-07-09,2011-07-09T10:38:02Z,Annapolis Striders Marathon Training WK2,Run,21084.6,13.101363,5970,6176,246.1,807.415,3.531759,7.59463,4.6,,,1813.0,true,true,false,false,false,Baltimore,Maryland,United States of America,US
199858829,2011-07-12,2011-07-12T03:57:55Z,Midnight Run Series 1,Run,8049.5,5.001727,2280,2412,28.4,93.176,3.530482,7.597375,4.4,,,676.0,true,false,false,false,false,Baltimore,Maryland,United States of America,US
199858753,2011-07-13,2011-07-13T01:10:16Z,Nighttime Half Bonk,Run,8069.4,5.014093,2332,2673,27.5,90.223,3.460292,7.751485,4.5,,,678.0,true,false,false,false,false,Baltimore,Maryland,United States of America,US
199858660,2011-07-14,2011-07-14T09:01:20Z,Predawn Stoney Creek Run,Run,8077.5,5.019126,2287,2287,12.2,40.026,3.53192,7.594284,4.5,,,678.0,true,false,false,false,false,Baltimore,Maryland,United States of America,US
199858576,2011-07-16,2011-07-16T10:43:55Z,Annapolis Striders Marathon Training WK3,Run,23295.0,14.474842,6558,6946,231.5,759.514,3.55215,7.551032,5.3,,,1997.0,true,true,true,false,false,Baltimore,Maryland,United States of America,US
199858519,2011-07-18,2011-07-18T09:04:03Z,Cereal Runner Recovery Run,Run,6659.7,4.138146,1947,1988,12.3,40.354,3.420493,7.841676,4.3,,,559.0,true,false,false,false,false,Baltimore,Maryland,United States of America,US
199858379,2011-07-20,2011-07-20T13:46:28Z,I am not a ROCKST★R,Run,9697.3,6.025623,2813,3379,28.2,92.52,3.447316,7.780662,4.3,,,815.0,true,false,false,false,false,Baltimore,Maryland,United States of America,US
199858311,2011-07-29,2011-07-29T01:52:10Z,Rolled Ankle Hiatus Return,Run,4825.9,2.998675,1240,1246,16.6,54.462,3.891855,6.891932,4.6,,,406.0,false,false,false,false,false,Baltimore,Maryland,United States of America,US
199858197,2011-07-30,2011-07-30T12:33:50Z,Post-Melting Pot Run,Run,11709.8,7.276132,3696,3926,54.8,179.79,3.168236,8.466036,7.1,,,989.0,true,true,false,false,false,Baltimore,Maryland,United States of America,US
199858113,2011-08-01,2011-08-01T09:27:47Z,The Dirty Dena Run,Run,6736.6,4.185929,1892,1897,12.3,40.354,3.560571,7.533174,4.0,,,567.0,true,false,false,false,false,Baltimore,Maryland,United States of America,US
199858066,2011-08-03,2011-08-03T08:42:26Z,Before Work Run ,Run,8249.9,5.12625,2258,2708,28.3,92.848,3.653632,7.341299,18.0,,,693.0,true,false,false,false,false,Baltimore,Maryland,United States of America,US
199857997,2011-08-04,2011-08-04T10:51:41Z,Recovery Pasadena Run,Run,8053.2,5.004026,2355,2359,28.4,93.176,3.419618,7.843684,4.1,,,676.0,true,false,false,false,false,Baltimore,Maryland,United States of America,US
199857911,2011-08-06,2011-08-06T14:08:53Z,B&A with The Woman,Run,11268.5,7.001921,3240,3320,61.0,200.131,3.477932,7.712169,4.1,,,954.0,true,true,false,false,false,Baltimore,Maryland,United States of America,US
199857847,2011-08-08,2011-08-08T09:20:44Z,Blue Super Feet,Run,8045.7,4.999366,2304,2353,13.8,45.276,3.492057,7.680974,4.9,,,676.0,true,false,false,false,false,Baltimore,Maryland,United States of America,US
199857790,2011-08-10,2011-08-10T10:34:36Z,Miles Before Work,Run,19323.9,12.007315,5565,6156,162.8,534.121,3.472399,7.724458,4.3,,,1649.0,true,true,false,false,false,Baltimore,Maryland,United States of America,US
199857742,2011-08-11,2011-08-11T23:25:42Z,Annapolis Evening Run,Run,7974.2,4.954938,2465,2465,44.1,144.685,3.23497,8.291392,4.0,,,673.0,true,false,false,false,false,Baltimore,Maryland,United States of America,US
199857688,2011-08-13,2011-08-13T12:28:28Z,River Valley Ranch 5k,Run,5059.3,3.143703,1215,1215,33.2,108.924,4.164033,6.441448,6.3,,,424.0,true,false,false,false,false,Manchester,Maryland,United States of America,US
199857620,2011-08-16,2011-08-16T13:32:03Z,Recovery Cramped Run,Run,8053.5,5.004213,2410,2433,34.3,112.533,3.341701,8.02657,4.6,,,677.0,true,false,false,false,false,Baltimore,Maryland,United States of America,US
199857517,2011-08-17,2011-08-17T12:36:33Z,Audio Book Long Run pt. 1,Run,7116.8,4.422175,2165,2460,67.7,222.113,3.287206,8.159636,4.5,,,616.0,true,false,false,false,false,Baltimore,Maryland,United States of America,US
199857430,2011-08-17,2011-08-17T13:17:41Z,Audio Book Long Run pt. 2,Run,15508.5,9.636535,4662,5308,124.0,406.824,3.326577,8.063064,8.2,,,1319.0,true,true,false,false,false,Baltimore,Maryland,United States of America,US
199857393,2011-08-20,2011-08-20T13:19:01Z,Be Great 5-1K,Run,4138.1,2.571296,1041,1041,36.4,119.423,3.97512,6.74757,7.0,,,351.0,false,false,false,false,false,Baltimore,Maryland,United States of America,US
199857325,2011-08-22,2011-08-22T10:16:49Z,Explore Pasadena/Green Haven,Run,8069.1,5.013906,2322,2322,25.5,83.661,3.475065,7.718533,4.5,,,681.0,true,false,false,false,false,Baltimore,Maryland,United States of America,US
199857261,2011-08-23,2011-08-23T09:34:48Z,Cool Explorer ,Run,11446.6,7.112587,3413,3489,62.6,205.381,3.353824,7.997558,4.3,,,965.0,true,true,false,false,false,Baltimore,Maryland,United States of America,US
199857203,2011-08-24,2011-08-24T09:31:34Z,High Point Park Loop,Run,8066.9,5.012539,2358,2358,33.0,108.268,3.421077,7.840338,4.5,,,681.0,true,false,false,false,false,Baltimore,Maryland,United States of America,US
199857155,2011-08-26,2011-08-26T13:24:34Z,Pre-Hurricane Long Run,Run,24151.0,15.006736,7126,8084,237.7,779.856,3.389138,7.914224,5.2,,,2072.0,true,true,true,false,false,Baltimore,Maryland,United States of America,US
199857091,2011-08-29,2011-08-29T09:49:23Z,Post Hurricane Run,Run,8377.8,5.205724,2428,2428,24.7,81.037,3.450494,7.773495,4.4,,,706.0,true,false,false,false,false,Baltimore,Maryland,United States of America,US
199857031,2011-08-30,2011-08-30T09:55:13Z,Big Black Dog,Run,7839.6,4.871302,2258,2334,38.4,125.984,3.471922,7.725519,4.8,,,662.0,true,false,false,false,false,Baltimore,Maryland,United States of America,US
199856916,2011-08-31,2011-08-31T09:28:56Z,Compass Pointe Golf Course,Run,11279.7,7.008881,3290,3324,91.6,300.525,3.42848,7.823408,7.9,,,956.0,true,true,false,false,false,Baltimore,Maryland,United States of America,US
199856820,2011-09-03,2011-09-03T10:49:19Z,Annapolis Striders and Van Damme,Run,20975.0,13.033261,5870,6831,149.1,489.173,3.573254,7.506436,21.7,,,1786.0,true,true,false,false,false,Baltimore,Maryland,United States of America,US
199856735,2011-09-06,2011-09-06T09:51:43Z,Purple Rain,Run,7354.5,4.569874,2161,2165,23.8,78.084,3.403286,7.881325,5.3,,,621.0,true,false,false,false,false,Baltimore,Maryland,United States of America,US
199856647,2011-09-07,2011-09-07T11:31:42Z,Wet Blister,Run,7372.6,4.581121,2153,2392,35.8,117.454,3.424338,7.832871,5.1,,,623.0,true,false,false,false,false,Baltimore,Maryland,United States of America,US
199856578,2011-09-08,2011-09-08T21:47:08Z,After Work/Pre-Ragnar Meeting,Run,6498.7,4.038105,1795,1840,13.1,42.979,3.620446,7.408591,4.4,,,545.0,true,false,false,false,false,Baltimore,Maryland,United States of America,US
199856487,2011-09-10,2011-09-10T12:28:58Z,Pasadena 5K,Run,5079.5,3.156255,1243,1248,30.5,100.066,4.086484,6.563686,5.3,,,431.0,true,false,false,false,false,Baltimore,Maryland,United States of America,US
199856395,2011-09-17,2011-09-17T14:16:47Z,Crime & Punishment ,Run,6446.3,4.005545,1698,1724,16.9,55.446,3.796408,7.065206,5.0,,,542.0,true,false,false,false,false,Baltimore,Maryland,United States of America,US
199856302,2011-09-23,2011-09-23T20:44:06Z,Ragnar Relay DC Ultra - Leg 5 & 6,Run,11364.3,7.061449,3333,3413,284.2,932.415,3.409631,7.866658,8.0,,,982.0,true,true,false,false,false,Little Orleans,Maryland,United States of America,US
199856222,2011-09-24,2011-09-24T06:35:24Z,Ragnar Relay DC Ultra - Leg 17 & 18,Run,17293.4,10.745621,5684,5707,306.2,1004.593,3.04247,8.815995,4.3,,,1502.0,true,true,false,false,false,Fairplay,Maryland,United States of America,US
199856112,2011-09-24,2011-09-24T16:22:29Z,Ragnar Relay DC Ultra - Leg 29 & 30,Run,16736.3,10.399455,5993,6936,106.8,350.394,2.792641,9.60467,4.6,,,1412.0,true,true,false,false,false,Washington,Maryland,United States of America,US
199856044,2011-09-30,2011-09-30T10:26:50Z,Post-Ragnar Ultra Team Run,Run,4855.0,3.016757,1454,1454,16.9,55.446,3.339065,8.032908,4.2,,,409.0,false,false,false,false,false,Baltimore,Maryland,United States of America,US
199855972,2011-10-02,2011-10-02T11:27:34Z,Cold Shower,Run,6452.4,4.009335,1795,1798,12.2,40.026,3.594652,7.461752,4.1,,,541.0,true,false,false,false,false,Baltimore,Maryland,United States of America,US
199855865,2011-10-04,2011-10-04T10:38:15Z,Long Sleeves,Run,6449.0,4.007223,1851,1854,13.0,42.651,3.484063,7.698599,4.1,,,541.0,true,false,false,false,false,Baltimore,Maryland,United States of America,US
199855782,2011-10-15,2011-10-15T13:50:56Z,2011 Baltimore Half Marathon,Run,21228.8,13.190965,6139,6146,171.1,561.352,3.458022,7.756572,9.4,,,1789.0,true,true,true,false,false,Baltimore,Maryland,United States of America,US
199855638,2011-10-30,2011-10-30T20:42:38Z,Don't Call It a Comeback,Run,4885.6,3.035771,1430,1430,17.6,57.743,3.416503,7.850833,5.0,,,410.0,false,false,false,false,false,Baltimore,Maryland,United States of America,US
199855584,2011-11-01,2011-11-01T11:42:11Z,Fun Size,Run,4840.9,3.007996,1404,1408,16.1,52.822,3.447934,7.779266,4.3,,,406.0,false,false,false,false,false,Baltimore,Maryland,United States of America,US
199855519,2011-11-04,2011-11-04T00:44:22Z,Night Runner,Run,4824.3,2.997681,1420,1423,17.3,56.759,3.397394,7.894992,4.0,,,406.0,false,false,false,false,false,Baltimore,Maryland,United States of America,US
199855407,2011-11-05,2011-11-05T22:01:56Z,Amber's Shortcut ,Run,6608.5,4.106332,1951,1951,27.5,90.223,3.387237,7.918666,3.8,,,558.0,true,false,false,false,false,Baltimore,Maryland,United States of America,US
199855332,2011-11-06,2011-11-06T22:25:45Z,Day Light Savings,Run,4881.1,3.032975,1427,1430,24.7,81.037,3.420533,7.841586,3.9,,,411.0,false,false,false,false,false,Baltimore,Maryland,United States of America,US
199855265,2011-11-08,2011-11-08T12:30:21Z,Semester Hours,Run,4824.4,2.997743,1410,1435,21.9,71.85,3.42156,7.839231,4.4,,,407.0,false,false,false,false,false,Baltimore,Maryland,United States of America,US
199855162,2011-11-09,2011-11-09T12:28:00Z,Birthday Run ,Run,6443.4,4.003743,1857,1861,13.0,42.651,3.46979,7.730266,4.0,,,541.0,true,false,false,false,false,Baltimore,Maryland,United States of America,US
199855062,2011-11-11,2011-11-11T22:31:46Z,Late Run,Run,6544.3,4.066439,1928,1928,10.2,33.465,3.394346,7.902081,4.0,,,549.0,true,false,false,false,false,Baltimore,Maryland,United States of America,US
199854943,2011-11-12,2011-11-12T19:22:13Z,Downs Park Run,Run,6463.8,4.016419,1865,1874,0.0,0.0,3.465845,7.739066,4.2,,,544.0,true,false,false,false,false,Baltimore,Maryland,United States of America,US
199854891,2011-11-15,2011-11-15T12:08:41Z,LA Marathon Training Day One,Run,4874.0,3.028563,1434,1434,16.4,53.806,3.398884,7.891531,4.1,,,410.0,false,false,false,false,false,Baltimore,Maryland,United States of America,US
199854782,2011-11-17,2011-11-17T01:30:40Z,Rain Train,Run,7493.2,4.656059,2249,2263,54.2,177.822,3.331792,8.050443,9.3,,,633.0,true,false,false,false,false,Baltimore,Maryland,United States of America,US
199854701,2011-11-18,2011-11-18T02:33:59Z,Past Bedtime Run,Run,4864.8,3.022847,1437,1442,16.5,54.134,3.385386,7.922996,4.5,,,410.0,false,false,false,false,false,Baltimore,Maryland,United States of America,US
199854613,2011-11-19,2011-11-19T15:40:13Z,Lost in Riva,Run,8089.8,5.026769,2435,2435,112.0,367.454,3.3223,8.073444,4.7,,,693.0,true,false,false,false,false,Baltimore,Maryland,United States of America,US
199854527,2011-11-20,2011-11-20T15:57:16Z,Quiet Waters Park,Run,12900.1,8.015751,3960,4054,91.9,301.509,3.257601,8.233789,5.6,,,1090.0,true,true,false,false,false,Baltimore,Maryland,United States of America,US
199854462,2011-11-23,2011-11-23T10:06:48Z,Cheating,Run,6527.7,4.056125,1988,2064,51.6,169.291,3.283551,8.168717,6.2,,,557.0,true,false,false,false,false,Baltimore,Maryland,United States of America,US
199854376,2011-11-24,2011-11-24T13:03:16Z,LARS Turkey Trot,Run,4993.6,3.102879,1203,1203,35.4,116.142,4.150956,6.46174,4.9,,,420.0,false,false,false,false,false,Baltimore,Maryland,United States of America,US
199854280,2011-11-26,2011-11-26T14:17:47Z,George Fox Middle,Run,8900.1,5.530266,2672,2672,44.6,146.325,3.330876,8.052657,4.1,,,750.0,true,false,false,false,false,Baltimore,Maryland,United States of America,US
199854166,2011-11-27,2011-11-27T13:26:21Z,Nutella ,Run,14503.0,9.011746,4457,4483,0.0,0.0,3.253982,8.242945,4.2,,,1221.0,true,true,false,false,false,District 3,Maryland,United States of America,US
199854102,2011-11-29,2011-11-29T11:54:28Z,School Buses,Run,4982.8,3.096168,1447,1458,16.7,54.79,3.443538,7.789197,4.1,,,420.0,false,false,false,false,false,Baltimore,Maryland,United States of America,US
199854028,2011-11-30,2011-11-30T15:11:38Z,Short Sleeves Till X-Mas,Run,8056.5,5.006077,2373,2376,12.2,40.026,3.39507,7.900398,4.1,,,676.0,true,false,false,false,false,Baltimore,Maryland,United States of America,US
199853949,2011-12-01,2011-12-01T17:10:19Z,Monster Lunch,Run,4872.2,3.027445,1437,1444,10.4,34.121,3.390536,7.910962,4.2,,,411.0,false,false,false,false,false,Baltimore,Maryland,United States of America,US
199853905,2011-12-03,2011-12-03T14:53:58Z,Egg Nog,Run,8062.3,5.009681,2336,2339,37.6,123.36,3.451327,7.771619,4.5,,,680.0,true,false,false,false,false,Baltimore,Maryland,United States of America,US
199853777,2011-12-04,2011-12-04T15:46:56Z,Kinder Farm Park,Run,10122.7,6.289954,2935,2940,56.3,184.711,3.448961,7.776951,4.0,,,855.0,true,true,false,false,false,Baltimore,Maryland,United States of America,US
199853686,2011-12-06,2011-12-06T14:03:28Z,Hungry,Run,4861.0,3.020485,1395,1399,16.1,52.822,3.484588,7.697438,4.7,,,409.0,false,false,false,false,false,Baltimore,Maryland,United States of America,US
199853633,2011-12-08,2011-12-08T16:29:12Z,Free Lunch,Run,9660.9,6.003005,2758,2762,35.1,115.157,3.502864,7.657276,4.9,,,813.0,true,false,false,false,false,Baltimore,Maryland,United States of America,US
199853522,2011-12-10,2011-12-10T00:42:53Z,'Twas the Night,Run,10225.7,6.353955,3019,3022,35.4,116.142,3.387115,7.918952,4.0,,,861.0,true,true,false,false,false,Baltimore,Maryland,United States of America,US
199853358,2011-12-11,2011-12-11T15:25:56Z,Rocky Balboa,Run,17941.8,11.148518,5265,5370,11.5,37.73,3.407749,7.871002,10.5,,,1509.0,true,true,false,false,false,Philadelphia,Pennsylvania,United States of America,US
199853264,2011-12-14,2011-12-14T02:21:32Z,Frozen Fingers,Run,4974.5,3.091011,1470,1473,16.8,55.118,3.384014,7.926209,4.0,,,419.0,false,false,false,false,false,Baltimore,Maryland,United States of America,US
199853072,2011-12-15,2011-12-15T00:44:15Z,Procrastinator,Run,9680.5,6.015184,2904,2994,26.9,88.255,3.333506,8.046304,5.1,,,814.0,true,false,false,false,false,Baltimore,Maryland,United States of America,US
199852924,2011-12-15,2011-12-15T16:40:18Z,Last Lunch,Run,4867.7,3.024649,1371,1371,15.9,52.165,3.550474,7.554597,4.0,,,409.0,false,false,false,false,false,Baltimore,Maryland,United States of America,US
199852653,2011-12-17,2011-12-17T13:36:10Z,Celtic Solstice 2011,Run,8082.3,5.022108,1963,1967,81.8,268.373,4.11732,6.514528,5.3,,,689.0,true,false,false,false,false,Baltimore,Maryland,United States of America,US
199852473,2011-12-18,2011-12-18T17:38:39Z,Squirrel! ,Run,19392.1,12.049692,5898,6137,0.0,0.0,3.287911,8.157885,4.1,,,1632.0,true,true,false,false,false,District 3,Maryland,United States of America,US
199852386,2011-12-21,2011-12-21T00:42:46Z,Chasing Santa,Run,4877.6,3.0308,1420,1424,16.5,54.134,3.43493,7.808719,4.2,,,411.0,false,false,false,false,false,Baltimore,Maryland,United States of America,US
199852270,2011-12-22,2011-12-22T09:37:39Z,Global Warming?,Run,4722.4,2.934363,1391,1395,0.0,0.0,3.394968,7.900635,4.1,,,395.0,false,false,false,false,false,Baltimore,Maryland,United States of America,US
199852167,2011-12-24,2011-12-24T20:07:56Z,Christmas Eve,Run,9728.1,6.044761,2799,2865,46.0,150.919,3.475563,7.717427,4.7,,,826.0,true,false,false,false,false,Baltimore,Maryland,United States of America,US
199852033,2011-12-25,2011-12-25T15:47:56Z,Christmas Day,Run,14584.7,9.062512,4210,4405,91.4,299.869,3.464299,7.742518,4.6,,,1241.0,true,true,false,false,false,Baltimore,Maryland,United States of America,US
199851867,2011-12-27,2011-12-27T08:48:45Z,3AM Post-Christmas,Run,6603.0,4.102914,1927,2049,12.3,40.354,3.42657,7.82777,4.4,,,556.0,true,false,false,false,false,Baltimore,Maryland,United States of America,US
199851692,2011-12-29,2011-12-29T01:17:46Z,Garmin GTU 10,Run,11327.6,7.038644,3383,3432,39.2,128.609,3.348389,8.010539,4.1,,,952.0,true,true,false,false,false,Baltimore,Maryland,United States of America,US
199851618,2011-12-30,2011-12-30T01:53:40Z,Chocolate,Run,6504.8,4.041895,1912,1915,12.7,41.667,3.402092,7.88409,4.4,,,545.0,true,false,false,false,false,Baltimore,Maryland,United States of America,US
199851517,2011-12-31,2011-12-31T15:45:25Z,2011,Run,11343.6,7.048586,3182,3182,46.5,152.559,3.564928,7.523967,4.2,,,952.0,true,true,false,false,false,Baltimore,Maryland,United States of America,US
199851366,2012-01-01,2012-01-01T20:07:06Z,New Years Day,Run,22660.5,14.080582,6859,6934,99.9,327.756,3.303761,8.118746,4.5,,,1915.0,true,true,true,false,false,Baltimore,Maryland,United States of America,US
199851236,2012-01-04,2012-01-04T01:43:34Z,Men in Tights,Run,6487.8,4.031332,1921,1924,12.6,41.339,3.377303,7.941957,4.0,,,544.0,true,false,false,false,false,Baltimore,Maryland,United States of America,US
199851153,2012-01-05,2012-01-05T02:24:10Z,Snow Flurries,Run,11310.0,7.027708,3363,3592,28.9,94.816,3.363069,7.975573,7.9,,,948.0,true,true,false,false,false,Baltimore,Maryland,United States of America,US
199851050,2012-01-06,2012-01-06T01:31:29Z,Hazelnut,Run,6484.2,4.029095,1924,1924,26.6,87.27,3.370166,7.958776,3.9,,,545.0,true,false,false,false,false,Baltimore,Maryland,United States of America,US
199850953,2012-01-07,2012-01-07T19:05:34Z,Stop Thief!,Run,11312.5,7.029262,3261,3484,33.9,111.22,3.469028,7.731964,4.8,,,952.0,true,true,false,false,false,Baltimore,Maryland,United States of America,US
199850826,2012-01-08,2012-01-08T20:20:57Z,Podcasts,Run,24211.8,15.044515,7167,7171,213.3,699.803,3.378234,7.939771,4.3,,,2068.0,true,true,true,false,false,Baltimore,Maryland,United States of America,US
199850607,2012-01-11,2012-01-11T01:43:45Z,Fireside,Run,6463.2,4.016046,1873,1876,27.7,90.879,3.450721,7.772985,4.3,,,543.0,true,false,false,false,false,Baltimore,Maryland,United States of America,US
199850463,2012-01-13,2012-01-13T02:20:09Z,FroYo,Run,8070.5,5.014776,2408,2413,63.9,209.646,3.351537,8.003016,4.3,,,680.0,true,false,false,false,false,Baltimore,Maryland,United States of America,US
199850360,2012-01-14,2012-01-14T16:55:02Z,Hide-and-Seek,Run,6504.4,4.041647,1879,1879,12.9,42.323,3.461629,7.748492,4.6,,,545.0,true,false,false,false,false,Baltimore,Maryland,United States of America,US
199850288,2012-01-15,2012-01-15T14:24:12Z,Pasadena Half Marathon,Run,21085.3,13.101798,6265,6327,120.8,396.325,3.365571,7.969644,5.1,,,1781.0,true,true,false,false,false,Baltimore,Maryland,United States of America,US
199850147,2012-01-18,2012-01-18T00:19:54Z,HD SSC,Run,6473.5,4.022446,1909,2016,101.1,331.693,3.391042,7.90978,4.6,,,556.0,true,false,false,false,false,Atlanta,Georgia,United States of America,US
199849886,2012-01-18,2012-01-18T23:51:03Z,Hotlanta,Run,12965.4,8.056326,3806,4172,100.8,330.709,3.406569,7.87373,4.7,,,1099.0,true,true,false,false,false,Atlanta,Georgia,United States of America,US
199849586,2012-01-22,2012-01-22T17:27:31Z,Icy Trail,Run,27451.3,17.057447,8192,8225,220.6,723.753,3.350989,8.004324,4.1,,,2338.0,true,true,true,false,false,Baltimore,Maryland,United States of America,US
199849524,2012-01-25,2012-01-25T01:19:16Z,Sense of Smell,Run,8082.9,5.022481,2345,2394,27.4,89.895,3.446866,7.781678,5.7,,,679.0,true,false,false,false,false,Baltimore,Maryland,United States of America,US
199849387,2012-01-25,2012-01-25T23:14:35Z,Traffic Accident,Run,12982.8,8.067138,3894,4043,65.3,214.239,3.334052,8.044985,6.8,,,1092.0,true,true,false,false,false,Baltimore,Maryland,United States of America,US
199849301,2012-01-27,2012-01-27T00:27:40Z,Police Chase,Run,8084.0,5.023165,2377,2381,53.5,175.525,3.400926,7.886794,4.0,,,681.0,true,false,false,false,false,Baltimore,Maryland,United States of America,US
199849164,2012-01-28,2012-01-28T21:50:05Z,Pause,Run,12925.2,8.031347,3926,4235,47.8,156.824,3.292206,8.147243,4.2,,,1085.0,true,true,false,false,false,Baltimore,Maryland,United States of America,US
199849013,2012-01-29,2012-01-29T21:16:27Z,Blood & Sweat,Run,29001.3,18.020572,8805,8934,319.8,1049.213,3.293731,8.143471,5.5,,,2491.0,true,true,true,false,false,Baltimore,Maryland,United States of America,US
199848840,2012-02-01,2012-02-01T15:29:13Z,Tight Calfs,Run,8078.8,5.019934,2315,2319,27.3,89.567,3.489762,7.686025,4.3,,,678.0,true,false,false,false,false,Baltimore,Maryland,United States of America,US
199848772,2012-02-04,2012-02-04T17:50:01Z,Ghost 4 Retired,Run,12927.1,8.032528,3820,3852,71.0,232.94,3.384058,7.926106,4.6,,,1090.0,true,true,false,false,false,Baltimore,Maryland,United States of America,US
199848653,2012-02-05,2012-02-05T20:19:22Z,Super Bowl Half,Run,21099.0,13.110311,6390,6393,137.8,452.1,3.301878,8.123377,4.2,,,1781.0,true,true,true,false,false,Baltimore,Maryland,United States of America,US
4884097,2012-02-08,2012-02-08T00:25:13Z,"02/07/2012 Pasadena, MD",Run,8094.2,5.029503,2405,2405,22.9,75.131,3.365572,7.969641,3.847,,,679.0,true,false,false,false,false,Baltimore,Maryland,United States of America,US
4884099,2012-02-08,2012-02-08T14:38:57Z,"02/08/2012 Pasadena, MD",Run,8065.8,5.011856,2350,2350,11.3,37.073,3.432255,7.814803,3.939,,,674.0,true,false,false,false,false,Baltimore,Maryland,United States of America,US
4884093,2012-02-11,2012-02-11T15:02:12Z,"02/11/2012 Millersville, MD",Run,4996.3,3.104557,1200,1200,27.9,91.535,4.163583,6.442143,5.753,,,427.0,false,false,false,false,false,Baltimore,Maryland,United States of America,US
4884095,2012-02-12,2012-02-12T18:46:55Z,"02/12/2012 Glen Burnie, MD",Run,32250.3,20.039407,9788,9811,72.1,236.549,3.294881,8.140627,4.476,,,2712.0,true,true,true,false,false,Baltimore,Maryland,United States of America,US
4884087,2012-02-14,2012-02-14T21:45:40Z,"02/14/2012 Pasadena, MD",Run,8094.1,5.029441,2344,2344,12.8,41.995,3.453114,7.767597,4.061,,,676.0,true,false,false,false,false,Baltimore,Maryland,United States of America,US
4884086,2012-02-15,2012-02-15T23:55:52Z,"02/15/2012 Pasadena, MD",Run,8090.1,5.026955,2483,2483,11.9,39.042,3.258196,8.232286,3.919,,,677.0,true,false,false,false,false,Baltimore,Maryland,United States of America,US
4884092,2012-02-18,2012-02-18T23:20:48Z,"02/18/2012 Pasadena, MD",Run,12888.5,8.008543,3870,4110,24.0,78.74,3.330362,8.0539,3.95,,,1081.0,true,true,false,false,false,Baltimore,Maryland,United States of America,US
4884085,2012-02-19,2012-02-19T19:41:40Z,"02/19/2012 Pasadena, MD",Run,19368.7,12.035152,5948,5995,86.5,283.793,3.256338,8.236982,5.225,,,1627.0,true,true,false,false,false,Baltimore,Maryland,United States of America,US
4884078,2012-02-22,2012-02-22T16:29:40Z,"02/22/2012 Pasadena, MD",Run,12910.4,8.022151,3910,4006,23.4,76.772,3.301893,8.123341,5.81,,,1081.0,true,true,false,false,false,Baltimore,Maryland,United States of America,US
4884080,2012-02-24,2012-02-24T01:43:06Z,"02/23/2012 Pasadena, MD",Run,8067.8,5.013099,2425,2425,21.6,70.866,3.326928,8.062213,5.704,,,677.0,true,false,false,false,false,Baltimore,Maryland,United States of America,US
4884082,2012-02-25,2012-02-25T19:20:31Z,"02/25/2012 Pasadena, MD",Run,8176.0,5.080331,2414,2414,21.9,71.85,3.38691,7.919432,5.004,,,685.0,true,false,false,false,false,Baltimore,Maryland,United States of America,US
4884088,2012-02-26,2012-02-26T19:05:45Z,"02/26/2012 Glen Burnie, MD",Run,32258.1,20.044254,9739,9739,70.3,230.643,3.31226,8.097915,5.228,,,2713.0,true,true,true,false,false,Baltimore,Maryland,United States of America,US
4884075,2012-03-02,2012-03-02T00:48:46Z,"03/01/2012 Pasadena, MD",Run,8061.3,5.00906,2468,2532,22.5,73.819,3.266329,8.211788,4.412,,,676.0,true,false,false,false,false,Baltimore,Maryland,United States of America,US
4884074,2012-03-03,2012-03-03T19:31:41Z,"03/03/2012 Pasadena, MD",Run,6475.8,4.023876,1780,1780,0.0,0.0,3.63809,7.37266,4.982,,,543.0,true,false,false,false,false,District 3,Maryland,United States of America,US
4884077,2012-03-04,2012-03-04T20:27:20Z,"03/04/2012 Riviera Beach, MD",Run,19368.5,12.035028,5968,6114,68.7,225.394,3.245392,8.264764,4.253,,,1625.0,true,true,false,false,false,Baltimore,Maryland,United States of America,US
4884076,2012-03-07,2012-03-07T01:13:17Z,"03/06/2012 Pasadena, MD",Run,6474.8,4.023254,1959,1974,0.0,0.0,3.305156,8.115321,3.975,,,542.0,true,false,false,false,false,Baltimore,Maryland,United States of America,US
199848528,2012-03-08,2012-03-08T02:33:35Z,Late Night,Run,8083.5,5.022854,2416,2416,53.1,174.213,3.34582,8.016691,3.8,,,679.0,true,false,false,false,false,Baltimore,Maryland,United States of America,US
199848443,2012-03-09,2012-03-09T13:56:26Z,Late Morning,Run,6475.7,4.023813,1881,1884,26.3,86.286,3.44269,7.791117,3.9,,,545.0,true,false,false,false,false,Baltimore,Maryland,United States of America,US
199848351,2012-03-10,2012-03-10T20:41:56Z,Amber's Birthday Dinner,Run,4895.1,3.041674,1416,1420,26.0,85.302,3.456992,7.758885,4.1,,,412.0,false,false,false,false,false,Baltimore,Maryland,United States of America,US
199848282,2012-03-11,2012-03-11T17:39:07Z,7 Days to Marathon,Run,12923.1,8.030042,3815,3900,20.7,67.913,3.387444,7.918182,5.0,,,1085.0,true,true,false,false,false,Baltimore,Maryland,United States of America,US
199848196,2012-03-12,2012-03-12T20:11:21Z,Day Before Flight,Run,4945.2,3.072805,1423,1449,26.3,86.286,3.475193,7.718247,4.0,,,415.0,false,false,false,false,false,Baltimore,Maryland,United States of America,US
199848076,2012-03-14,2012-03-14T17:07:05Z,RUN LA,Run,6456.3,4.011759,1828,1884,14.2,46.588,3.531893,7.594342,4.7,,,540.0,true,false,false,false,false,Los Angeles,California,United States of America,US
199848008,2012-03-18,2012-03-18T14:30:49Z,LA Marathon 2012,Run,42475.6,26.393114,14168,14183,231.2,758.53,2.997995,8.946778,4.5,,,3534.0,true,true,true,true,true,Los Angeles,California,United States of America,US
199847907,2012-03-28,2012-03-28T14:21:10Z,After LA,Run,4933.5,3.065535,1417,1417,26.6,87.27,3.481651,7.70393,4.5,,,415.0,false,false,false,false,false,Baltimore,Maryland,United States of America,US
199847797,2012-04-01,2012-04-01T11:39:33Z,Cherry Blossom Ten Mile Run 2012,Run,16318.4,10.139784,4606,4610,0.0,0.0,3.542857,7.570839,5.9,,,1369.0,true,true,false,false,false,Washington,District of Columbia,United States of America,US
199847676,2012-04-03,2012-04-03T23:53:50Z,Relapse,Run,4906.1,3.048509,1425,1435,17.3,56.759,3.442877,7.790693,4.8,,,413.0,false,false,false,false,false,Baltimore,Maryland,United States of America,US
199847549,2012-04-04,2012-04-04T14:10:15Z,The Thirst,Run,9680.0,6.014873,2904,2908,23.7,77.756,3.333333,8.04672,3.9,,,814.0,true,false,false,false,false,Baltimore,Maryland,United States of America,US
199847481,2012-04-07,2012-04-07T13:51:51Z,After Spin,Run,9696.3,6.025001,2915,2915,45.2,148.294,3.326346,8.063622,4.1,,,815.0,true,false,false,false,false,Baltimore,Maryland,United States of America,US
199847251,2012-04-08,2012-04-08T13:33:12Z,Easter and O's,Run,19344.2,12.019929,6040,6043,95.6,313.648,3.202682,8.37498,3.8,,,1632.0,true,true,false,false,false,Baltimore,Maryland,United States of America,US
199847160,2012-04-10,2012-04-10T23:25:09Z,Riviera Beach Library,Run,6478.6,4.025615,1930,1934,26.3,86.286,3.356788,7.990497,4.1,,,544.0,true,false,false,false,false,Baltimore,Maryland,United States of America,US
199846934,2012-04-13,2012-04-13T00:18:45Z,Disney Planning,Run,9710.1,6.033576,2915,2915,36.6,120.079,3.331081,8.052162,4.5,,,817.0,true,false,false,false,false,Baltimore,Maryland,United States of America,US
199846816,2012-04-14,2012-04-14T13:18:01Z,Wine & Cheese,Run,9690.4,6.021335,2850,2857,23.5,77.1,3.40014,7.888616,4.5,,,813.0,true,false,false,false,false,Baltimore,Maryland,United States of America,US
199846682,2012-04-15,2012-04-15T16:12:08Z,Afternoon Sun,Run,16153.2,10.037133,5106,5800,114.8,376.64,3.163572,8.478517,5.2,,,1378.0,true,true,false,false,false,Baltimore,Maryland,United States of America,US
199846568,2012-04-18,2012-04-18T00:39:51Z,Ghost Town,Run,6482.3,4.027914,1922,1925,22.3,73.163,3.372685,7.952834,4.2,,,547.0,true,false,false,false,false,Baltimore,Maryland,United States of America,US
199846340,2012-04-18,2012-04-18T23:39:15Z,Darth Vader and Bugs,Run,9730.7,6.046377,2850,2875,35.1,115.157,3.414281,7.855945,7.1,,,819.0,true,false,false,false,false,Baltimore,Maryland,United States of America,US
199846148,2012-04-19,2012-04-19T19:18:34Z,Cook Out,Run,6500.5,4.039223,1885,1898,10.8,35.433,3.448541,7.777898,4.5,,,546.0,true,false,false,false,false,Baltimore,Maryland,United States of America,US
199845983,2012-04-21,2012-04-21T13:34:08Z,Shirt Motivation,Run,29026.1,18.035982,9072,9178,200.7,658.465,3.199526,8.383242,4.5,,,2470.0,true,true,true,false,false,Baltimore,Maryland,United States of America,US
199845862,2012-04-25,2012-04-25T00:36:36Z,Auto-Pilot,Run,6476.7,4.024435,1932,1932,52.5,172.244,3.352329,8.001124,4.1,,,546.0,true,false,false,false,false,Baltimore,Maryland,United States of America,US
199845743,2012-04-26,2012-04-26T20:28:48Z,Under Armour Factory,Run,12944.4,8.043277,3989,4002,32.2,105.643,3.245024,8.265702,5.2,,,1089.0,true,true,false,false,false,Baltimore,Maryland,United States of America,US
199845582,2012-04-28,2012-04-28T13:18:34Z,DUBSTEP,Run,9734.4,6.048676,2883,2887,33.7,110.564,3.376483,7.943888,4.0,,,816.0,true,false,false,false,false,Baltimore,Maryland,United States of America,US
199845499,2012-04-29,2012-04-29T19:00:34Z,Melted Snowcone,Run,19359.5,12.029436,5941,5941,,,3.258626,8.231198,,,,1618.0,true,true,false,false,false,,,,
199845438,2012-05-02,2012-05-02T00:02:18Z,Out of Body,Run,6469.0,4.01965,1931,1935,26.0,85.302,3.350078,8.006501,5.1,,,543.0,true,false,false,false,false,Baltimore,Maryland,United States of America,US
199845317,2012-05-02,2012-05-02T14:20:01Z,Mental Packing ,Run,9870.5,6.133244,2853,3046,25.1,82.349,3.459692,7.75283,7.1,,,830.0,true,false,false,false,false,Baltimore,Maryland,United States of America,US
199845235,2012-05-04,2012-05-04T00:26:01Z,Protein with Wings,Run,6467.5,4.018718,1971,1976,26.3,86.286,3.281329,8.174248,4.2,,,543.0,true,false,false,false,false,Baltimore,Maryland,United States of America,US
199845124,2012-05-06,2012-05-06T15:45:55Z,San Juan,Run,16265.2,10.106727,5293,5539,157.0,515.092,3.072964,8.72851,4.4,,,1389.0,true,true,false,false,false,San Juan,,Puerto Rico,PR
199845012,2012-05-07,2012-05-07T11:01:40Z,Castillo El Morro,Run,10463.3,6.501593,3183,3340,117.9,386.811,3.287245,8.159539,4.2,,,895.0,true,true,false,false,false,San Juan,,Puerto Rico,PR
199844914,2012-05-10,2012-05-10T14:14:21Z,Fortín de San Gerónimo,Run,11636.3,7.230462,3711,3884,93.0,305.118,3.135624,8.554087,6.5,,,990.0,true,true,false,false,false,San Juan,,Puerto Rico,PR
199844776,2012-05-11,2012-05-11T16:35:12Z,La Fortaleza,Run,9894.5,6.148157,3078,3169,72.3,237.205,3.214587,8.343964,4.9,,,839.0,true,false,false,false,false,San Juan,,Puerto Rico,PR
199844638,2012-05-13,2012-05-13T19:17:43Z,Reality,Run,16171.8,10.048691,4936,4943,107.8,353.675,3.276297,8.186805,4.0,,,1377.0,true,true,false,false,false,Baltimore,Maryland,United States of America,US
199844550,2012-05-18,2012-05-18T01:29:35Z,Hot Rocks,Run,5216.9,3.241631,1573,1674,21.9,71.85,3.316529,8.087492,3.9,,,438.0,true,false,false,false,false,Baltimore,Maryland,United States of America,US
199844432,2012-05-20,2012-05-20T10:33:51Z,Bob Potts Marathon 2012,Run,42279.0,26.270953,12904,12914,77.2,253.281,3.276426,8.186481,5.4,,,3552.0,true,true,true,true,true,Township of Spring Garden,Pennsylvania,United States of America,US
199844342,2012-05-27,2012-05-27T21:03:48Z,Post Potts,Run,6476.9,4.024559,2043,2043,26.4,86.614,3.170289,8.460554,3.9,,,544.0,true,false,false,false,false,Baltimore,Maryland,United States of America,US
199844265,2012-05-30,2012-05-30T12:58:18Z,Titleless ,Run,8079.3,5.020244,2464,2464,10.3,33.793,3.278937,8.180213,3.9,,,678.0,true,false,false,false,false,Baltimore,Maryland,United States of America,US
199844193,2012-06-01,2012-06-01T01:37:50Z,Bitter Path,Run,6469.3,4.019837,1950,2029,42.0,137.795,3.31759,8.084906,4.1,,,546.0,true,false,false,false,false,Baltimore,Maryland,United States of America,US
199844130,2012-06-02,2012-06-02T21:00:35Z,Theodore Roosevelt Island,Run,10046.4,6.242544,2945,3029,0.0,0.0,3.411341,7.862714,4.8,,,845.0,true,true,false,false,false,Washington,Virginia,United States of America,US
199843966,2012-06-03,2012-06-03T19:04:01Z,The Froyo House,Run,13049.0,8.108273,3931,4279,70.8,232.283,3.319512,8.080225,4.3,,,1106.0,true,true,false,false,false,Baltimore,Maryland,United States of America,US
199843895,2012-06-06,2012-06-06T00:55:07Z,Kombucha,Run,6505.0,4.04202,1890,2009,10.3,33.793,3.441799,7.793134,4.3,,,547.0,true,false,false,false,false,Baltimore,Maryland,United States of America,US
199843841,2012-06-06,2012-06-06T23:52:48Z,National Running Day 2012,Run,8142.9,5.059763,2440,2440,,,3.337254,8.037266,,,,681.0,true,false,false,false,false,,,,
199843806,2012-06-07,2012-06-07T21:14:28Z,Pre-Dinner,Run,6480.7,4.02692,1914,1982,26.3,86.286,3.385946,7.921686,4.1,,,544.0,true,false,false,false,false,Baltimore,Maryland,United States of America,US
199843734,2012-06-09,2012-06-09T15:40:19Z,Oh Thank Heaven,Run,8081.4,5.021549,2406,2824,35.2,115.486,3.358853,7.985583,5.0,,,679.0,true,false,false,false,false,Baltimore,Maryland,United States of America,US
199843625,2012-06-10,2012-06-10T22:58:58Z,Encouraging Sermon,Run,11287.7,7.013852,3379,3480,0.0,0.0,3.340545,8.02935,4.1,,,950.0,true,true,false,false,false,District 3,Maryland,United States of America,US
199843549,2012-06-12,2012-06-12T08:16:47Z,Change Up,Run,6641.3,4.126712,1965,2140,0.0,0.0,3.379796,7.936099,7.7,,,558.0,true,false,false,false,false,Baltimore,Maryland,United States of America,US
199843487,2012-06-13,2012-06-13T08:33:41Z,Chocolate Milk ,Run,8081.1,5.021363,2469,2546,35.6,116.798,3.273026,8.194987,4.1,,,679.0,true,false,false,false,false,Baltimore,Maryland,United States of America,US
199843404,2012-06-14,2012-06-14T08:33:03Z,Peanut Butter GU,Run,6482.6,4.028101,1980,2007,0.0,0.0,3.27404,8.192446,4.1,,,543.0,true,false,false,false,false,Baltimore,Maryland,United States of America,US
199843291,2012-06-17,2012-06-17T12:01:35Z,Dawson's Father's Day 10K 2012,Run,9816.6,6.099752,2474,2477,37.2,122.047,3.967906,6.759837,5.7,,,826.0,true,false,false,false,false,Baltimore,Maryland,United States of America,US
199843201,2012-06-19,2012-06-19T11:22:25Z,Rock Creek Park,Run,7295.3,4.533089,2151,2151,25.6,83.99,3.391585,7.908514,4.0,,,615.0,true,false,false,false,false,Baltimore,Maryland,United States of America,US
199843069,2012-06-20,2012-06-20T13:46:20Z,Pastore's ,Run,8271.9,5.13992,2520,3238,67.7,222.113,3.2825,8.171333,4.6,,,698.0,true,false,false,false,false,Baltimore,Maryland,United States of America,US
199842983,2012-06-21,2012-06-21T11:19:32Z,Elephants,Run,6461.8,4.015176,1927,2033,10.5,34.449,3.353295,7.998818,4.3,,,541.0,true,false,false,false,false,Baltimore,Maryland,United States of America,US
199842894,2012-06-23,2012-06-23T20:30:58Z,The White House,Run,11559.2,7.182554,3360,3726,17.3,56.759,3.440238,7.79667,9.5,,,971.0,true,true,false,false,false,Washington,Virginia,United States of America,US
199842835,2012-06-27,2012-06-27T13:21:41Z,Lake Shore Plaza,Run,9690.7,6.021522,2947,3305,67.1,220.144,3.288327,8.156853,3.9,,,818.0,true,false,false,false,false,Baltimore,Maryland,United States of America,US
199842721,2012-06-28,2012-06-28T08:53:22Z,Talking to Myself,Run,8087.3,5.025215,2343,2381,28.9,94.816,3.451686,7.770811,5.0,,,679.0,true,false,false,false,false,Baltimore,Maryland,United States of America,US
199842610,2012-06-30,2012-06-30T23:59:32Z,Moonlight 5K 2012 ,Run,4889.2,3.038008,1201,1201,31.6,103.675,4.070941,6.588747,6.0,,,411.0,false,false,false,false,false,Bel Air,Maryland,United States of America,US
199842543,2012-07-02,2012-07-02T08:42:00Z,Spitting,Run,5052.7,3.139602,1554,2022,16.1,52.822,3.251416,8.249453,5.2,,,426.0,true,false,false,false,false,Baltimore,Maryland,United States of America,US
199842464,2012-07-03,2012-07-03T08:38:55Z,Absolution,Run,6516.0,4.048855,1937,1940,10.1,33.136,3.363965,7.973448,4.5,,,547.0,true,false,false,false,false,Baltimore,Maryland,United States of America,US
199842376,2012-07-04,2012-07-04T10:42:20Z,Independence Day,Run,8085.0,5.023786,2391,2742,34.8,114.173,3.38143,7.932264,4.2,,,679.0,true,false,false,false,false,Baltimore,Maryland,United States of America,US
199842314,2012-07-05,2012-07-05T10:51:57Z,Slug,Run,6473.4,4.022384,1922,1926,0.0,0.0,3.368054,7.963768,4.3,,,542.0,true,false,false,false,false,Baltimore,Maryland,United States of America,US
199842209,2012-07-07,2012-07-07T15:08:36Z,Fahrenheit 101,Run,6460.9,4.014617,1859,2044,37.8,124.016,3.475471,7.717631,5.1,,,542.0,true,false,false,false,false,Baltimore,Maryland,United States of America,US
199842047,2012-07-08,2012-07-08T13:54:30Z,Dead End,Run,11658.0,7.243945,3605,4179,67.3,220.801,3.233842,8.294283,7.1,,,987.0,true,true,false,false,false,Baltimore,Maryland,United States of America,US
199841833,2012-07-10,2012-07-10T09:02:11Z,Team Depot (BAL),Run,6459.7,4.013871,1905,1963,23.7,77.756,3.390919,7.910069,4.5,,,549.0,true,false,false,false,false,Baltimore,Maryland,United States of America,US
199841714,2012-07-11,2012-07-11T09:39:02Z,Zapped,Run,6664.7,4.141253,2017,2390,11.2,36.745,3.304264,8.117512,4.2,,,564.0,true,false,false,false,false,Baltimore,Maryland,United States of America,US
199841620,2012-07-13,2012-07-13T09:21:37Z,Team Depot (DE),Run,6505.7,4.042455,1922,2005,40.3,132.218,3.38486,7.924228,6.8,,,547.0,true,false,false,false,false,Baltimore,Maryland,United States of America,US
199841534,2012-07-14,2012-07-14T18:40:29Z,U.S. Capitol,Run,13552.5,8.421133,3908,5373,27.2,89.239,3.467886,7.734509,9.8,,,1141.0,true,true,false,false,false,Washington,Virginia,United States of America,US
199841396,2012-07-15,2012-07-15T20:37:11Z,Pancakes,Run,8099.6,5.032858,2501,2945,42.6,139.764,3.238545,8.282239,4.1,,,683.0,true,false,false,false,false,Baltimore,Maryland,United States of America,US
199841252,2012-07-18,2012-07-18T11:44:12Z,Standby,Run,13012.5,8.085593,3984,4617,67.7,222.113,3.26619,8.212138,4.5,,,1101.0,true,true,false,false,false,Baltimore,Maryland,United States of America,US
199841146,2012-07-19,2012-07-19T09:35:33Z,Mid-Week,Run,8085.5,5.024097,2435,2559,35.9,117.782,3.320534,8.077737,4.1,,,681.0,true,false,false,false,false,Baltimore,Maryland,United States of America,US
199841041,2012-07-21,2012-07-21T12:56:46Z,John Wall Mile 2012,Run,1612.6,1.002023,357,357,0.0,0.0,4.517087,5.937986,5.9,,,135.0,false,false,false,false,false,Baltimore,Maryland,United States of America,US
199840896,2012-07-22,2012-07-22T22:09:16Z,Tall Oak,Run,16162.2,10.042725,4968,5527,135.8,445.538,3.253261,8.244774,4.2,,,1370.0,true,true,false,false,false,Baltimore,Maryland,United States of America,US
199840729,2012-07-24,2012-07-24T08:30:10Z,5 before 5,Run,8124.6,5.048392,2459,2459,12.1,39.698,3.304026,8.118096,3.9,,,681.0,true,false,false,false,false,Baltimore,Maryland,United States of America,US
199840584,2012-07-25,2012-07-25T15:41:09Z,Old Fort Smallwood,Run,8122.9,5.047336,2457,2542,52.5,172.244,3.306024,8.113191,3.9,,,687.0,true,false,false,false,false,Baltimore,Maryland,United States of America,US
199840413,2012-07-26,2012-07-26T09:17:08Z,Sleepy,Run,6518.9,4.050657,1945,2023,13.7,44.948,3.35162,8.002818,4.9,,,547.0,true,false,false,false,false,Baltimore,Maryland,United States of America,US
199840351,2012-07-28,2012-07-28T15:16:35Z,Crash,Run,9742.9,6.053957,2944,3217,46.7,153.215,3.309409,8.104891,4.5,,,826.0,true,false,false,false,false,Baltimore,Maryland,United States of America,US
199840289,2012-07-29,2012-07-29T19:37:07Z,Panang Curry,Run,16721.7,10.390383,4830,5290,107.2,351.706,3.46205,7.747549,9.8,,,1425.0,true,true,false,false,false,Baltimore,Maryland,United States of America,US
199840140,2012-08-02,2012-08-02T11:40:58Z,Stress Relief,Run,8099.9,5.033045,2438,2603,60.0,196.85,3.322354,8.073311,4.0,,,684.0,true,false,false,false,false,Baltimore,Maryland,United States of America,US
199840075,2012-08-03,2012-08-03T15:11:32Z,Fort Armistead,Run,8089.5,5.026582,2507,2595,42.7,140.092,3.226765,8.312474,3.9,,,683.0,true,false,false,false,false,Baltimore,Maryland,United States of America,US
199839887,2012-08-05,2012-08-05T12:00:32Z,Dog Days 8K 2012,Run,7689.9,4.778282,2112,2112,50.7,166.339,3.641051,7.366664,5.1,,,657.0,true,false,false,false,false,Baltimore,Maryland,United States of America,US
199839782,2012-08-07,2012-08-07T23:19:12Z,Woodrow Wilson Memorial Bridge,Run,8117.8,5.044167,2434,2599,32.1,105.315,3.335168,8.042292,4.8,,,687.0,true,false,false,false,false,Washington,Virginia,United States of America,US
199839679,2012-08-08,2012-08-08T14:38:47Z,Car Choices,Run,6492.0,4.033942,1951,2302,16.7,54.79,3.327524,8.060767,4.9,,,546.0,true,false,false,false,false,Baltimore,Maryland,United States of America,US
199839578,2012-08-12,2012-08-12T13:27:13Z,National Harbor,Run,13024.5,8.093049,3987,4640,41.8,137.139,3.266742,8.21075,4.6,,,1103.0,true,true,false,false,false,Washington,Maryland,United States of America,US
199839433,2012-08-14,2012-08-14T21:25:15Z,Fairfax Circle,Run,9855.3,6.1238,2789,3185,12.5,41.01,3.533632,7.590603,9.5,,,825.0,true,false,false,false,false,Washington,Virginia,United States of America,US
199839276,2012-08-15,2012-08-15T21:45:39Z,Alexandria,Run,8081.4,5.021549,2367,2764,11.4,37.402,3.414195,7.856141,4.8,,,680.0,true,false,false,false,false,Washington,Virginia,United States of America,US
199839088,2012-08-16,2012-08-16T22:07:36Z,Cross Country Trail,Run,8273.3,5.14079,2383,3217,23.8,78.084,3.4718,7.72579,8.3,,,697.0,true,false,false,false,false,Washington,Virginia,United States of America,US
199838965,2012-08-18,2012-08-18T19:54:27Z,Burp,Run,4715.5,2.930076,1390,2006,0.0,0.0,3.392446,7.906507,10.4,,,391.0,false,false,false,false,false,Washington,Virginia,United States of America,US
199838840,2012-08-21,2012-08-21T09:30:05Z,New Car Smell,Run,6764.4,4.203203,1935,2359,16.8,55.118,3.495814,7.67272,12.5,,,569.0,true,false,false,false,false,Baltimore,Maryland,United States of America,US
199838734,2012-08-22,2012-08-22T15:06:15Z,Sad Country Songs,Run,8111.7,5.040377,2455,2650,24.6,80.709,3.304155,8.11778,4.3,,,684.0,true,false,false,false,false,Baltimore,Maryland,United States of America,US
199838649,2012-08-24,2012-08-24T14:10:02Z,Lumberjack,Run,8265.5,5.135944,2410,2774,13.6,44.619,3.429668,7.820699,4.5,,,695.0,true,false,false,false,false,Baltimore,Maryland,United States of America,US
199838511,2012-08-26,2012-08-26T16:47:13Z,Thunderstorm Pt. 1,Run,7947.7,4.938472,2328,2917,49.9,163.714,3.41396,7.856681,5.5,,,673.0,true,false,false,false,false,Baltimore,Maryland,United States of America,US
199838338,2012-08-26,2012-08-26T18:02:43Z,Thunderstorm Pt. 2,Run,6099.8,3.79024,1722,1797,39.8,130.577,3.542276,7.57208,10.1,,,521.0,true,false,false,false,false,Baltimore,Maryland,United States of America,US
199838184,2012-08-28,2012-08-28T12:59:02Z,Two Weeks until Goofy Training,Run,6577.3,4.086945,1855,1967,10.9,35.761,3.545714,7.564738,9.2,,,550.0,true,false,false,false,false,Baltimore,Maryland,United States of America,US
199838059,2012-08-30,2012-08-30T14:56:52Z,Lunch Waffles,Run,7424.7,4.613495,2177,2770,27.2,89.239,3.410519,7.864609,4.5,,,626.0,true,false,false,false,false,Baltimore,Maryland,United States of America,US
199837919,2012-08-31,2012-08-31T13:36:02Z,Day Laborer,Run,6457.0,4.012194,1855,2216,12.9,42.323,3.480863,7.705676,5.7,,,541.0,true,false,false,false,false,Baltimore,Maryland,United States of America,US
199837619,2012-09-02,2012-09-02T16:44:02Z,Book Club,Run,19387.0,12.046523,5886,6542,147.9,485.236,3.293748,8.143428,6.0,,,1649.0,true,true,false,false,false,Baltimore,Maryland,United States of America,US
199837484,2012-09-04,2012-09-04T16:03:14Z,Never Said,Run,6469.6,4.020023,1924,2028,23.5,77.1,3.362578,7.976737,4.7,,,544.0,true,false,false,false,false,Baltimore,Maryland,United States of America,US
199837353,2012-09-05,2012-09-05T20:24:25Z,Lazy Day,Run,8100.2,5.033231,2499,2637,27.4,89.895,3.241377,8.275003,3.8,,,683.0,true,false,false,false,false,Baltimore,Maryland,United States of America,US
199837205,2012-09-06,2012-09-06T11:18:53Z,Nondescript,Run,5210.6,3.237717,1523,1563,10.7,35.105,3.421274,7.839887,4.5,,,437.0,true,false,false,false,false,Baltimore,Maryland,United States of America,US
199837075,2012-09-08,2012-09-08T18:35:45Z,Snap,Run,13140.1,8.16488,3970,5658,86.6,284.121,3.309849,8.103814,6.4,,,1110.0,true,true,false,false,false,Baltimore,Maryland,United States of America,US
199836918,2012-09-12,2012-09-12T00:19:38Z,Goofy Training Begins,Run,4848.7,3.012842,1421,1463,10.3,33.793,3.412175,7.860794,5.0,,,408.0,false,false,false,false,false,Baltimore,Maryland,United States of America,US
199836729,2012-09-12,2012-09-12T12:17:20Z,Autumn,Run,8122.3,5.046963,2397,2540,10.0,32.808,3.388527,7.915651,5.5,,,682.0,true,false,false,false,false,Baltimore,Maryland,United States of America,US
199836537,2012-09-14,2012-09-14T01:40:46Z,Weightless,Run,4891.7,3.039561,1376,1376,10.9,35.761,3.555015,7.544948,4.8,,,411.0,false,false,false,false,false,Baltimore,Maryland,United States of America,US
199836324,2012-09-15,2012-09-15T20:18:27Z,Gardener,Run,6506.3,4.042827,1910,2169,35.8,117.454,3.40644,7.874027,4.9,,,552.0,true,false,false,false,false,Baltimore,Maryland,United States of America,US
199836121,2012-09-16,2012-09-16T14:25:09Z,Ravens,Run,16312.6,10.13618,4831,5483,0.0,0.0,3.376651,7.943492,5.3,,,1370.0,true,true,false,false,false,District 3,Maryland,United States of America,US
199835904,2012-09-18,2012-09-18T09:46:07Z,Mind over Matter,Run,5004.1,3.109404,1437,1659,11.4,37.402,3.482324,7.702442,7.8,,,421.0,true,false,false,false,false,Baltimore,Maryland,United States of America,US
199835702,2012-09-19,2012-09-19T13:46:02Z,Gangnam Style,Run,8123.6,5.047771,2459,3109,48.6,159.449,3.303619,8.119095,5.1,,,685.0,true,false,false,false,false,Baltimore,Maryland,United States of America,US
199835589,2012-09-20,2012-09-20T07:32:41Z,Ante Meridiem,Run,5062.2,3.145505,1453,1484,27.1,88.911,3.483964,7.698816,4.6,,,426.0,true,false,false,false,false,Baltimore,Maryland,United States of America,US
199835294,2012-09-22,2012-09-22T14:58:34Z,Honey,Run,8922.7,5.544309,2647,2905,31.6,103.675,3.370873,7.957109,5.3,,,750.0,true,false,false,false,false,Baltimore,Maryland,United States of America,US
199835203,2012-09-23,2012-09-23T16:42:42Z,Woodland Creatures,Run,18044.1,11.212084,5208,5807,0.0,0.0,3.464689,7.741647,9.2,,,1517.0,true,true,false,false,false,District 3,Maryland,United States of America,US
199834928,2012-09-25,2012-09-25T10:10:02Z,Small Voices,Run,4902.5,3.046272,1465,1480,11.6,38.058,3.346416,8.015261,4.3,,,410.0,false,false,false,false,false,Baltimore,Maryland,United States of America,US
199834777,2012-09-26,2012-09-26T14:25:55Z,Black Bean Burger,Run,9695.9,6.024753,2927,3254,63.0,206.693,3.312573,8.097151,4.6,,,820.0,true,false,false,false,false,Baltimore,Maryland,United States of America,US
199834560,2012-09-27,2012-09-27T23:18:46Z,Late Dinner,Run,4878.2,3.031173,1453,1525,10.5,34.449,3.35733,7.989207,4.2,,,410.0,false,false,false,false,false,Baltimore,Maryland,United States of America,US
199834495,2012-09-29,2012-09-29T14:27:33Z,"Doe, a deer",Run,9743.9,6.054579,2876,2959,22.8,74.803,3.388004,7.916873,5.8,,,818.0,true,false,false,false,false,Baltimore,Maryland,United States of America,US
199834370,2012-09-30,2012-09-30T19:54:24Z,Winged Foot,Run,12982.6,8.067014,3919,4145,88.7,291.01,3.312733,8.096759,4.5,,,1099.0,true,true,false,false,false,Baltimore,Maryland,United States of America,US
199834227,2012-10-02,2012-10-02T08:56:46Z,Run Run Run,Run,5217.8,3.242191,1517,1517,13.8,45.276,3.439552,7.798225,3.9,,,439.0,true,false,false,false,false,Baltimore,Maryland,United States of America,US
199834034,2012-10-03,2012-10-03T21:11:09Z,Brandon Woods,Run,10048.7,6.243973,3081,3283,31.5,103.346,3.261506,8.223931,4.4,,,845.0,true,true,false,false,false,Baltimore,Maryland,United States of America,US
199833868,2012-10-05,2012-10-05T09:02:15Z,Pumpkin Weekend,Run,4867.5,3.024524,1384,1387,10.5,34.449,3.51698,7.626544,4.1,,,409.0,false,false,false,false,false,Baltimore,Maryland,United States of America,US
199833725,2012-10-07,2012-10-07T12:02:16Z,Metric Marathon 2012,Run,26089.7,16.211388,6967,6974,166.9,547.572,3.744754,7.16266,4.4,,,2205.0,true,true,true,false,false,District 7,Maryland,United States of America,US
199833389,2012-10-11,2012-10-11T17:47:18Z,Aimless Tourist,Run,16494.1,10.248959,4866,5688,11.5,37.73,3.389663,7.912999,8.4,,,1386.0,true,true,false,false,false,Washington,Virginia,United States of America,US
199833205,2012-10-12,2012-10-12T17:31:39Z,Twilight Zone,Run,8796.0,5.465581,2402,3176,42.7,140.092,3.661948,7.324625,11.6,,,740.0,true,false,false,false,false,Baltimore,Maryland,United States of America,US
199833077,2012-10-14,2012-10-14T15:43:03Z,Hangover 5K 2012,Run,5053.9,3.140348,1276,1276,0.0,0.0,3.960737,6.772074,6.0,,,424.0,true,false,false,false,false,Salisbury,Maryland,United States of America,US
199832930,2012-10-16,2012-10-16T22:59:01Z,Quinoa,Run,4890.4,3.038754,1416,1741,10.2,33.465,3.453672,7.766342,6.1,,,411.0,false,false,false,false,false,Baltimore,Maryland,United States of America,US
199832744,2012-10-17,2012-10-17T15:31:28Z,Reptiles ,Run,11894.6,7.390962,3472,3871,89.3,292.979,3.425864,7.829382,4.7,,,1004.0,true,true,false,false,false,Baltimore,Maryland,United States of America,US
199832552,2012-10-18,2012-10-18T12:34:35Z,Tick Neck,Run,5144.3,3.19652,1491,1524,0.0,0.0,3.450235,7.77408,4.0,,,431.0,true,false,false,false,false,Baltimore,Maryland,United States of America,US
199832422,2012-10-20,2012-10-20T12:36:17Z,Pasadena Running Festival 5K 2012,Run,4971.9,3.089395,1202,1202,0.0,0.0,4.136356,6.484548,5.9,,,417.0,false,false,false,false,false,Baltimore,Maryland,United States of America,US
199832253,2012-10-21,2012-10-21T14:37:13Z,Beachwood Park ,Run,16248.7,10.096474,4839,5510,62.7,205.709,3.357863,7.987937,5.0,,,1370.0,true,true,false,false,false,Baltimore,Maryland,United States of America,US
199832168,2012-10-23,2012-10-23T15:41:30Z,Work Work Work ,Run,6452.5,4.009398,1855,2241,0.0,0.0,3.478437,7.71105,4.6,,,541.0,true,false,false,false,false,Baltimore,Maryland,United States of America,US
199831986,2012-10-25,2012-10-25T21:04:32Z,Wakefield Park,Run,13744.2,8.54025,3996,4731,55.6,182.415,3.439489,7.798367,5.5,,,1159.0,true,true,false,false,false,Washington,Virginia,United States of America,US
199831816,2012-10-27,2012-10-27T19:07:30Z,Hurricane Sandy,Run,12999.7,8.077639,3674,3956,0.0,0.0,3.538296,7.580598,9.6,,,1093.0,true,true,false,false,false,District 3,Maryland,United States of America,US
199831640,2012-10-28,2012-10-28T11:38:12Z,Hurricane Half Marathon,Run,21599.9,13.421556,6162,7147,105.4,345.801,3.505339,7.65187,9.5,,,1818.0,true,true,true,false,false,Baltimore,Maryland,United States of America,US
199831524,2012-11-01,2012-11-01T08:46:15Z,Flight to MO,Run,6473.1,4.022198,1894,1967,12.7,41.667,3.417687,7.848114,5.1,,,542.0,true,false,false,false,false,Baltimore,Maryland,United States of America,US
199831341,2012-11-02,2012-11-02T20:24:35Z,"West Plains, MO 2012",Run,13034.0,8.098952,3790,4184,92.6,303.806,3.43905,7.799363,4.4,,,1102.0,true,true,false,false,false,Township of Howell,Missouri,United States of America,US
199831133,2012-11-04,2012-11-04T22:39:23Z,Ozarks Mountain,Run,13153.0,8.172895,3834,3872,81.8,268.373,3.430621,7.818527,4.0,,,1111.0,true,true,false,false,false,Township of Howell,Missouri,United States of America,US
199830958,2012-11-05,2012-11-05T15:26:24Z,West Plains Long Run 2012,Run,27517.7,17.098706,8041,10616,155.9,511.483,3.422174,7.837825,4.4,,,2318.0,true,true,true,false,false,Township of Howell,Missouri,United States of America,US
199830639,2012-11-08,2012-11-08T21:17:10Z,Over Rivers and Through Woods,Run,14945.4,9.286641,4324,4931,80.3,263.451,3.456383,7.760251,8.0,,,1263.0,true,true,false,false,false,Washington,Virginia,United States of America,US
199830514,2012-11-09,2012-11-09T10:49:46Z,29th Birthday,Run,6488.1,4.031518,1882,2135,34.4,112.861,3.44745,7.78036,4.6,,,549.0,true,false,false,false,false,Baltimore,Maryland,United States of America,US
199830322,2012-11-11,2012-11-11T15:39:06Z,Half Marathon Time Margin,Run,21114.8,13.120128,5946,6436,62.9,206.365,3.551093,7.55328,4.1,,,1779.0,true,true,true,false,false,Baltimore,Maryland,United States of America,US
199830082,2012-11-14,2012-11-14T00:15:09Z,Pitch Black,Run,6524.0,4.053826,1928,2115,10.2,33.465,3.383817,7.926669,4.1,,,551.0,true,false,false,false,false,Baltimore,Maryland,United States of America,US
199829570,2012-11-14,2012-11-14T21:35:18Z,Psalm 42:1,Run,14561.4,9.048034,4242,4660,11.4,37.402,3.432673,7.813852,5.5,,,1220.0,true,true,false,false,false,Washington,Virginia,United States of America,US
199829415,2012-11-15,2012-11-15T13:57:44Z,Alone With My Thoughts,Run,6927.3,4.304425,2040,2259,13.2,43.307,3.395735,7.898849,4.3,,,581.0,true,false,false,false,false,Baltimore,Maryland,United States of America,US
199829083,2012-11-17,2012-11-17T16:33:44Z,No Fear Deer,Run,14970.4,9.302175,4374,4606,0.0,0.0,3.422588,7.836877,4.1,,,1258.0,true,true,false,false,false,District 3,Maryland,United States of America,US
199828842,2012-11-18,2012-11-18T16:05:15Z,Noah,Run,30673.3,19.059505,9467,9924,282.2,925.853,3.240023,8.278459,4.5,,,2628.0,true,true,true,false,false,Baltimore,Maryland,United States of America,US
199828766,2012-11-21,2012-11-21T12:38:07Z,Thanksgiving Eve 2012,Run,6473.6,4.022509,1848,1848,10.7,35.105,3.50303,7.656913,4.4,,,543.0,true,false,false,false,false,Baltimore,Maryland,United States of America,US
199828598,2012-11-22,2012-11-22T13:05:51Z,Gobble Cobble Turkey Trot 2012,Run,6037.4,3.751466,1430,1430,0.0,0.0,4.221958,6.353071,6.6,,,506.0,true,false,false,false,false,Baltimore,Maryland,United States of America,US
199828247,2012-11-24,2012-11-24T20:34:58Z,Closing Time,Run,14146.0,8.789917,4097,4714,85.8,281.496,3.45277,7.768371,4.5,,,1197.0,true,true,false,false,false,Baltimore,Maryland,United States of America,US
199828088,2012-11-25,2012-11-25T16:05:08Z,Early Xmas Presents,Run,32278.5,20.05693,9709,9964,270.0,885.827,3.324596,8.067868,4.2,,,2755.0,true,true,true,false,false,Baltimore,Maryland,United States of America,US
199827875,2012-11-28,2012-11-28T09:27:23Z,DC Before Dawn,Run,14652.8,9.104828,4367,4661,41.0,134.514,3.355347,7.993927,5.3,,,1236.0,true,true,false,false,false,Washington,Virginia,United States of America,US
199827657,2012-11-29,2012-11-29T14:38:20Z,Stressful Week,Run,8313.4,5.165707,2507,2507,36.5,119.751,3.316075,8.088599,3.9,,,702.0,true,false,false,false,false,Baltimore,Maryland,United States of America,US
199827390,2012-12-01,2012-12-01T21:54:17Z,Christmas Tree,Run,11344.9,7.049394,3343,3665,38.1,125.0,3.393628,7.903753,4.2,,,957.0,true,true,false,false,false,Baltimore,Maryland,United States of America,US
199827151,2012-12-02,2012-12-02T15:36:44Z,Socks & Underwear,Run,21096.8,13.108944,6444,6650,37.1,121.719,3.273867,8.19288,4.0,,,1776.0,true,true,false,false,false,Baltimore,Maryland,United States of America,US
199826950,2012-12-04,2012-12-04T21:46:23Z,FDR & MLK,Run,16236.6,10.088955,4758,4931,23.0,75.459,3.412484,7.86008,7.5,,,1364.0,true,true,false,false,false,Washington,Virginia,United States of America,US
199825938,2012-12-06,2012-12-06T22:05:02Z,Korean War Veterans Memorial,Run,17924.6,11.13783,5270,5859,32.8,107.612,3.401252,7.886036,8.4,,,1509.0,true,true,false,false,false,Washington,Virginia,United States of America,US
199825762,2012-12-08,2012-12-08T00:07:53Z,IBTLALLC,Run,8839.6,5.492673,2670,2784,22.7,74.475,3.310712,8.101702,4.3,,,745.0,true,false,false,false,false,Baltimore,Maryland,United States of America,US
199825537,2012-12-09,2012-12-09T15:02:26Z,Anniversary 15K 2012,Run,14552.9,9.042753,3754,3754,120.2,394.357,3.876638,6.918985,5.3,,,1238.0,true,true,false,false,false,Baltimore,Maryland,United States of America,US
199825379,2012-12-11,2012-12-11T21:23:16Z,Proverbs 3:5-6,Run,8258.9,5.131843,2379,2565,10.8,35.433,3.471585,7.72627,11.4,,,692.0,true,false,false,false,false,Washington,Virginia,United States of America,US
199825157,2012-12-12,2012-12-12T14:41:48Z,Happy Thoughts,Run,9843.5,6.116467,3024,3098,39.1,128.281,3.255126,8.240051,3.9,,,828.0,true,false,false,false,false,Baltimore,Maryland,United States of America,US
199824991,2012-12-13,2012-12-13T21:24:02Z,Falafel ,Run,8169.3,5.076168,2397,2617,10.3,33.793,3.408135,7.87011,4.9,,,687.0,true,false,false,false,false,Washington,Virginia,United States of America,US
199824805,2012-12-15,2012-12-15T22:36:22Z,Paint Roller ,Run,8873.6,5.513799,2644,2923,23.6,77.428,3.356127,7.992069,4.6,,,745.0,true,false,false,false,false,Baltimore,Maryland,United States of America,US
199824607,2012-12-19,2012-12-19T15:03:23Z,Ankle Test,Run,8529.4,5.299923,2592,2704,23.3,76.444,3.290664,8.151061,4.3,,,716.0,true,false,false,false,false,Baltimore,Maryland,United States of America,US
199824452,2012-12-20,2012-12-20T11:33:07Z,Momentum,Run,8106.1,5.036897,2463,2471,0.0,0.0,3.291149,8.149859,4.8,,,683.0,true,false,false,false,false,Baltimore,Maryland,United States of America,US
199824296,2012-12-23,2012-12-23T16:08:10Z,Christmas Sermons,Run,32379.7,20.119813,9837,10018,265.1,869.751,3.291623,8.148684,4.4,,,2755.0,true,true,true,false,false,Baltimore,Maryland,United States of America,US
199824039,2012-12-26,2012-12-26T10:42:03Z,Post-Christmas 2012,Run,8125.4,5.048889,2474,2474,37.2,122.047,3.284317,8.166812,4.7,,,683.0,true,false,false,false,false,Baltimore,Maryland,United States of America,US
199823938,2012-12-27,2012-12-27T11:06:49Z,Habits,Run,8131.5,5.05268,2488,2569,35.5,116.47,3.268288,8.206866,3.9,,,683.0,true,false,false,false,false,Baltimore,Maryland,United States of America,US
199823787,2012-12-29,2012-12-29T15:31:57Z,Elephant Fly,Run,6520.2,4.051464,1963,1977,10.3,33.793,3.321549,8.075269,4.4,,,547.0,true,false,false,false,false,Baltimore,Maryland,United States of America,US
199823629,2012-12-30,2012-12-30T13:30:40Z,Swedish Meatballs,Run,19428.1,12.072062,5908,6199,81.5,267.388,3.288439,8.156574,4.1,,,1636.0,true,true,false,false,false,Baltimore,Maryland,United States of America,US
199823437,2013-01-01,2013-01-01T12:48:38Z,Two Thousand and Thirteen,Run,6487.4,4.031083,1865,1865,29.1,95.472,3.478499,7.710913,4.1,,,546.0,true,false,false,false,false,Baltimore,Maryland,United States of America,US
199823294,2013-01-02,2013-01-02T21:28:00Z,Traffic,Run,9759.4,6.06421,2815,2899,12.9,42.323,3.466927,7.736649,4.8,,,817.0,true,false,false,false,false,Washington,Virginia,United States of America,US
199823175,2013-01-04,2013-01-04T11:33:42Z,Difficult Question,Run,6492.1,4.034004,1958,1958,0.0,0.0,3.315679,8.089564,4.3,,,544.0,true,false,false,false,false,Baltimore,Maryland,United States of America,US
199823000,2013-01-05,2013-01-05T15:19:32Z,Mickey & Donald,Run,12962.0,8.054213,3785,4043,0.0,0.0,3.424571,7.832339,4.3,,,1090.0,true,true,false,false,false,District 3,Maryland,United States of America,US
199822870,2013-01-06,2013-01-06T16:28:00Z,Last Run Before Disney!,Run,6493.7,4.034998,1860,1899,10.4,34.121,3.491237,7.682779,4.2,,,545.0,true,false,false,false,false,Baltimore,Maryland,United States of America,US
199822705,2013-01-12,2013-01-12T10:41:58Z,Disney World Half Marathon 2013,Run,21582.4,13.410682,8245,8705,0.0,0.0,2.617635,10.246807,3.7,,,1805.0,true,true,true,false,false,Southwest Orange,Florida,United States of America,US
199822503,2013-01-13,2013-01-13T10:34:53Z,Disney World Marathon 2013,Run,42619.5,26.48253,12928,12978,0.0,0.0,3.296682,8.136181,6.6,,,3564.0,true,true,true,true,true,Southwest Orange,Florida,United States of America,US
199822313,2013-01-19,2013-01-19T12:39:50Z,Already?,Run,5422.7,3.36951,1631,1631,28.6,93.832,3.32477,8.067445,4.5,,,456.0,true,false,false,false,false,Baltimore,Maryland,United States of America,US
199822153,2013-01-20,2013-01-20T21:31:29Z,Marriage Podcast,Run,8133.3,5.053798,2442,2801,66.2,217.192,3.33059,8.053349,4.2,,,692.0,true,false,false,false,false,Baltimore,Maryland,United States of America,US
199822040,2013-01-23,2013-01-23T14:50:06Z,Bitter Cold,Run,8139.3,5.057527,2437,2504,48.5,159.121,3.339885,8.030935,4.1,,,689.0,true,false,false,false,false,Baltimore,Maryland,United States of America,US
199821929,2013-01-26,2013-01-26T21:29:24Z,Life is a Marathon,Run,8209.7,5.101271,2484,2556,39.4,129.265,3.305032,8.115624,3.7,,,691.0,true,false,false,false,false,Baltimore,Maryland,United States of America,US
199821777,2013-01-27,2013-01-27T20:26:28Z,Wedding Venues,Run,16116.1,10.01408,4660,4668,97.2,318.898,3.458391,7.755746,4.6,,,1375.0,true,true,false,false,false,Baltimore,Maryland,United States of America,US
199821649,2013-01-28,2013-01-28T22:52:14Z,Crack the Whip,Run,4868.3,3.025021,1468,1596,11.3,37.073,3.316281,8.088097,3.8,,,411.0,false,false,false,false,false,Baltimore,Maryland,United States of America,US
199821491,2013-01-29,2013-01-29T21:53:30Z,Rocks & Mud,Run,10129.3,6.294055,2983,3482,10.8,35.433,3.395675,7.898988,7.6,,,851.0,true,true,false,false,false,Washington,Virginia,United States of America,US
199821372,2013-01-30,2013-01-30T12:06:08Z,School Busses,Run,4922.1,3.058451,1403,1460,10.3,33.793,3.508268,7.645482,4.9,,,415.0,false,false,false,false,false,Baltimore,Maryland,United States of America,US
199821305,2013-02-01,2013-02-01T00:04:07Z,First 800s,Run,1618.7,1.005814,368,518,0.0,0.0,4.398641,6.097883,5.7,,,138.0,false,false,false,false,false,Baltimore,Maryland,United States of America,US
199821213,2013-02-02,2013-02-02T14:07:44Z,Bridal Show,Run,9746.0,6.055884,2539,2790,50.7,166.339,3.838519,6.987695,4.7,,,821.0,true,false,false,false,false,Baltimore,Maryland,United States of America,US
199820977,2013-02-03,2013-02-03T15:16:49Z,Super Bowl XLVII,Run,12982.6,8.067014,3921,4610,90.3,296.26,3.311043,8.100891,4.0,,,1096.0,true,true,false,false,false,Baltimore,Maryland,United States of America,US
199820876,2013-02-04,2013-02-04T22:30:46Z,Furniture Shopping,Run,4938.5,3.068642,1432,1432,0.0,0.0,3.448673,7.7776,4.9,,,413.0,false,false,false,false,false,Baltimore,Maryland,United States of America,US
199820690,2013-02-05,2013-02-05T21:54:18Z,Nature,Run,9996.7,6.211661,2857,3175,14.2,46.588,3.49902,7.665689,7.5,,,837.0,true,false,false,false,false,Washington,Virginia,United States of America,US
199820567,2013-02-06,2013-02-06T13:21:23Z,Carpet,Run,4905.8,3.048323,1390,1437,11.0,36.089,3.529353,7.599808,4.8,,,414.0,false,false,false,false,false,Baltimore,Maryland,United States of America,US
199820420,2013-02-09,2013-02-09T13:56:51Z,VDay Weekend 2013,Run,9764.7,6.067503,2600,2722,74.3,243.766,3.755654,7.141872,4.9,,,827.0,true,false,false,false,false,Baltimore,Maryland,United States of America,US
199820209,2013-02-10,2013-02-10T20:54:52Z,Home Cooked Meal,Run,21079.7,13.098318,6366,7213,114.4,375.328,3.311294,8.100276,4.5,,,1784.0,true,true,false,false,false,Baltimore,Maryland,United States of America,US
199820085,2013-02-11,2013-02-11T22:55:04Z,Sweetest Day,Run,4901.6,3.045713,1447,1511,10.4,34.121,3.387422,7.918233,4.3,,,412.0,false,false,false,false,false,Baltimore,Maryland,United States of America,US
199819923,2013-02-12,2013-02-12T21:45:14Z,Afternoon Run,Run,11430.4,7.102521,3350,3825,30.6,100.394,3.41206,7.861058,4.8,,,966.0,true,true,false,false,false,Washington,Virginia,United States of America,US
199819727,2013-02-13,2013-02-13T13:22:42Z,Blank,Run,4994.8,3.103625,1419,1501,11.2,36.745,3.519944,7.620122,4.9,,,421.0,false,false,false,false,false,Baltimore,Maryland,United States of America,US
199819588,2013-02-15,2013-02-15T22:52:44Z,Make Up VDay,Run,8376.2,5.204729,2274,2343,49.9,163.714,3.683465,7.281839,4.9,,,706.0,true,false,false,false,false,Baltimore,Maryland,United States of America,US
199819436,2013-02-16,2013-02-16T18:48:19Z,Wedding Registries,Run,11440.4,7.108735,3304,3561,33.9,111.22,3.462591,7.746338,4.2,,,964.0,true,true,false,false,false,Baltimore,Maryland,United States of America,US
199819315,2013-02-17,2013-02-17T12:33:31Z,Emma's Birthday,Run,22638.5,14.066912,6536,6677,137.9,452.428,3.463663,7.743941,4.5,,,1921.0,true,true,true,false,false,Baltimore,Maryland,United States of America,US
199819108,2013-02-19,2013-02-19T00:22:52Z,President's Day 2013,Run,4913.2,3.052921,1400,1502,11.4,37.402,3.509429,7.642954,4.8,,,415.0,false,false,false,false,false,Baltimore,Maryland,United States of America,US
199818929,2013-02-19,2013-02-19T21:39:18Z, Exorcist Steps,Run,11519.6,7.157948,3287,3823,103.9,340.879,3.504594,7.653497,9.1,,,984.0,true,true,false,false,false,Washington,Virginia,United States of America,US
199818742,2013-02-20,2013-02-20T13:12:19Z,Hot Breakfast,Run,4935.2,3.066591,1417,1452,10.9,35.761,3.482851,7.701277,4.7,,,416.0,false,false,false,false,false,Baltimore,Maryland,United States of America,US
199818614,2013-02-21,2013-02-21T23:41:31Z,Hills!,Run,4080.6,2.535567,1227,1812,0.0,0.0,3.325672,8.065256,6.4,,,340.0,false,false,false,false,false,Baltimore,Maryland,United States of America,US
199818457,2013-02-23,2013-02-23T15:27:08Z,American Flag,Run,11361.7,7.059833,3116,3305,20.7,67.913,3.646245,7.35617,5.3,,,956.0,true,true,false,false,false,Baltimore,Maryland,United States of America,US
199818272,2013-02-24,2013-02-24T20:26:54Z,Engagement Photo Scout,Run,16207.2,10.070687,4784,5217,0.0,0.0,3.387793,7.917368,4.6,,,1363.0,true,true,false,false,false,District 3,Maryland,United States of America,US
199818156,2013-02-25,2013-02-25T22:44:40Z,Fort Northeast,Run,4937.9,3.068269,1430,1529,22.1,72.507,3.453077,7.767681,5.3,,,416.0,false,false,false,false,false,Baltimore,Maryland,United States of America,US
199817961,2013-02-27,2013-02-27T21:48:11Z,Crab Cakes,Run,13876.3,8.622333,4009,4609,51.4,168.635,3.461287,7.749256,7.0,,,1173.0,true,true,false,false,false,Washington,Virginia,United States of America,US
199817771,2013-03-01,2013-03-01T22:22:37Z,Build-A-Bar,Run,6421.5,3.990135,1810,2391,0.0,0.0,3.54779,7.560312,8.8,,,531.0,true,false,false,false,false,Washington,Virginia,United States of America,US
199817604,2013-03-02,2013-03-02T16:05:04Z,Ubuntu on Touchpad,Run,12955.6,8.050237,3405,3925,20.7,67.913,3.804875,7.049482,5.1,,,1089.0,true,true,false,false,false,Baltimore,Maryland,United States of America,US
199817329,2013-03-03,2013-03-03T19:12:01Z,Goats,Run,25907.2,16.097988,7907,8484,131.0,429.79,3.276489,8.186323,4.9,,,2194.0,true,true,true,false,false,Baltimore,Maryland,United States of America,US
199817161,2013-03-05,2013-03-05T20:24:14Z,Snowquester,Run,14351.9,8.917857,4103,5169,65.9,216.207,3.497904,7.668135,9.4,,,1213.0,true,true,false,false,false,Washington,Virginia,United States of America,US
199816978,2013-03-07,2013-03-07T22:01:28Z,Pentagon,Run,10000.3,6.213898,2702,2841,31.1,102.034,3.701073,7.247195,8.0,,,847.0,true,true,false,false,false,Washington,Virginia,United States of America,US
199816828,2013-03-08,2013-03-08T23:05:52Z,Chicken Meatballs,Run,6537.3,4.06209,1945,2145,40.5,132.874,3.36108,7.980293,4.4,,,551.0,true,false,false,false,false,Baltimore,Maryland,United States of America,US
199816690,2013-03-09,2013-03-09T15:46:17Z,Past Marley Station,Run,13142.5,8.166371,3772,4478,35.3,115.814,3.484226,7.698238,4.8,,,1103.0,true,true,false,false,false,Baltimore,Maryland,United States of America,US
199816595,2013-03-10,2013-03-10T16:50:59Z,Battle Cry,Run,28246.3,17.551437,8439,9750,94.7,310.696,3.347115,8.013589,4.5,,,2377.0,true,true,true,false,false,Baltimore,Maryland,United States of America,US
199816483,2013-03-11,2013-03-11T22:09:40Z,Studying Dirty,Run,4932.3,3.064789,1399,1399,10.5,34.449,3.52559,7.607919,4.8,,,416.0,false,false,false,false,false,Baltimore,Maryland,United States of America,US
199816335,2013-03-12,2013-03-12T20:30:22Z,Capital Crescent Trail,Run,14554.3,9.043623,4282,4653,41.8,137.139,3.398949,7.89138,9.0,,,1231.0,true,true,false,false,false,Washington,Virginia,United States of America,US
199816198,2013-03-14,2013-03-14T11:25:35Z,Man of God,Run,4927.8,3.061993,1465,1517,10.8,35.433,3.363686,7.974109,5.0,,,415.0,false,false,false,false,false,Baltimore,Maryland,United States of America,US
199816043,2013-03-16,2013-03-16T12:04:55Z,B&A Trail Half Marathon 2013,Run,21319.5,13.247323,5273,5273,59.7,195.866,4.043144,6.634045,5.7,,,1794.0,true,true,true,false,false,Baltimore,Maryland,United States of America,US
199815921,2013-03-19,2013-03-19T20:16:57Z,Run/Study,Run,14573.1,9.055305,4514,5486,43.9,144.029,3.228423,8.308206,4.9,,,1226.0,true,true,false,false,false,Baltimore,Maryland,United States of America,US
199815752,2013-03-23,2013-03-23T19:10:43Z,RoFo,Run,14596.1,9.069596,4067,4634,33.5,109.908,3.588911,7.473688,5.5,,,1228.0,true,true,false,false,false,Baltimore,Maryland,United States of America,US
199815548,2013-03-24,2013-03-24T14:06:49Z,Kinder Hills,Run,30747.4,19.105549,9189,9450,144.8,475.066,3.346109,8.015996,4.4,,,2588.0,true,true,true,false,false,Baltimore,Maryland,United States of America,US
199815396,2013-03-26,2013-03-26T20:36:10Z,Coast to Coast AM,Run,17296.8,10.747733,5160,6263,67.5,221.457,3.352093,8.001687,10.5,,,1460.0,true,true,false,false,false,Washington,Virginia,United States of America,US
199815213,2013-03-27,2013-03-27T14:53:10Z,Pain in my Butt,Run,8142.9,5.059763,2400,2490,38.8,127.297,3.392875,7.905508,5.0,,,690.0,true,false,false,false,false,Baltimore,Maryland,United States of America,US
199815057,2013-03-29,2013-03-29T20:53:52Z,HD to HD,Run,17061.7,10.601649,4837,5670,23.5,77.1,3.527331,7.604163,10.8,,,1430.0,true,true,false,false,false,Washington,Virginia,United States of America,US
199814887,2013-03-30,2013-03-30T14:58:37Z,Long Spring Miles,Run,32437.2,20.155542,10099,10111,290.8,954.068,3.211922,8.350888,4.6,,,2782.0,true,true,true,false,false,Baltimore,Maryland,United States of America,US
199814769,2013-04-01,2013-04-01T21:58:45Z,Peanut Butter Balls,Run,6536.4,4.061531,1900,2047,35.7,117.126,3.440211,7.796732,4.0,,,556.0,true,false,false,false,false,Baltimore,Maryland,United States of America,US
199814600,2013-04-02,2013-04-02T21:06:24Z,Glen Echo Park,Run,10194.1,6.33432,3067,3350,33.2,108.924,3.323802,8.069795,4.4,,,850.0,true,true,false,false,false,Washington,Maryland,United States of America,US
199814446,2013-04-03,2013-04-03T14:07:31Z,Utinni!,Run,8869.0,5.510941,2567,2579,11.1,36.417,3.455006,7.763344,4.8,,,744.0,true,false,false,false,false,Baltimore,Maryland,United States of America,US
199814324,2013-04-04,2013-04-04T21:03:04Z,Hills Before Dinner,Run,4916.3,3.054847,1319,1319,0.0,0.0,3.727293,7.196214,9.9,,,411.0,false,false,false,false,false,Baltimore,Maryland,United States of America,US
199814142,2013-04-06,2013-04-06T19:51:47Z,Tourist Trap,Run,9732.4,6.047433,2546,2872,36.2,118.766,3.822624,7.016751,5.3,,,822.0,true,false,false,false,false,Washington,Virginia,United States of America,US
199813906,2013-04-07,2013-04-07T15:12:58Z,Meet The Parents,Run,19441.4,12.080326,5924,6347,134.1,439.961,3.281803,8.173069,6.2,,,1654.0,true,true,false,false,false,Baltimore,Maryland,United States of America,US
199813764,2013-04-08,2013-04-08T22:15:40Z,Regretful Dread,Run,6521.3,4.052148,1913,2290,26.8,87.927,3.408939,7.868255,5.3,,,553.0,true,false,false,false,false,Baltimore,Maryland,United States of America,US
199813593,2013-04-09,2013-04-09T20:51:12Z,Chesapeake and Ohio Canal,Run,17296.9,10.747795,5137,5904,121.6,398.95,3.367121,7.965975,7.2,,,1476.0,true,true,false,false,false,Washington,Virginia,United States of America,US
199813412,2013-04-10,2013-04-10T14:38:50Z,Kojo Nnamdi,Run,8150.4,5.064424,2484,2620,37.2,122.047,3.281159,8.174671,3.8,,,686.0,true,false,false,false,false,Baltimore,Maryland,United States of America,US
199813281,2013-04-11,2013-04-11T22:16:19Z,7x800s E. Landing,Run,5471.4,3.39977,1028,1489,41.9,137.467,5.322374,5.039556,8.9,,,459.0,true,false,false,false,false,Baltimore,Maryland,United States of America,US
199813059,2013-04-13,2013-04-13T12:33:38Z,Course Change Aggression,Run,16121.9,10.017684,4178,4204,37.3,122.375,3.85876,6.951041,5.7,,,1359.0,true,true,false,false,false,Baltimore,Maryland,United States of America,US
199812893,2013-04-14,2013-04-14T16:26:07Z,Enemy at the Gates,Run,32571.7,20.239116,10404,11118,146.8,481.627,3.13069,8.567568,4.2,,,2742.0,true,true,true,false,false,Baltimore,Maryland,United States of America,US
199812634,2013-04-15,2013-04-15T22:06:41Z,Boston Explosion ,Run,8132.2,5.053115,2402,2635,37.1,121.719,3.385595,7.922506,5.4,,,684.0,true,false,false,false,false,Baltimore,Maryland,United States of America,US
199812372,2013-04-16,2013-04-16T21:21:05Z,C&O/CCT,Run,16588.8,10.307802,4962,5711,87.6,287.402,3.343168,8.023049,6.6,,,1410.0,true,true,false,false,false,Washington,District of Columbia,United States of America,US
199811989,2013-04-17,2013-04-17T23:08:40Z,Midwestern,Run,8252.6,5.127928,2398,2476,21.0,68.898,3.441451,7.793921,5.1,,,694.0,true,false,false,false,false,Baltimore,Maryland,United States of America,US
199811858,2013-04-20,2013-04-20T14:07:30Z,Ozarks Medical Center 5K,Run,5012.0,3.114312,1137,1137,26.9,88.255,4.408091,6.08481,6.3,,,422.0,true,false,false,false,false,Township of Howell,Missouri,United States of America,US
199811731,2013-04-21,2013-04-21T20:15:10Z,"Church, Creek and Crawads",Run,16425.1,10.206084,5097,5555,137.9,452.428,3.222503,8.323467,4.2,,,1388.0,true,true,false,false,false,Township of Howell,Missouri,United States of America,US
199811561,2013-04-22,2013-04-22T20:16:37Z,Great-Grandparents ,Run,32371.3,20.114593,10005,10470,269.3,883.53,3.235512,8.290001,4.2,,,2737.0,true,true,true,false,false,Township of Howell,Missouri,United States of America,US
199811427,2013-04-24,2013-04-24T22:34:23Z,Leftovers,Run,8132.0,5.052991,2414,2800,10.4,34.121,3.368683,7.962282,4.1,,,685.0,true,false,false,false,false,Baltimore,Maryland,United States of America,US
199811213,2013-04-25,2013-04-25T21:25:52Z,Concrete Floors,Run,6519.4,4.050967,1943,2425,10.4,34.121,3.355327,7.993975,4.3,,,547.0,true,false,false,false,false,Baltimore,Maryland,United States of America,US
199811092,2013-04-27,2013-04-27T11:53:37Z,Before DC,Run,11345.1,7.049518,3188,3289,38.5,126.312,3.558689,7.537158,5.2,,,954.0,true,true,false,false,false,Baltimore,Maryland,United States of America,US
199810873,2013-04-28,2013-04-28T11:06:36Z,Nike Women's Half Marathon Spectator,Run,21839.2,13.57025,5831,9174,23.7,77.756,3.745361,7.161499,9.1,,,1833.0,true,true,true,false,false,Washington,District of Columbia,United States of America,US
199810655,2013-04-30,2013-04-30T23:51:02Z,Late Traffic,Run,8312.4,5.165086,2410,2651,36.1,118.438,3.449129,7.776573,12.2,,,700.0,true,false,false,false,false,Baltimore,Maryland,United States of America,US
199810457,2013-05-01,2013-05-01T13:32:18Z,Bird Feeders,Run,13008.5,8.083107,3931,4057,87.1,285.761,3.309209,8.105381,4.5,,,1102.0,true,true,false,false,false,Baltimore,Maryland,United States of America,US
199810216,2013-05-02,2013-05-02T21:16:04Z,Breakfast for Dinner,Run,8142.9,5.059763,2373,2488,47.1,154.528,3.431479,7.816571,4.1,,,686.0,true,false,false,false,false,Baltimore,Maryland,United States of America,US
199810032,2013-05-04,2013-05-04T00:36:45Z,PA to Hills,Run,4911.0,3.051554,1404,1408,0.0,0.0,3.497863,7.668224,5.8,,,410.0,false,false,false,false,false,Baltimore,Maryland,United States of America,US
199809895,2013-05-04,2013-05-04T11:39:56Z,Engagement Party,Run,6681.0,4.151381,1885,1925,10.3,33.793,3.544297,7.567763,4.2,,,562.0,true,false,false,false,false,Baltimore,Maryland,United States of America,US
199809715,2013-05-05,2013-05-05T15:44:04Z,Lazy Day,Run,19401.2,12.055347,6023,6543,81.2,266.404,3.221185,8.326872,4.5,,,1635.0,true,true,false,false,false,Baltimore,Maryland,United States of America,US
199809559,2013-05-06,2013-05-06T22:32:39Z,Getting Nervous,Run,6523.7,4.053639,1960,2017,10.2,33.465,3.328418,8.058602,4.7,,,549.0,true,false,false,false,false,Baltimore,Maryland,United States of America,US
199809432,2013-05-07,2013-05-07T21:40:30Z,Usual Run,Run,6527.3,4.055876,1851,1926,35.8,117.454,3.526364,7.606248,5.3,,,553.0,true,false,false,false,false,Baltimore,Maryland,United States of America,US
199809318,2013-05-10,2013-05-10T21:40:22Z,Strategics,Run,9728.0,6.044699,2821,3238,38.9,127.625,3.448423,7.778165,4.8,,,823.0,true,false,false,false,false,Baltimore,Maryland,United States of America,US
199809233,2013-05-11,2013-05-11T13:45:19Z,Waffle Brunch,Run,6533.6,4.059791,1973,2100,10.4,34.121,3.311505,8.09976,5.0,,,549.0,true,false,false,false,false,Baltimore,Maryland,United States of America,US
199809048,2013-05-12,2013-05-12T22:03:50Z,Shoulder Running,Run,12974.3,8.061856,3855,4051,33.4,109.58,3.365577,7.969629,4.2,,,1091.0,true,true,false,false,false,Baltimore,Maryland,United States of America,US
199808893,2013-05-13,2013-05-13T23:20:06Z,Potbelly,Run,4854.7,3.016571,1334,1377,10.7,35.105,3.639205,7.3704,4.6,,,409.0,false,false,false,false,false,Baltimore,Maryland,United States of America,US
199808792,2013-05-14,2013-05-14T22:26:39Z,Whoops,Run,4860.3,3.02005,1335,1395,11.0,36.089,3.640674,7.367427,6.2,,,409.0,false,false,false,false,false,Baltimore,Maryland,United States of America,US
199808651,2013-05-15,2013-05-15T11:17:15Z,Oil Change,Run,3268.8,2.031138,938,979,0.0,0.0,3.484861,7.696834,4.3,,,273.0,false,false,false,false,false,Baltimore,Maryland,United States of America,US
199808558,2013-05-16,2013-05-16T22:43:45Z,Last Run Before Poconos,Run,3257.7,2.024241,909,957,0.0,0.0,3.583828,7.484287,8.3,,,273.0,false,false,false,false,false,Baltimore,Maryland,United States of America,US
199808480,2013-05-19,2013-05-19T12:06:04Z,Pocono Mountains Run for the Red Marathon,Run,42364.9,26.324328,11664,11664,317.7,1042.323,3.632107,7.384804,6.1,,,3462.0,true,true,true,true,true,Township of Tunkhannock,Pennsylvania,United States of America,US
199808294,2013-05-24,2013-05-24T22:46:03Z,Still Pretty Sore,Run,3294.7,2.047232,979,979,0.0,0.0,3.365373,7.970112,3.8,,,277.0,false,false,false,false,false,Baltimore,Maryland,United States of America,US
199808130,2013-05-26,2013-05-26T12:29:28Z,Pain is Weakness,Run,6469.5,4.019961,1972,1972,10.3,33.793,3.28068,8.175867,4.3,,,543.0,true,false,false,false,false,Baltimore,Maryland,United States of America,US
199807993,2013-05-28,2013-05-28T09:33:52Z,Pre-Work Routine,Run,6547.5,4.068428,2002,2065,10.4,34.121,3.27048,8.201366,5.3,,,550.0,true,false,false,false,false,Baltimore,Maryland,United States of America,US
199807830,2013-05-29,2013-05-29T12:53:43Z,Summer Has Arrived,Run,8129.3,5.051313,2438,2463,36.2,118.766,3.334413,8.044113,6.2,,,683.0,true,false,false,false,false,Baltimore,Maryland,United States of America,US
199807595,2013-05-30,2013-05-30T11:19:57Z,Elephants on the Water,Run,6516.2,4.048979,1971,1971,0.0,0.0,3.306038,8.113157,4.5,,,546.0,true,false,false,false,false,Baltimore,Maryland,United States of America,US
199807383,2013-06-01,2013-06-01T13:34:21Z,Only 77?,Run,9168.8,5.697228,2721,3162,43.4,142.388,3.369644,7.960011,4.6,,,773.0,true,false,false,false,false,Baltimore,Maryland,United States of America,US
199807201,2013-06-02,2013-06-02T13:36:21Z,Power Wash,Run,6517.6,4.049849,1918,1925,10.4,34.121,3.398123,7.893299,4.2,,,547.0,true,false,false,false,false,Baltimore,Maryland,United States of America,US
199807052,2013-06-04,2013-06-04T09:26:49Z,Beat The Heat,Run,6515.3,4.04842,1937,1937,10.6,34.777,3.363604,7.974305,4.6,,,547.0,true,false,false,false,false,Baltimore,Maryland,United States of America,US
199806886,2013-06-05,2013-06-05T12:42:51Z,National Running Day 2013,Run,8122.7,5.047212,2408,2498,37.8,124.016,3.373214,7.951585,4.3,,,683.0,true,false,false,false,false,Baltimore,Maryland,United States of America,US
199806681,2013-06-06,2013-06-06T09:31:10Z,Tired Before Sun Up,Run,6529.9,4.057492,1866,1941,10.4,34.121,3.499411,7.664834,4.4,,,548.0,true,false,false,false,false,Baltimore,Maryland,United States of America,US
199806478,2013-06-08,2013-06-08T13:12:09Z,Sherri and JC Wedding,Run,6598.8,4.100304,1921,2024,10.3,33.793,3.435086,7.808364,5.5,,,556.0,true,false,false,false,false,Baltimore,Maryland,United States of America,US
199806299,2013-06-09,2013-06-09T14:03:05Z,Don't Call It A Comeback,Run,12906.2,8.019541,3510,3576,61.0,200.131,3.67698,7.294682,6.3,,,1095.0,true,true,false,false,false,Baltimore,Maryland,United States of America,US
199806179,2013-06-11,2013-06-11T08:52:59Z,Monsters in the Outfield ,Run,6499.9,4.038851,1885,2097,11.1,36.417,3.448223,7.778616,4.3,,,551.0,true,false,false,false,false,Baltimore,Maryland,United States of America,US
199806078,2013-06-12,2013-06-12T09:07:43Z,Spirit of the Marathon II,Run,6484.2,4.029095,1939,2023,10.4,34.121,3.344095,8.020825,4.6,,,544.0,true,false,false,false,false,Baltimore,Maryland,United States of America,US
199805952,2013-06-13,2013-06-13T09:10:36Z,Outrunning the Derecho ,Run,6503.8,4.041274,1913,1922,0.0,0.0,3.399791,7.889426,5.2,,,544.0,true,false,false,false,false,Baltimore,Maryland,United States of America,US
199805768,2013-06-14,2013-06-14T09:33:13Z,Chazz: A Bronx Original,Run,6550.1,4.070043,1958,2125,10.6,34.777,3.345301,8.017932,4.8,,,550.0,true,false,false,false,false,Baltimore,Maryland,United States of America,US
199805622,2013-06-15,2013-06-15T15:39:44Z,Limoncello,Run,16500.2,10.252749,4793,5163,0.0,0.0,3.442562,7.791406,5.2,,,1387.0,true,true,false,false,false,District 3,Maryland,United States of America,US
199805397,2013-06-18,2013-06-18T09:03:41Z,Awake yet?,Run,8118.3,5.044478,2353,2516,36.1,118.438,3.450191,7.774178,6.0,,,683.0,true,false,false,false,false,Baltimore,Maryland,United States of America,US
199805226,2013-06-19,2013-06-19T09:28:33Z,Fast Amber,Run,8130.7,5.052183,2383,2409,38.1,125.0,3.41196,7.861289,4.8,,,683.0,true,false,false,false,false,Baltimore,Maryland,United States of America,US
199805066,2013-06-21,2013-06-21T09:33:58Z,Survival of Summer,Run,8125.9,5.0492,2421,2514,38.0,124.672,3.356423,7.991365,4.3,,,686.0,true,false,false,false,false,Baltimore,Maryland,United States of America,US
199804840,2013-06-22,2013-06-22T16:10:49Z,Park Meet,Run,8156.4,5.068152,2296,2552,31.9,104.659,3.552439,7.550418,4.3,,,694.0,true,false,false,false,false,Baltimore,Maryland,United States of America,US
199804605,2013-06-23,2013-06-23T15:54:08Z,Julie's Crispy Rice Squares,Run,16937.8,10.524661,4910,5073,142.2,466.535,3.449654,7.775389,4.9,,,1436.0,true,true,false,false,false,Baltimore,Maryland,United States of America,US
199804376,2013-06-24,2013-06-24T09:07:08Z,Supermoon 2013,Run,8140.0,5.057962,2404,2453,36.5,119.751,3.386023,7.921505,3.9,,,684.0,true,false,false,false,false,Baltimore,Maryland,United States of America,US
199804169,2013-06-25,2013-06-25T10:27:14Z,Passion,Run,6526.4,4.055317,1884,1993,10.2,33.465,3.464119,7.742921,4.3,,,548.0,true,false,false,false,false,Baltimore,Maryland,United States of America,US
199804040,2013-06-26,2013-06-26T09:34:32Z,Daily Run,Run,8132.9,5.05355,2351,2417,34.4,112.861,3.459336,7.753626,4.0,,,686.0,true,false,false,false,false,Baltimore,Maryland,United States of America,US
199803865,2013-06-27,2013-06-27T09:49:22Z,Chestnut Hill Cove,Run,8113.8,5.041682,2320,2403,34.4,112.861,3.497328,7.669399,4.2,,,684.0,true,false,false,false,false,Baltimore,Maryland,United States of America,US
199803705,2013-06-29,2013-06-29T14:16:35Z,Lauer's Supermarket,Run,8299.3,5.156946,2368,2403,56.8,186.352,3.504772,7.653108,4.0,,,701.0,true,false,false,false,false,Baltimore,Maryland,United States of America,US
199803527,2013-06-30,2013-06-30T12:12:37Z,10 Before Church,Run,16597.9,10.313457,4811,4854,124.4,408.136,3.44999,7.774632,4.1,,,1405.0,true,true,false,false,false,Baltimore,Maryland,United States of America,US
199803326,2013-07-01,2013-07-01T09:32:40Z,Before Bridge Closure,Run,8138.6,5.057092,2388,2495,20.8,68.241,3.408124,7.870136,4.7,,,685.0,true,false,false,false,false,Baltimore,Maryland,United States of America,US
199802815,2013-07-03,2013-07-03T09:31:52Z,The Stuff You Missed in History Class ,Run,8134.9,5.054793,2397,2488,33.6,110.236,3.393784,7.903391,4.7,,,687.0,true,false,false,false,false,Baltimore,Maryland,United States of America,US
199802607,2013-07-04,2013-07-04T10:51:56Z,July 4th 2013,Run,8125.2,5.048765,2289,2380,34.4,112.861,3.549672,7.556303,4.3,,,684.0,true,false,false,false,false,Baltimore,Maryland,United States of America,US
199802454,2013-07-05,2013-07-05T10:29:08Z,Garbage Truck,Run,8164.1,5.072937,2343,3217,34.7,113.845,3.484464,7.697711,5.3,,,689.0,true,false,false,false,false,Baltimore,Maryland,United States of America,US
199802304,2013-07-07,2013-07-07T12:49:57Z,Dillydally,Run,12955.4,8.050112,3699,3781,33.1,108.596,3.502406,7.658278,4.5,,,1092.0,true,true,false,false,false,Baltimore,Maryland,United States of America,US
199801955,2013-07-08,2013-07-08T09:23:43Z,Daily Grind,Run,6542.2,4.065135,1900,1900,28.7,94.16,3.443263,7.78982,4.8,,,552.0,true,false,false,false,false,Baltimore,Maryland,United States of America,US
199801527,2013-07-09,2013-07-09T09:59:37Z,To The Future...,Run,6537.3,4.06209,1856,1947,0.0,0.0,3.522252,7.615128,4.1,,,548.0,true,false,false,false,false,Baltimore,Maryland,United States of America,US
199800986,2013-07-13,2013-07-13T15:38:31Z,Parker,Run,6552.8,4.071721,1797,1896,27.7,90.879,3.646522,7.355612,5.0,,,551.0,true,false,false,false,false,Baltimore,Maryland,United States of America,US
199800879,2013-07-15,2013-07-15T10:11:48Z,Training Day 1 - Fall 2013,Run,4930.3,3.063546,1349,1355,10.4,34.121,3.654781,7.338989,4.6,,,414.0,false,false,false,false,false,Baltimore,Maryland,United States of America,US
199800672,2013-07-16,2013-07-16T09:26:11Z,Deck Stain,Run,8140.2,5.058086,2272,2424,39.1,128.281,3.582835,7.486363,4.5,,,684.0,true,false,false,false,false,Baltimore,Maryland,United States of America,US
199800502,2013-07-17,2013-07-17T09:29:21Z,Early To Work Late,Run,4909.8,3.050808,1414,1419,11.4,37.402,3.472277,7.724729,5.2,,,414.0,false,false,false,false,false,Baltimore,Maryland,United States of America,US
199800324,2013-07-18,2013-07-18T23:28:52Z,Dog Sprints,Run,822.5,0.511078,294,368,0.0,0.0,2.797619,9.587581,4.3,,,69.0,false,false,false,false,false,Baltimore,Maryland,United States of America,US
199800143,2013-07-20,2013-07-20T18:30:09Z,Dog Park-er,Run,4921.5,3.058078,1358,1428,10.6,34.777,3.62408,7.401162,5.5,,,413.0,false,false,false,false,false,Baltimore,Maryland,United States of America,US
199799911,2013-07-21,2013-07-21T12:11:41Z,Dog Tired,Run,16191.9,10.06118,4690,4980,76.5,250.984,3.452431,7.769135,4.7,,,1365.0,true,true,false,false,false,Baltimore,Maryland,United States of America,US
199799704,2013-07-22,2013-07-22T09:40:33Z,Yawn.,Run,4944.6,3.072432,1379,1379,11.0,36.089,3.585642,7.480502,5.5,,,417.0,false,false,false,false,false,Baltimore,Maryland,United States of America,US
199799557,2013-07-23,2013-07-23T09:49:10Z,Dog Walker,Run,8154.6,5.067034,2326,2429,50.4,165.354,3.505847,7.650762,5.1,,,688.0,true,false,false,false,false,Baltimore,Maryland,United States of America,US
199799126,2013-07-24,2013-07-24T09:57:51Z,Bloody and Bruised,Run,4942.3,3.071003,1341,1341,11.0,36.089,3.685533,7.277753,4.8,,,416.0,false,false,false,false,false,Baltimore,Maryland,United States of America,US
199798927,2013-07-25,2013-07-25T09:20:23Z,Smallwood Racing,Run,6542.5,4.065321,1698,1719,28.3,92.848,3.853062,6.96132,5.5,,,553.0,true,false,false,false,false,Baltimore,Maryland,United States of America,US
199798737,2013-07-27,2013-07-27T11:32:48Z,Weekend Dog Park,Run,8130.0,5.051748,2274,2334,37.5,123.031,3.575198,7.502354,4.5,,,684.0,true,false,false,false,false,Baltimore,Maryland,United States of America,US
199798351,2013-07-28,2013-07-28T12:49:25Z,Awaiting Waffles,Run,17941.6,11.148393,5033,5757,93.9,308.071,3.564792,7.524253,4.9,,,1518.0,true,true,false,false,false,Baltimore,Maryland,United States of America,US
199797981,2013-07-29,2013-07-29T09:50:46Z,Poop Bags,Run,4942.0,3.070816,1385,1385,10.2,33.465,3.568231,7.517002,4.5,,,414.0,false,false,false,false,false,Baltimore,Maryland,United States of America,US
199797867,2013-07-30,2013-07-30T09:42:15Z,Who Rescued Who?,Run,9763.9,6.067006,2702,2767,29.4,96.457,3.613583,7.422662,5.0,,,822.0,true,false,false,false,false,Baltimore,Maryland,United States of America,US
199797249,2013-07-31,2013-07-31T09:49:04Z,Treat Bags,Run,4945.3,3.072867,1347,1347,10.5,34.449,3.671344,7.305881,4.6,,,416.0,false,false,false,false,false,Baltimore,Maryland,United States of America,US
199796909,2013-08-03,2013-08-03T12:25:01Z,Bethany Beach,Run,13078.5,8.126603,3351,3570,0.0,0.0,3.902865,6.87249,5.9,,,1094.0,true,true,false,false,false,Selbyville,Delaware,United States of America,US
199796647,2013-08-04,2013-08-04T13:10:37Z,Sun-burnt Nipples,Run,10139.8,6.30058,2809,3220,78.1,256.234,3.609754,7.430533,5.0,,,858.0,true,true,false,false,false,Baltimore,Maryland,United States of America,US
199796369,2013-08-05,2013-08-05T09:47:53Z,"Blah, Monday",Run,4924.6,3.060005,1367,1367,0.0,0.0,3.602487,7.445523,4.6,,,412.0,false,false,false,false,false,Baltimore,Maryland,United States of America,US
199795902,2013-08-06,2013-08-06T09:33:11Z,Loose Dog,Run,9737.4,6.05054,2722,2782,22.5,73.819,3.577296,7.497954,4.9,,,821.0,true,false,false,false,false,Baltimore,Maryland,United States of America,US
199795710,2013-08-07,2013-08-07T09:48:37Z,Foxy,Run,4910.1,3.050995,1363,1363,11.0,36.089,3.602421,7.445659,4.6,,,415.0,false,false,false,false,false,Baltimore,Maryland,United States of America,US
199795543,2013-08-08,2013-08-08T10:00:50Z,The Hills Are...,Run,3391.7,2.107505,1010,1010,0.0,0.0,3.358119,7.987329,4.1,,,283.0,false,false,false,false,false,Baltimore,Maryland,United States of America,US
199795415,2013-08-10,2013-08-10T12:15:32Z,Surprise Dinner,Run,9733.4,6.048054,2502,2987,17.4,57.087,3.890248,6.894779,7.5,,,818.0,true,false,false,false,false,Baltimore,Maryland,United States of America,US
199795059,2013-08-11,2013-08-11T19:09:27Z,Mountain Road Airport,Run,21097.4,13.109317,5895,6508,66.2,217.192,3.578863,7.49467,5.7,,,1776.0,true,true,false,false,false,Baltimore,Maryland,United States of America,US
199794874,2013-08-12,2013-08-12T09:27:50Z,No Bridge For You,Run,4915.5,3.05435,1368,1406,10.6,34.777,3.593202,7.464763,4.6,,,413.0,false,false,false,false,false,Baltimore,Maryland,United States of America,US
199794649,2013-08-13,2013-08-13T10:24:24Z,Food Tasting,Run,11714.4,7.278991,3243,3509,32.6,106.955,3.612211,7.42548,5.8,,,986.0,true,true,false,false,false,Baltimore,Maryland,United States of America,US
199794519,2013-08-14,2013-08-14T09:57:23Z,Old Fashioned,Run,8217.9,5.106366,2285,2339,20.8,68.241,3.596455,7.45801,5.7,,,692.0,true,false,false,false,false,Baltimore,Maryland,United States of America,US
199794369,2013-08-17,2013-08-17T12:04:47Z,Feed Annapolis 5 Mile Run,Run,7786.3,4.838183,1858,1858,50.1,164.37,4.190689,6.400475,6.2,,,663.0,true,false,false,false,false,Baltimore,Maryland,United States of America,US
199794169,2013-08-18,2013-08-18T15:10:23Z,North Shore on the Magothy,Run,23159.7,14.39077,6394,7052,167.6,549.869,3.622099,7.405209,7.0,,,1969.0,true,true,true,false,false,Baltimore,Maryland,United States of America,US
199793966,2013-08-19,2013-08-19T09:44:44Z,Dead Legs,Run,5006.5,3.110895,1374,1427,10.3,33.793,3.643741,7.361226,4.6,,,420.0,true,false,false,false,false,Baltimore,Maryland,United States of America,US
199793790,2013-08-20,2013-08-20T09:03:34Z,Old Time Radio Westerns,Run,11384.4,7.073938,3183,3477,69.2,227.034,3.576626,7.499359,6.1,,,963.0,true,true,false,false,false,Baltimore,Maryland,United States of America,US
199793622,2013-08-21,2013-08-21T10:14:00Z,Lazy Pup Day,Run,5251.8,3.263317,1438,1454,26.5,86.942,3.652156,7.344265,5.2,,,443.0,true,false,false,false,false,Baltimore,Maryland,United States of America,US
199793446,2013-08-22,2013-08-22T09:53:38Z,Carolina Panthers at Baltimore Ravens,Run,4838.2,3.006318,1127,1960,41.5,136.155,4.29299,6.247953,5.7,,,413.0,false,false,false,false,false,Baltimore,Maryland,United States of America,US
199793222,2013-08-24,2013-08-24T15:43:00Z,Long Ranger ('42),Run,11605.6,7.211386,2999,3329,48.3,158.465,3.869823,6.931169,5.8,,,975.0,true,true,false,false,false,Baltimore,Maryland,United States of America,US
199793009,2013-08-25,2013-08-25T12:14:20Z,Williamsport,Run,16310.4,10.134813,4492,4834,49.2,161.417,3.630988,7.387079,5.4,,,1372.0,true,true,false,false,false,Baltimore,Maryland,United States of America,US
199792710,2013-08-26,2013-08-26T11:01:19Z,C&O Canal Days ,Run,4910.6,3.051305,1314,1368,10.9,35.761,3.737139,7.177256,5.0,,,413.0,false,false,false,false,false,Baltimore,Maryland,United States of America,US
199792492,2013-08-27,2013-08-27T09:36:22Z,The Cisco Kid ('55),Run,12968.7,8.058377,3600,3794,42.7,140.092,3.602417,7.445668,4.5,,,1090.0,true,true,false,false,false,Baltimore,Maryland,United States of America,US
199792179,2013-08-28,2013-08-28T07:17:10Z,Sleepy Stomach,Run,5008.1,3.111889,1371,1563,10.5,34.449,3.652881,7.342807,4.8,,,421.0,true,false,false,false,false,Baltimore,Maryland,United States of America,US
199792062,2013-08-29,2013-08-29T09:55:28Z,WHAT IN SAM HILLS?,Run,4923.3,3.059197,1415,1479,0.0,0.0,3.479364,7.708995,6.0,,,412.0,false,false,false,false,false,Baltimore,Maryland,United States of America,US
199791924,2013-08-31,2013-08-31T12:53:14Z,Spring 2014 Race,Run,12970.1,8.059247,3428,4064,14.3,46.916,3.783576,7.089166,5.6,,,1087.0,true,true,false,false,false,Baltimore,Maryland,United States of America,US
199791719,2013-09-01,2013-09-01T18:11:20Z,Bridal Shower,Run,16188.0,10.058757,4700,7598,246.8,809.711,3.444255,7.787576,5.6,,,1382.0,true,true,false,false,false,Eldersburg,Maryland,United States of America,US
199791336,2013-09-02,2013-09-02T10:58:25Z,Laboring Labor Day,Run,4912.8,3.052672,1351,1377,11.1,36.417,3.636417,7.376051,5.8,,,414.0,false,false,false,false,false,Baltimore,Maryland,United States of America,US
199791067,2013-09-03,2013-09-03T09:45:47Z,The End Sermon,Run,12971.6,8.060179,3628,3870,31.2,102.362,3.575413,7.501902,5.0,,,1092.0,true,true,false,false,false,Baltimore,Maryland,United States of America,US
199790882,2013-09-04,2013-09-04T12:01:47Z,Cool Runnings,Run,6521.5,4.052272,1779,1807,10.4,34.121,3.665823,7.316883,4.9,,,548.0,true,false,false,false,false,Baltimore,Maryland,United States of America,US
199790467,2013-09-05,2013-09-05T09:57:33Z,Weather Break,Run,9749.2,6.057872,2482,2581,32.3,105.971,3.927961,6.82858,6.0,,,820.0,true,false,false,false,false,Baltimore,Maryland,United States of America,US
199790340,2013-09-07,2013-09-07T13:24:22Z,Caleb & Mutt,Run,13380.3,8.314133,3654,4051,33.7,110.564,3.661823,7.324877,5.1,,,1129.0,true,true,false,false,false,Baltimore,Maryland,United States of America,US
199790168,2013-09-08,2013-09-08T13:22:47Z,Unhinged,Run,27523.6,17.102372,7481,8279,193.5,634.843,3.679134,7.290412,6.0,,,2338.0,true,true,true,false,false,Baltimore,Maryland,United States of America,US
199790036,2013-09-09,2013-09-09T09:45:29Z,Dead Legged,Run,4935.9,3.067026,1393,1403,10.6,34.777,3.54336,7.569765,4.5,,,415.0,false,false,false,false,false,Baltimore,Maryland,United States of America,US
199789879,2013-09-10,2013-09-10T08:22:59Z,You Know You're A Runner...,Run,14651.0,9.103709,4169,4465,34.6,113.517,3.514272,7.63242,4.6,,,1235.0,true,true,false,false,false,Baltimore,Maryland,United States of America,US
199789735,2013-09-11,2013-09-11T07:28:04Z,WTE,Run,6600.1,4.101112,1831,1893,10.4,34.121,3.604642,7.441071,4.3,,,555.0,true,false,false,false,false,Baltimore,Maryland,United States of America,US
199789540,2013-09-14,2013-09-14T13:05:34Z,Abebe Bikila Day Int'l Peace Half Marathon 2013,Run,21131.3,13.130381,5121,5121,25.9,84.974,4.126401,6.500192,9.3,,,1769.0,true,true,true,false,false,Washington,District of Columbia,United States of America,US
199789406,2013-09-16,2013-09-16T09:34:13Z,Blah Monday,Run,4994.8,3.103625,1383,1426,10.9,35.761,3.611569,7.4268,5.0,,,421.0,false,false,false,false,false,Baltimore,Maryland,United States of America,US
199789239,2013-09-17,2013-09-17T08:11:32Z,Hunger Games Sermon,Run,14582.7,9.06127,4005,4288,76.8,251.969,3.641124,7.366517,6.1,,,1233.0,true,true,false,false,false,Baltimore,Maryland,United States of America,US
199789102,2013-09-18,2013-09-18T07:49:35Z,Peering in the Dark,Run,6759.9,4.200407,1818,2027,10.6,34.777,3.718317,7.213586,4.3,,,567.0,true,false,false,false,false,Baltimore,Maryland,United States of America,US
199788965,2013-09-19,2013-09-19T10:25:33Z,Hills!!!,Run,4988.0,3.0994,1414,1414,0.0,0.0,3.527581,7.603623,5.5,,,417.0,false,false,false,false,false,Baltimore,Maryland,United States of America,US
199788831,2013-09-21,2013-09-21T11:49:55Z,Cars & Cupcakses,Run,14899.2,9.257934,3845,4104,33.7,110.564,3.874954,6.921991,4.9,,,1254.0,true,true,false,false,false,Baltimore,Maryland,United States of America,US
199788677,2013-09-22,2013-09-22T12:29:29Z,"Pizza, Beer, Ravens",Run,30991.3,19.257101,8453,8640,152.2,499.344,3.666308,7.315916,5.2,,,2621.0,true,true,true,false,false,Baltimore,Maryland,United States of America,US
199788488,2013-09-23,2013-09-23T09:34:53Z,Almost Hooky,Run,6601.6,4.102044,1910,1968,28.8,94.488,3.456335,7.760359,4.8,,,556.0,true,false,false,false,false,Baltimore,Maryland,United States of America,US
199788332,2013-09-24,2013-09-24T09:21:26Z,Pot Roast,Run,16196.3,10.063914,4549,5014,58.2,190.945,3.560409,7.533517,4.6,,,1368.0,true,true,false,false,false,Baltimore,Maryland,United States of America,US
199788193,2013-09-25,2013-09-25T09:22:31Z,Time Keeps Slipping,Run,8162.1,5.071694,2264,2287,34.2,112.205,3.605168,7.439986,6.3,,,690.0,true,false,false,false,false,Baltimore,Maryland,United States of America,US
199788002,2013-09-26,2013-09-26T09:24:03Z,True Grit,Run,11805.0,7.335287,3272,3666,33.1,108.596,3.607885,7.434383,6.0,,,994.0,true,true,false,false,false,Baltimore,Maryland,United States of America,US
199787832,2013-09-28,2013-09-28T12:58:54Z,Found,Run,16506.7,10.256788,4482,4857,63.9,209.646,3.682887,7.282982,5.5,,,1391.0,true,true,false,false,false,Baltimore,Maryland,United States of America,US
199787658,2013-09-29,2013-09-29T11:13:10Z,To The Limit,Run,31712.9,19.705482,8280,8777,198.4,650.919,3.83006,7.003127,7.3,,,2690.0,true,true,true,false,false,Baltimore,Maryland,United States of America,US
199787514,2013-09-30,2013-09-30T09:27:46Z,The Weekday Blues,Run,6539.5,4.063457,1804,1851,10.4,34.121,3.625,7.399283,9.9,,,549.0,true,false,false,false,false,Baltimore,Maryland,United States of America,US
199787302,2013-10-01,2013-10-01T08:48:32Z,Run Late,Run,10029.8,6.232229,2826,3173,67.1,220.144,3.549115,7.557489,5.6,,,847.0,true,true,false,false,false,Baltimore,Maryland,United States of America,US
199787093,2013-10-02,2013-10-02T08:56:44Z,Motivational Fiancee ,Run,8146.4,5.061938,2298,2483,30.5,100.066,3.544996,7.566272,5.0,,,685.0,true,false,false,false,false,Baltimore,Maryland,United States of America,US
199786931,2013-10-03,2013-10-03T09:38:14Z,Wahoo Fitness,Run,5680.5,3.529699,1243,1818,52.3,171.588,4.569992,5.869244,6.3,,,484.0,true,false,false,false,false,Baltimore,Maryland,United States of America,US
199786782,2013-10-05,2013-10-05T12:40:06Z,Bachelor Party,Run,19398.5,12.053669,5310,6228,59.0,193.57,3.653202,7.342163,5.5,,,1633.0,true,true,false,false,false,Baltimore,Maryland,United States of America,US
199786676,2013-10-06,2013-10-06T19:46:30Z,Urban Detox,Run,8171.8,5.077721,2216,2615,23.0,75.459,3.687635,7.273604,5.3,,,690.0,true,false,false,false,false,Baltimore,Maryland,United States of America,US
199786539,2013-10-07,2013-10-07T09:43:06Z,< 2 Weeks,Run,8177.1,5.081014,2314,2389,34.4,112.861,3.533751,7.590348,4.3,,,690.0,true,false,false,false,false,Baltimore,Maryland,United States of America,US
199786352,2013-10-08,2013-10-08T08:21:07Z,Questions Sermon,Run,16207.6,10.070936,4553,5168,48.1,157.808,3.559763,7.534884,6.9,,,1366.0,true,true,false,false,false,Baltimore,Maryland,United States of America,US
199786226,2013-10-09,2013-10-09T13:49:01Z,Fallen Leaves,Run,8283.5,5.147128,2233,2421,54.8,179.79,3.709584,7.230569,5.1,,,702.0,true,false,false,false,false,Baltimore,Maryland,United States of America,US
199786117,2013-10-10,2013-10-10T20:44:08Z,Wet Hills,Run,4943.8,3.071935,1410,1859,0.0,0.0,3.506241,7.649902,5.7,,,414.0,false,false,false,false,false,Baltimore,Maryland,United States of America,US
199786017,2013-10-12,2013-10-12T13:05:03Z,Rainy 10,Run,16193.6,10.062237,4304,4524,98.1,321.85,3.762454,7.128965,5.2,,,1376.0,true,true,false,false,false,Baltimore,Maryland,United States of America,US
199785741,2013-10-13,2013-10-13T11:07:15Z,Grueling 20s ,Run,32676.4,20.304174,8767,8950,91.8,301.181,3.727204,7.196386,6.0,,,2747.0,true,true,true,false,false,Baltimore,Maryland,United States of America,US
199785578,2013-10-15,2013-10-15T09:39:09Z,T-4 Days,Run,8253.8,5.128674,2250,2281,34.4,112.861,3.668356,7.311832,5.1,,,697.0,true,false,false,false,false,Baltimore,Maryland,United States of America,US
199785468,2013-10-16,2013-10-16T09:34:10Z,T-3 Days,Run,13047.8,8.107527,3618,4426,33.8,110.892,3.606357,7.437533,7.6,,,1099.0,true,true,false,false,false,Baltimore,Maryland,United States of America,US
199785260,2013-10-17,2013-10-17T08:57:49Z,T-2 Days,Run,8148.6,5.063305,2294,2454,33.7,110.564,3.552136,7.551062,4.9,,,688.0,true,false,false,false,false,Baltimore,Maryland,United States of America,US
199785132,2013-10-18,2013-10-18T09:09:27Z,Wedding Rehearsal,Run,8268.5,5.137808,2310,2543,21.0,68.898,3.579437,7.493468,5.2,,,696.0,true,false,false,false,false,Baltimore,Maryland,United States of America,US
199784977,2013-10-21,2013-10-21T10:00:59Z,Married,Run,16184.9,10.056831,4599,5304,47.0,154.199,3.519222,7.621685,6.5,,,1368.0,true,true,false,false,false,Baltimore,Maryland,United States of America,US
199784605,2013-10-22,2013-10-22T09:48:43Z,Before Honeymoon,Run,32296.8,20.068301,8784,9883,140.8,461.942,3.676776,7.295087,7.4,,,2715.0,true,true,true,false,false,Baltimore,Maryland,United States of America,US
199784038,2013-10-26,2013-10-26T12:14:20Z,Treadmill in Jamaica ,Run,2185.0,1.357696,661,5649,22.2,72.835,3.305598,8.114236,4.3,,,191.0,false,false,false,false,false,Montego Bay,Saint James,Jamaica,JM
199783849,2013-10-27,2013-10-27T12:29:38Z,Secrets Wild Orchid - Jamaica ,Run,9751.9,6.05955,2708,3106,71.6,234.908,3.601145,7.448298,4.5,,,869.0,true,false,false,false,false,Montego Bay,Saint James,Jamaica,JM
199783601,2013-10-29,2013-10-29T21:11:07Z,Resort + TM,Run,8540.9,5.307069,2270,2993,24.0,78.74,3.762511,7.128856,4.7,,,724.0,true,false,false,false,false,Montego Bay,Saint James,Jamaica,JM
199783452,2013-10-31,2013-10-31T10:08:18Z,Real World Problems,Run,4279.4,2.659096,1233,1233,0.0,0.0,3.470722,7.728191,4.0,,,358.0,false,false,false,false,false,Baltimore,Maryland,United States of America,US
199783172,2013-11-02,2013-11-02T15:23:08Z,Beefalo Bob's,Run,6517.5,4.049787,1654,1835,10.4,34.121,3.940447,6.806943,4.8,,,547.0,true,false,false,false,false,Baltimore,Maryland,United States of America,US
199782874,2013-11-03,2013-11-03T16:09:46Z,Movember,Run,19399.9,12.054539,5337,5841,0.0,0.0,3.634982,7.378963,4.9,,,1632.0,true,true,false,false,false,District 3,Maryland,United States of America,US
199782718,2013-11-04,2013-11-04T10:34:16Z,Winter,Run,6547.2,4.068241,1811,2068,10.5,34.449,3.61524,7.419258,5.0,,,550.0,true,false,false,false,false,Baltimore,Maryland,United States of America,US
199782565,2013-11-05,2013-11-05T10:34:35Z,Week + 1/2,Run,8403.4,5.221631,2380,2837,20.6,67.585,3.53084,7.596605,4.8,,,711.0,true,false,false,false,false,Baltimore,Maryland,United States of America,US
199782410,2013-11-06,2013-11-06T10:51:48Z,Yup.,Run,6517.8,4.049973,1796,1909,10.4,34.121,3.629065,7.390995,4.9,,,548.0,true,false,false,false,false,Baltimore,Maryland,United States of America,US
199782161,2013-11-07,2013-11-07T09:46:34Z,Amber's Cold,Run,6540.6,4.06414,1698,1852,10.5,34.449,3.851943,6.963342,5.1,,,551.0,true,false,false,false,false,Baltimore,Maryland,United States of America,US
199782003,2013-11-09,2013-11-09T16:29:33Z,Sick Birthday,Run,6531.3,4.058362,1767,1890,10.4,34.121,3.696265,7.256623,5.6,,,549.0,true,false,false,false,false,Baltimore,Maryland,United States of America,US
199781860,2013-11-10,2013-11-10T16:15:46Z,Pole Jump,Run,12952.4,8.048248,3529,4466,25.3,83.005,3.670275,7.308009,5.4,,,1092.0,true,true,false,false,false,Baltimore,Maryland,United States of America,US
199781657,2013-11-11,2013-11-11T11:22:37Z,Coughing,Run,4984.4,3.097163,1396,1396,10.4,34.121,3.570487,7.512252,5.5,,,418.0,false,false,false,false,false,Baltimore,Maryland,United States of America,US
199781489,2013-11-15,2013-11-15T01:32:59Z,Last Run Before Potomac,Run,3301.7,2.051581,816,816,0.0,0.0,4.046201,6.629033,4.9,,,277.0,false,false,false,false,false,Baltimore,Maryland,United States of America,US
199781227,2013-11-17,2013-11-17T14:02:49Z,Potomac River Run Marathon 2013,Run,41991.0,26.091998,11503,11520,43.8,143.701,3.650439,7.347719,6.3,,,3516.0,true,true,true,false,false,Washington,Maryland,United States of America,US
199780852,2013-11-22,2013-11-22T12:20:25Z,Back on the Horse,Run,4907.4,3.049317,1381,1381,10.3,33.793,3.553512,7.548138,4.5,,,413.0,false,false,false,false,false,Baltimore,Maryland,United States of America,US
199780639,2013-11-23,2013-11-23T22:04:32Z,Pie's and Scotch,Run,4910.7,3.051368,1365,1475,10.2,33.465,3.597582,7.455674,4.5,,,412.0,false,false,false,false,false,Baltimore,Maryland,United States of America,US
199780277,2013-11-26,2013-11-26T11:33:07Z,Vest,Run,6520.5,4.051651,1824,1824,10.5,34.449,3.574836,7.503114,4.7,,,548.0,true,false,false,false,false,Baltimore,Maryland,United States of America,US
199780002,2013-11-28,2013-11-28T14:03:40Z,Fleet Feet Turkey Trot 5K 2013,Run,5231.4,3.250641,1843,1882,24.0,78.74,2.838524,9.449418,4.2,,,440.0,true,false,false,false,false,Baltimore,Maryland,United States of America,US
199779309,2013-11-29,2013-11-29T22:15:46Z,Black Friday,Run,6526.0,4.055068,1856,2177,22.1,72.507,3.516164,7.628314,4.0,,,549.0,true,false,false,false,false,Baltimore,Maryland,United States of America,US
199778974,2013-11-30,2013-11-30T15:51:01Z,Christmas Songs & Tree,Run,6522.5,4.052894,1811,1972,10.3,33.793,3.601601,7.447354,4.1,,,548.0,true,false,false,false,false,Baltimore,Maryland,United States of America,US
199778844,2013-12-01,2013-12-01T21:00:53Z,December 1st,Run,11343.8,7.048711,3089,3465,26.9,88.255,3.672321,7.303936,4.3,,,953.0,true,true,false,false,false,Baltimore,Maryland,United States of America,US
199778677,2013-12-02,2013-12-02T11:16:30Z,I'm In!: NYC Marathon 2014,Run,6540.5,4.064078,1831,2042,10.5,34.449,3.572092,7.508878,4.4,,,549.0,true,false,false,false,false,Baltimore,Maryland,United States of America,US
199778500,2013-12-03,2013-12-03T11:32:43Z,T-1 Week until T-Day,Run,6529.7,4.057367,1824,2060,10.2,33.465,3.579879,7.492543,4.0,,,550.0,true,false,false,false,false,Baltimore,Maryland,United States of America,US
199778375,2013-12-04,2013-12-04T11:14:35Z,B4W,Run,6548.2,4.068863,1827,1950,10.2,33.465,3.584127,7.483663,4.7,,,549.0,true,false,false,false,false,Baltimore,Maryland,United States of America,US
199778088,2013-12-05,2013-12-05T12:15:24Z,Tombstone Sermon,Run,6579.3,4.088187,1771,2099,0.0,0.0,3.71502,7.219989,4.6,,,552.0,true,false,false,false,false,Baltimore,Maryland,United States of America,US
199777774,2013-12-07,2013-12-07T17:59:23Z,Union Craft Brewery,Run,12911.8,8.023021,3534,3787,144.1,472.769,3.653594,7.341375,5.0,,,1094.0,true,true,false,false,false,Baltimore,Maryland,United States of America,US
199777334,2013-12-09,2013-12-09T22:09:12Z,Constant Change,Run,4936.9,3.067647,1346,1374,10.3,33.793,3.667831,7.312879,5.4,,,415.0,false,false,false,false,false,Baltimore,Maryland,United States of America,US
199777220,2013-12-10,2013-12-10T09:22:40Z,Driving Mrs. Kinney,Run,3536.3,2.197355,995,995,0.0,0.0,3.55407,7.546952,5.1,,,296.0,false,false,false,false,false,Baltimore,Maryland,United States of America,US
199777110,2013-12-11,2013-12-11T11:33:11Z,First Fall,Run,5063.7,3.146437,1413,1532,10.5,34.449,3.583652,7.484656,4.1,,,426.0,true,false,false,false,false,Baltimore,Maryland,United States of America,US
199777022,2013-12-12,2013-12-12T10:48:55Z,It's a Wonderful Life,Run,8190.8,5.089527,2213,2475,37.4,122.703,3.70122,7.246908,5.5,,,689.0,true,false,false,false,false,Baltimore,Maryland,United States of America,US
199776912,2013-12-14,2013-12-14T13:58:53Z,Before Snow,Run,8166.2,5.074241,2218,2540,38.7,126.969,3.681785,7.285161,4.6,,,688.0,true,false,false,false,false,Baltimore,Maryland,United States of America,US
199776731,2013-12-15,2013-12-15T20:32:10Z,George Bailey,Run,19419.1,12.066469,5340,6060,63.3,207.677,3.636536,7.375811,4.6,,,1637.0,true,true,false,false,false,Baltimore,Maryland,United States of America,US
199776537,2013-12-16,2013-12-16T10:18:04Z,Snow Flurries,Run,6538.4,4.062773,1838,1949,0.0,0.0,3.557345,7.540005,5.8,,,549.0,true,false,false,false,false,Baltimore,Maryland,United States of America,US
199776408,2013-12-17,2013-12-17T10:38:58Z,NFS ,Run,3230.8,2.007526,710,1082,21.1,69.226,4.550423,5.894486,5.5,,,274.0,false,false,false,false,false,Baltimore,Maryland,United States of America,US
199776270,2013-12-18,2013-12-18T12:25:10Z,A Christmas Story,Run,6528.7,4.056746,1786,1901,10.3,33.793,3.655487,7.337572,4.9,,,548.0,true,false,false,false,false,Baltimore,Maryland,United States of America,US
199776068,2013-12-19,2013-12-19T10:10:25Z,Miracle on 34th Street,Run,11349.2,7.052066,3168,3842,20.7,67.913,3.582449,7.487168,6.4,,,956.0,true,true,false,false,false,Baltimore,Maryland,United States of America,US
199775950,2013-12-21,2013-12-21T19:47:01Z,It Happened On 5th Avenue,Run,11362.4,7.060268,3090,4132,39.3,128.937,3.677152,7.294341,5.7,,,958.0,true,true,false,false,false,Baltimore,Maryland,United States of America,US
199775785,2013-12-22,2013-12-22T12:26:39Z,Christmas Radio Shows,Run,22690.4,14.099161,6310,7448,82.7,271.325,3.595943,7.459073,5.1,,,1919.0,true,true,true,false,false,Baltimore,Maryland,United States of America,US
199775552,2013-12-23,2013-12-23T10:50:20Z,Christmas Eve Eve,Run,6519.7,4.051154,1792,1965,10.3,33.793,3.638225,7.372385,6.2,,,548.0,true,false,false,false,false,Baltimore,Maryland,United States of America,US
199775390,2013-12-24,2013-12-24T12:12:17Z,Christmas Eve 2013,Run,6544.6,4.066626,1789,1890,10.5,34.449,3.658245,7.332041,4.5,,,550.0,true,false,false,false,false,Baltimore,Maryland,United States of America,US
199775301,2013-12-26,2013-12-26T10:01:18Z,Day After Christmas 2013,Run,11367.1,7.063188,3159,3415,30.7,100.722,3.598322,7.454141,5.7,,,954.0,true,true,false,false,false,Baltimore,Maryland,United States of America,US
199775100,2013-12-28,2013-12-28T12:20:56Z,Hillsong NYC,Run,11371.4,7.06586,3077,3342,25.8,84.646,3.695613,7.257904,4.4,,,956.0,true,true,false,false,false,Baltimore,Maryland,United States of America,US
199774957,2013-12-29,2013-12-29T15:29:21Z,Broken Arrow,Run,19483.7,12.10661,5469,5469,0.0,0.0,3.562571,7.528945,4.5,,,1629.0,true,true,false,false,false,,,,
199774868,2013-12-30,2013-12-30T11:01:14Z,Carl Lentz Sermon,Run,6527.1,4.055752,1775,1855,10.6,34.777,3.677239,7.294167,4.3,,,548.0,true,false,false,false,false,Baltimore,Maryland,United States of America,US
199774775,2013-12-31,2013-12-31T11:18:21Z,New Years Resolutions for 2014 ,Run,4063.2,2.524755,911,1387,22.2,72.835,4.460154,6.013784,5.7,,,344.0,false,false,false,false,false,Baltimore,Maryland,United States of America,US
199774674,2014-01-01,2014-01-01T12:25:04Z,2014,Run,6533.9,4.059977,1757,1792,10.6,34.777,3.718782,7.212684,5.4,,,550.0,true,false,false,false,false,Baltimore,Maryland,United States of America,US
199773928,2014-01-02,2014-01-02T11:16:54Z,CISSP Study Plan,Run,13044.3,8.105352,3594,4034,31.1,102.034,3.629466,7.390179,9.7,,,1098.0,true,true,false,false,false,Baltimore,Maryland,United States of America,US
199773762,2014-01-04,2014-01-04T17:18:33Z,Frosty,Run,13009.9,8.083977,3547,4458,33.3,109.252,3.66786,7.31282,4.7,,,1095.0,true,true,false,false,false,Baltimore,Maryland,United States of America,US
199773603,2014-01-05,2014-01-05T11:46:52Z,Winter Wonderland,Run,25878.7,16.080279,7280,8170,176.7,579.724,3.554766,7.545475,5.3,,,2205.0,true,true,true,false,false,Baltimore,Maryland,United States of America,US
199773496,2014-01-06,2014-01-06T11:05:50Z,Wet Shoes,Run,6521.1,4.052024,1849,1981,10.3,33.793,3.526825,7.605253,4.9,,,547.0,true,false,false,false,false,Baltimore,Maryland,United States of America,US
199773421,2014-01-08,2014-01-08T11:56:14Z,Hiyah,Run,6625.5,4.116895,1824,1926,11.8,38.714,3.632401,7.384206,4.7,,,557.0,true,false,false,false,false,Baltimore,Maryland,United States of America,US
199773243,2014-01-09,2014-01-09T09:23:46Z,Woke Up This Morning,Run,13098.4,8.138968,3635,3847,45.6,149.606,3.603411,7.443613,5.2,,,1104.0,true,true,false,false,false,Baltimore,Maryland,United States of America,US
199773092,2014-01-12,2014-01-12T17:17:18Z,Dry 85,Run,29066.8,18.061272,7958,8774,298.9,980.643,3.652526,7.343521,5.7,,,2503.0,true,true,true,false,false,Baltimore,Maryland,United States of America,US
199772986,2014-01-13,2014-01-13T11:12:04Z,Lead Legs,Run,8140.9,5.058521,2287,2550,20.5,67.257,3.559641,7.535141,5.1,,,685.0,true,false,false,false,false,Baltimore,Maryland,United States of America,US
199772882,2014-01-14,2014-01-14T12:25:39Z,Torture,Run,4850.3,3.013837,1082,1534,43.1,141.404,4.482717,5.983514,5.3,,,413.0,false,false,false,false,false,Baltimore,Maryland,United States of America,US
199772808,2014-01-15,2014-01-15T13:40:22Z,Misty,Run,8139.1,5.057402,2193,2427,38.6,126.64,3.7114,7.22703,5.3,,,686.0,true,false,false,false,false,Baltimore,Maryland,United States of America,US
199772715,2014-01-16,2014-01-16T11:34:19Z,Graveyard,Run,13036.5,8.100506,3584,4120,45.3,148.622,3.637416,7.374025,7.0,,,1102.0,true,true,false,false,false,Baltimore,Maryland,United States of America,US
199772533,2014-01-18,2014-01-18T20:52:16Z,Galla,Run,12981.5,8.06633,3465,3748,20.8,68.241,3.746465,7.15939,5.9,,,1091.0,true,true,false,false,false,Baltimore,Maryland,United States of America,US
199772343,2014-01-19,2014-01-19T20:03:09Z,Baltimore Waterfront Tour,Run,29090.8,18.076185,8057,10063,74.1,243.11,3.610624,7.428743,5.6,,,2454.0,true,true,true,false,false,Baltimore,Maryland,United States of America,US
199771968,2014-01-21,2014-01-21T11:42:44Z,Vet,Run,9196.6,5.714502,2517,2569,12.6,41.339,3.653794,7.340972,4.2,,,772.0,true,false,false,false,false,Baltimore,Maryland,United States of America,US
199771847,2014-01-22,2014-01-22T12:04:19Z,Feels Like -7,Run,8218.6,5.106801,2242,2487,31.6,103.675,3.665745,7.317039,4.6,,,696.0,true,false,false,false,false,Baltimore,Maryland,United States of America,US
199771754,2014-01-24,2014-01-24T11:17:40Z,One Degree,Run,8130.7,5.052183,2198,2303,12.3,40.354,3.699136,7.250991,4.3,,,687.0,true,false,false,false,false,Baltimore,Maryland,United States of America,US
199771445,2014-01-25,2014-01-25T17:30:04Z,Fireplace,Run,9757.8,6.063216,2430,2743,37.5,123.031,4.015556,6.679624,5.2,,,826.0,true,false,false,false,false,Baltimore,Maryland,United States of America,US
199771309,2014-01-26,2014-01-26T20:43:23Z,The Following,Run,21193.7,13.169155,5580,6607,90.0,295.276,3.798154,7.061957,5.0,,,1786.0,true,true,true,false,false,Baltimore,Maryland,United States of America,US
199771168,2014-01-27,2014-01-27T22:47:27Z,Crazy Morning,Run,5713.7,3.550329,1307,1674,51.3,168.307,4.371614,6.135582,6.4,,,485.0,true,false,false,false,false,Baltimore,Maryland,United States of America,US
199770989,2014-01-28,2014-01-28T11:46:09Z,Up and Out,Run,8140.3,5.058148,2127,2631,21.2,69.554,3.827127,7.008494,4.5,,,692.0,true,false,false,false,false,Baltimore,Maryland,United States of America,US
199770842,2014-01-29,2014-01-29T15:14:32Z,Slushy,Run,6497.0,4.037049,1699,1779,12.0,39.37,3.824014,7.0142,4.8,,,552.0,true,false,false,false,false,Baltimore,Maryland,United States of America,US
199770653,2014-01-30,2014-01-30T23:46:25Z,Packing for Philly,Run,9755.5,6.061787,2541,3152,25.2,82.677,3.839237,6.986389,5.2,,,825.0,true,false,false,false,false,Baltimore,Maryland,United States of America,US
199770507,2014-02-02,2014-02-02T12:24:12Z,Philly Long Run,Run,32301.8,20.071408,8858,10070,76.1,249.672,3.646625,7.355405,7.6,,,2711.0,true,true,true,false,false,Philadelphia,Pennsylvania,United States of America,US
199770380,2014-02-04,2014-02-04T10:47:42Z,PK,Run,8165.1,5.073558,2164,2385,62.8,206.037,3.773152,7.108752,4.8,,,692.0,true,false,false,false,false,Baltimore,Maryland,United States of America,US
199770237,2014-02-05,2014-02-05T16:27:45Z,Rainy Run,Run,8145.4,5.061317,2152,2367,46.0,150.919,3.785037,7.08643,5.8,,,692.0,true,false,false,false,false,Baltimore,Maryland,United States of America,US
199770087,2014-02-06,2014-02-06T10:26:34Z,Work Work Work,Run,8149.3,5.06374,2215,2284,47.3,155.184,3.679142,7.290395,5.5,,,693.0,true,false,false,false,false,Baltimore,Maryland,United States of America,US
199769983,2014-02-08,2014-02-08T16:31:56Z,Three Dub,Run,19545.9,12.145259,5088,5432,93.4,306.43,3.841568,6.982148,4.7,,,1650.0,true,true,false,false,false,Baltimore,Maryland,United States of America,US
199769830,2014-02-09,2014-02-09T12:19:38Z,Debate,Run,25939.7,16.118182,6982,7655,93.8,307.743,3.715225,7.21959,4.6,,,2190.0,true,true,true,false,false,Baltimore,Maryland,United States of America,US
199769696,2014-02-11,2014-02-11T10:40:52Z,CISSP Speed ,Run,6539.7,4.063581,1458,1962,53.1,174.213,4.485391,5.979947,5.6,,,553.0,true,false,false,false,false,Baltimore,Maryland,United States of America,US
199769599,2014-02-12,2014-02-12T10:45:59Z,Before Snow,Run,16269.9,10.109647,4455,5215,33.8,110.892,3.652054,7.34447,5.3,,,1372.0,true,true,false,false,false,Baltimore,Maryland,United States of America,US
199769527,2014-02-15,2014-02-15T17:11:39Z,Snowed In Study Hall,Run,8130.6,5.052121,2046,2162,22.3,73.163,3.9739,6.749641,5.4,,,689.0,true,false,false,false,false,Baltimore,Maryland,United States of America,US
199769394,2014-02-16,2014-02-16T13:58:56Z,Baltimore 20,Run,32350.4,20.101607,8800,11275,163.9,537.73,3.676182,7.296266,6.3,,,2732.0,true,true,true,false,false,Baltimore,Maryland,United States of America,US
199769160,2014-02-18,2014-02-18T10:26:18Z,Snow Dust,Run,6749.7,4.194069,1830,2255,28.0,91.864,3.688361,7.272174,5.1,,,571.0,true,false,false,false,false,Baltimore,Maryland,United States of America,US
199769073,2014-02-20,2014-02-20T11:46:17Z,CISSP,Run,8136.2,5.0556,2105,2248,21.0,68.898,3.865178,6.939499,5.2,,,690.0,true,false,false,false,false,Baltimore,Maryland,United States of America,US
199768985,2014-02-21,2014-02-21T11:21:42Z,House Problems,Run,6523.3,4.053391,1636,1804,11.9,39.042,3.987347,6.726878,5.9,,,554.0,true,false,false,false,false,Baltimore,Maryland,United States of America,US
199768770,2014-02-22,2014-02-22T19:04:39Z,One Week to Phx Marathon,Run,8123.5,5.047709,1993,2229,21.3,69.882,4.076016,6.580543,5.5,,,689.0,true,false,false,false,false,Baltimore,Maryland,United States of America,US
199768573,2014-02-23,2014-02-23T22:12:02Z,Long Run to PHX,Run,19476.6,12.102198,5248,5707,76.7,251.64,3.711242,7.227337,6.2,,,1644.0,true,true,false,false,false,Baltimore,Maryland,United States of America,US
199768353,2014-02-24,2014-02-24T10:19:10Z,Work Day Count Down,Run,6520.7,4.051775,1758,1801,10.7,35.105,3.709158,7.231398,4.9,,,553.0,true,false,false,false,false,Baltimore,Maryland,United States of America,US
199768169,2014-02-25,2014-02-25T11:38:09Z,T-2 PHX,Run,3302.5,2.052078,739,911,21.1,69.226,4.468877,6.002045,5.6,,,278.0,false,false,false,false,false,Baltimore,Maryland,United States of America,US
199767978,2014-02-26,2014-02-26T09:04:23Z,Headed to Phoenix,Run,4912.8,3.052672,1281,1347,11.0,36.089,3.835129,6.993872,4.5,,,414.0,false,false,false,false,false,Baltimore,Maryland,United States of America,US
199767822,2014-03-01,2014-03-01T13:29:57Z,Phoenix Marathon 2014,Run,42481.9,26.397029,11040,11040,51.6,169.291,3.847998,6.970481,5.5,,,3470.0,true,true,true,true,true,Phoenix,Arizona,United States of America,US
199767608,2014-03-06,2014-03-06T14:28:14Z,"03/06/2014 Tucson, Arizona",Run,4902.0,3.045962,1292,1317,26.9,88.255,3.794118,7.06947,4.5,,,412.0,false,false,false,false,false,Tucson,Arizona,United States of America,US
199767423,2014-03-09,2014-03-09T18:47:21Z,One Week Later,Run,6519.1,4.050781,1735,1893,10.6,34.777,3.757406,7.138541,5.2,,,548.0,true,false,false,false,false,Baltimore,Maryland,United States of America,US
199767161,2014-03-11,2014-03-11T11:29:58Z,"Yup, Still Dead",Run,6519.0,4.050719,1745,1874,10.5,34.449,3.735817,7.179796,5.6,,,548.0,true,false,false,false,false,Baltimore,Maryland,United States of America,US
199767007,2014-03-14,2014-03-14T10:42:58Z,Getting Legs Back,Run,6510.5,4.045437,1750,1874,10.3,33.793,3.720286,7.209769,5.4,,,548.0,true,false,false,false,false,Baltimore,Maryland,United States of America,US
199766893,2014-03-16,2014-03-16T19:24:06Z,After NYC Trip,Run,8129.2,5.051251,2165,2212,33.1,108.596,3.754827,7.143445,4.8,,,684.0,true,false,false,false,false,Baltimore,Maryland,United States of America,US
199766791,2014-03-18,2014-03-18T09:02:39Z,Broad Street Training,Run,4914.8,3.053915,1300,1348,0.0,0.0,3.780615,7.094718,4.3,,,413.0,false,false,false,false,false,Baltimore,Maryland,United States of America,US
199766350,2014-03-19,2014-03-19T11:26:31Z,Half Day - Review,Run,6522.5,4.052894,1739,1895,11.2,36.745,3.750719,7.151269,4.8,,,554.0,true,false,false,false,false,Baltimore,Maryland,United States of America,US
199766112,2014-03-20,2014-03-20T12:32:32Z,Locked Out,Run,4927.1,3.061558,1306,1352,10.9,35.761,3.772665,7.10967,5.1,,,415.0,false,false,false,false,false,Baltimore,Maryland,United States of America,US
199765907,2014-03-22,2014-03-22T11:40:44Z,Macbook,Run,4912.5,3.052486,1245,1270,10.8,35.433,3.945783,6.797738,5.0,,,414.0,false,false,false,false,false,Baltimore,Maryland,United States of America,US
199765771,2014-03-23,2014-03-23T20:24:46Z,Sunday Nap,Run,4920.0,3.057146,1223,1412,10.2,33.465,4.022895,6.667438,5.3,,,414.0,false,false,false,false,false,Baltimore,Maryland,United States of America,US
199765645,2014-03-24,2014-03-24T10:36:39Z,"03/24/2014 Pasadena, Maryland",Run,4906.4,3.048696,1284,1354,11.7,38.386,3.821184,7.019395,5.7,,,414.0,false,false,false,false,false,Baltimore,Maryland,United States of America,US
199765507,2014-03-25,2014-03-25T10:48:39Z,"03/25/2014 Pasadena, Maryland",Run,6543.5,4.065942,1716,1832,10.4,34.121,3.813228,7.03404,5.0,,,549.0,true,false,false,false,false,Baltimore,Maryland,United States of America,US
199765352,2014-03-26,2014-03-26T14:55:31Z,"03/26/2014 Pasadena, Maryland",Run,3289.5,2.044001,770,985,20.5,67.257,4.272078,6.278537,5.7,,,278.0,false,false,false,false,false,Baltimore,Maryland,United States of America,US
199765199,2014-03-27,2014-03-27T10:46:15Z,"03/27/2014 Pasadena, Maryland",Run,6519.0,4.050719,1702,1753,10.4,34.121,3.8302,7.002872,4.8,,,548.0,true,false,false,false,false,Baltimore,Maryland,United States of America,US
199764992,2014-03-30,2014-03-30T20:06:53Z,BARD,Run,6557.7,4.074766,1680,1744,10.5,34.449,3.903393,6.87156,4.9,,,551.0,true,false,false,false,false,Baltimore,Maryland,United States of America,US
199764712,2014-03-31,2014-03-31T09:09:56Z,Back on the LR Horse,Run,14575.3,9.056672,3960,4429,33.7,110.564,3.680631,7.287445,4.6,,,1228.0,true,true,false,false,false,Baltimore,Maryland,United States of America,US
199764086,2014-04-02,2014-04-02T11:38:59Z,Stressed,Run,8131.9,5.052928,2189,2578,33.4,109.58,3.714893,7.220236,5.8,,,687.0,true,false,false,false,false,Baltimore,Maryland,United States of America,US
199763786,2014-04-04,2014-04-04T12:27:00Z,2 Weeks Notice,Run,8133.4,5.05386,2155,2474,33.8,110.892,3.7742,7.106778,5.1,,,686.0,true,false,false,false,false,Baltimore,Maryland,United States of America,US
199763590,2014-04-06,2014-04-06T19:12:42Z,"04/06/2014 Pasadena, Maryland",Run,16170.4,10.047821,4260,4572,47.0,154.199,3.795869,7.066209,4.9,,,1364.0,true,true,false,false,false,Baltimore,Maryland,United States of America,US
199763455,2014-04-07,2014-04-07T10:53:34Z,"04/07/2014 Pasadena, Maryland",Run,4944.8,3.072556,1308,1428,21.0,68.898,3.780428,7.095069,5.3,,,416.0,false,false,false,false,false,Baltimore,Maryland,United States of America,US
199763238,2014-04-09,2014-04-09T11:13:57Z,"04/09/2014 Pasadena, Maryland",Run,6571.9,4.083589,1720,1900,20.6,67.585,3.820872,7.019968,4.7,,,557.0,true,false,false,false,false,Baltimore,Maryland,United States of America,US
199763095,2014-04-10,2014-04-10T11:59:18Z,"04/10/2014 Pasadena, Maryland",Run,4918.1,3.055966,1292,1387,10.9,35.761,3.806579,7.046327,5.3,,,414.0,false,false,false,false,false,Baltimore,Maryland,United States of America,US
199762849,2014-04-11,2014-04-11T12:38:21Z,"04/11/2014 Pasadena, Maryland",Run,10060.5,6.251305,2654,2890,20.9,68.57,3.790693,7.075856,5.2,,,845.0,true,true,false,false,false,Baltimore,Maryland,United States of America,US
199762675,2014-04-12,2014-04-12T12:12:43Z,Lost NYC,Run,10732.3,6.668742,2822,3500,13.6,44.619,3.803083,7.052804,9.7,,,897.0,true,true,false,false,false,New York City,New York,United States of America,US
199762504,2014-04-13,2014-04-13T13:24:24Z,Central Park,Run,8537.5,5.304957,2363,2576,11.5,37.73,3.612992,7.423875,8.9,,,715.0,true,false,false,false,false,New York City,New York,United States of America,US
199762371,2014-04-14,2014-04-14T11:34:35Z,Last Week of THD,Run,4912.2,3.0523,1272,1351,10.9,35.761,3.861792,6.945583,4.5,,,415.0,false,false,false,false,false,Baltimore,Maryland,United States of America,US
199762240,2014-04-16,2014-04-16T12:17:07Z,Cold and Windy,Run,6571.2,4.083154,1753,1784,10.6,34.777,3.748545,7.155416,4.8,,,552.0,true,false,false,false,false,Baltimore,Maryland,United States of America,US
199762126,2014-04-17,2014-04-17T12:33:04Z,Delicious Pasadena?,Run,6528.2,4.056435,1734,1758,10.6,34.777,3.764821,7.124482,4.4,,,549.0,true,false,false,false,false,Baltimore,Maryland,United States of America,US
199761963,2014-04-18,2014-04-18T12:38:57Z,THD,Run,6527.5,4.056,1734,1783,10.5,34.449,3.764418,7.125246,4.3,,,549.0,true,false,false,false,false,Baltimore,Maryland,United States of America,US
199761819,2014-04-19,2014-04-19T19:19:55Z,Attacked by Dog,Run,16120.7,10.016939,4225,5209,63.5,208.333,3.81555,7.029759,5.8,,,1359.0,true,true,false,false,false,Baltimore,Maryland,United States of America,US
199761692,2014-04-23,2014-04-23T10:35:04Z,Back after Fall,Run,6523.7,4.053639,1737,1776,10.7,35.105,3.755728,7.141731,4.7,,,552.0,true,false,false,false,false,Baltimore,Maryland,United States of America,US
199761598,2014-04-24,2014-04-24T10:38:27Z,Another Day...,Run,6517.7,4.049911,1708,1781,10.7,35.105,3.815984,7.028961,6.3,,,551.0,true,false,false,false,false,Baltimore,Maryland,United States of America,US
199761467,2014-04-26,2014-04-26T18:48:53Z,Hot Hot Hot...,Run,6850.1,4.256455,1830,2270,34.6,113.517,3.743224,7.165588,5.2,,,582.0,true,false,false,false,false,Baltimore,Maryland,United States of America,US
199761358,2014-04-27,2014-04-27T17:44:25Z,No Where Near,Run,16509.7,10.258652,4538,5044,65.3,214.239,3.6381,7.372639,5.0,,,1393.0,true,true,false,false,false,Baltimore,Maryland,United States of America,US
199761261,2014-04-28,2014-04-28T10:20:16Z,Run B4 Work,Run,4942.2,3.070941,1296,1354,10.6,34.777,3.813426,7.033675,8.0,,,416.0,false,false,false,false,false,Baltimore,Maryland,United States of America,US
199761082,2014-04-29,2014-04-29T10:20:17Z,Adopted,Run,6569.3,4.081974,1728,1772,10.4,34.121,3.801678,7.05541,4.4,,,553.0,true,false,false,false,false,Baltimore,Maryland,United States of America,US
199760950,2014-05-01,2014-05-01T10:27:10Z,The Flood,Run,6522.4,4.052831,1686,1791,11.2,36.745,3.868565,6.933424,4.7,,,552.0,true,false,false,false,false,Baltimore,Maryland,United States of America,US
199760850,2014-05-02,2014-05-02T10:32:11Z,Renter,Run,6530.8,4.058051,1683,1749,10.4,34.121,3.880452,6.912185,4.6,,,549.0,true,false,false,false,false,Baltimore,Maryland,United States of America,US
199760727,2014-05-04,2014-05-04T12:30:06Z,Broad Street Run,Run,16132.8,10.024457,3816,3816,0.0,0.0,4.227673,6.344483,8.0,,,1336.0,true,true,false,false,false,Philadelphia,Pennsylvania,United States of America,US
199760518,2014-05-06,2014-05-06T09:40:08Z,Run After Broad,Run,6527.8,4.056187,1707,1780,10.6,34.777,3.824136,7.013977,8.8,,,548.0,true,false,false,false,false,Baltimore,Maryland,United States of America,US
199760363,2014-05-07,2014-05-07T09:44:59Z,Dead Rabbits,Run,6601.8,4.102168,1699,1804,10.5,34.449,3.885697,6.902853,5.5,,,556.0,true,false,false,false,false,Baltimore,Maryland,United States of America,US
199760233,2014-05-08,2014-05-08T09:52:43Z,Climate,Run,6514.6,4.047985,1692,1790,10.5,34.449,3.850236,6.966429,5.0,,,548.0,true,false,false,false,false,Baltimore,Maryland,United States of America,US
199760117,2014-05-09,2014-05-09T09:36:59Z,Just Running Running,Run,6520.2,4.051464,1726,1750,10.6,34.777,3.777636,7.100313,5.3,,,548.0,true,false,false,false,false,Baltimore,Maryland,United States of America,US
199759933,2014-05-10,2014-05-10T15:26:43Z,Wise Life,Run,6594.5,4.097632,1705,1716,10.2,33.465,3.867742,6.934899,4.8,,,554.0,true,false,false,false,false,Baltimore,Maryland,United States of America,US
199759860,2014-05-11,2014-05-11T20:04:46Z,Summer Training,Run,14569.8,9.053254,3864,4548,34.4,112.861,3.770652,7.113464,6.7,,,1226.0,true,true,false,false,false,Baltimore,Maryland,United States of America,US
199759708,2014-05-14,2014-05-14T10:06:14Z,"05/14/2014 Pasadena, Maryland",Run,8123.9,5.047957,2154,2210,33.5,109.908,3.771541,7.111787,5.1,,,685.0,true,false,false,false,false,Baltimore,Maryland,United States of America,US
199759604,2014-05-15,2014-05-15T09:40:22Z,"05/15/2014 Pasadena, Maryland",Run,8141.1,5.058645,2185,2274,22.9,75.131,3.725904,7.198897,5.1,,,687.0,true,false,false,false,false,Baltimore,Maryland,United States of America,US
199759402,2014-05-20,2014-05-20T08:38:49Z,"05/20/2014 Frederick, Maryland",Run,6531.6,4.058548,1724,1734,11.2,36.745,3.788631,7.079708,4.9,,,548.0,true,false,false,false,false,Frederick,Maryland,United States of America,US
199759242,2014-05-21,2014-05-21T08:54:31Z,"05/21/2014 Frederick, Maryland",Run,6525.3,4.054633,1734,1770,32.7,107.283,3.763149,7.127648,4.8,,,550.0,true,false,false,false,false,Frederick,Maryland,United States of America,US
199759153,2014-05-23,2014-05-23T09:02:36Z,"05/23/2014 Frederick, Maryland",Run,6613.7,4.109563,1732,1769,26.1,85.63,3.818533,7.024267,4.8,,,556.0,true,false,false,false,false,Frederick,Maryland,United States of America,US
199759009,2014-05-24,2014-05-24T11:02:43Z,"05/24/2014 Frederick, Maryland",Run,6569.7,4.082222,1722,1747,11.4,37.402,3.815157,7.030484,5.7,,,550.0,true,false,false,false,false,Frederick,Maryland,United States of America,US
199758836,2014-05-25,2014-05-25T11:40:47Z,"05/25/2014 Frederick, Maryland",Run,2418.3,1.502662,643,671,0.0,0.0,3.760964,7.131788,4.6,,,197.0,false,false,false,false,false,Frederick,Maryland,United States of America,US
199758699,2014-05-29,2014-05-29T22:17:14Z,"05/29/2014 Frederick, Maryland",Run,6558.7,4.075387,1707,1888,17.1,56.102,3.842238,6.980932,4.8,,,550.0,true,false,false,false,false,Frederick,Maryland,United States of America,US
199758576,2014-06-01,2014-06-01T12:59:00Z,Branson,Run,8140.9,5.058521,2128,2233,31.2,102.362,3.825611,7.011272,5.2,,,686.0,true,false,false,false,false,Township of Branson,Missouri,United States of America,US
199758211,2014-06-02,2014-06-02T12:46:05Z,MO Run,Run,8146.4,5.061938,2194,2334,63.9,209.646,3.713036,7.223847,4.8,,,688.0,true,false,false,false,false,Township of Howell,Missouri,United States of America,US
199758034,2014-06-03,2014-06-03T14:25:46Z,West Plains SQ,Run,8203.3,5.097294,2220,2762,70.9,232.612,3.69518,7.258753,5.2,,,697.0,true,false,false,false,false,Township of Howell,Missouri,United States of America,US
199757886,2014-06-05,2014-06-05T13:50:12Z,10K Practice Run,Run,9276.1,5.763901,2405,2620,86.0,282.152,3.857006,6.954202,4.6,,,785.0,true,false,false,false,false,Township of Howell,Missouri,United States of America,US
199757557,2014-06-07,2014-06-07T12:10:44Z,Fit for All Ages 10K,Run,9465.4,5.881527,2256,2256,83.3,273.294,4.195656,6.392898,5.6,,,800.0,true,false,false,false,false,Township of Howell,Missouri,United States of America,US
199757300,2014-06-09,2014-06-09T08:39:01Z,Monocacy Blvd,Run,7270.0,4.517369,1922,2079,46.4,152.231,3.782518,7.091149,4.9,,,613.0,true,false,false,false,false,Frederick,Maryland,United States of America,US
199757193,2014-06-10,2014-06-10T09:14:55Z,"06/10/2014 Frederick, Maryland",Run,6513.6,4.047363,1674,1735,25.7,84.318,3.891039,6.893377,5.1,,,550.0,true,false,false,false,false,Frederick,Maryland,United States of America,US
199756927,2014-06-14,2014-06-14T10:36:25Z,"06/14/2014 Frederick, Maryland",Run,8129.3,5.051313,2120,2162,33.1,108.596,3.834575,6.994881,4.6,,,683.0,true,false,false,false,false,Frederick,Maryland,United States of America,US
199756738,2014-06-15,2014-06-15T14:59:20Z,To Downtown Frederick,Run,16213.8,10.074788,4346,4687,40.7,133.53,3.730741,7.189564,5.3,,,1360.0,true,true,false,false,false,Frederick,Maryland,United States of America,US
199756554,2014-06-16,2014-06-16T08:54:40Z,"06/16/2014 Frederick, Maryland",Run,6525.1,4.054509,1727,1773,28.9,94.816,3.778286,7.099092,7.3,,,549.0,true,false,false,false,false,Frederick,Maryland,United States of America,US
199756432,2014-06-18,2014-06-18T09:05:37Z,"06/18/2014 Frederick, Maryland",Run,6536.4,4.061531,1716,1844,31.5,103.346,3.809091,7.04168,5.2,,,551.0,true,false,false,false,false,Frederick,Maryland,United States of America,US
199756342,2014-06-19,2014-06-19T09:18:39Z,Explore B-Park,Run,8238.8,5.119353,2122,2251,45.7,149.934,3.882564,6.908425,5.0,,,693.0,true,false,false,false,false,Frederick,Maryland,United States of America,US
199756224,2014-06-21,2014-06-21T11:30:42Z,"06/21/2014 Frederick, Maryland",Run,8203.9,5.097667,2115,2138,29.9,98.097,3.878913,6.914928,5.5,,,688.0,true,false,false,false,false,Frederick,Maryland,United States of America,US
199756075,2014-06-22,2014-06-22T11:29:06Z,"06/22/2014 Frederick, Maryland",Run,16341.2,10.153951,4289,4696,52.4,171.916,3.810026,7.039953,5.3,,,1372.0,true,true,false,false,false,Frederick,Maryland,United States of America,US
199755921,2014-06-24,2014-06-24T09:20:34Z,"06/24/2014 Frederick, Maryland",Run,8259.7,5.13234,2104,2283,23.1,75.787,3.925713,6.832491,5.2,,,693.0,true,false,false,false,false,Frederick,Maryland,United States of America,US
199755792,2014-06-25,2014-06-25T09:25:29Z,"06/25/2014 Frederick, Maryland",Run,8126.9,5.049822,2053,2175,47.6,156.168,3.958548,6.775817,4.7,,,686.0,true,false,false,false,false,Frederick,Maryland,United States of America,US
199755697,2014-06-26,2014-06-26T09:14:38Z,"06/26/2014 Frederick, Maryland",Run,8122.2,5.046901,2131,2243,47.8,156.824,3.81145,7.037322,4.8,,,686.0,true,false,false,false,false,Frederick,Maryland,United States of America,US
199755571,2014-06-28,2014-06-28T11:25:28Z,Family Party at Dearbought,Run,16251.9,10.098462,4346,4788,36.6,120.079,3.739508,7.172709,5.6,,,1363.0,true,true,false,false,false,Frederick,Maryland,United States of America,US
199755342,2014-06-30,2014-06-30T09:28:57Z,"06/30/2014 Frederick, Maryland",Run,4921.7,3.058203,1293,1368,10.3,33.793,3.806419,7.046623,5.1,,,414.0,false,false,false,false,false,Frederick,Maryland,United States of America,US
199755212,2014-07-01,2014-07-01T09:30:21Z,"07/01/2014 Frederick, Maryland",Run,4930.8,3.063857,1271,1574,33.6,110.236,3.879465,6.913943,8.2,,,416.0,false,false,false,false,false,Frederick,Maryland,United States of America,US
199755089,2014-07-02,2014-07-02T09:20:43Z,"07/02/2014 Frederick, Maryland",Run,8124.9,5.048579,2118,2118,29.8,97.769,3.836119,6.992067,4.7,,,683.0,true,false,false,false,false,Frederick,Maryland,United States of America,US
199754797,2014-07-05,2014-07-05T14:19:43Z,WiFiFoFum,Run,19394.0,12.050873,5154,5465,41.4,135.827,3.762903,7.128114,5.1,,,1627.0,true,true,false,false,false,Frederick,Maryland,United States of America,US
199754629,2014-07-06,2014-07-06T13:04:29Z,"07/06/2014 Frederick, Maryland",Run,8129.6,5.051499,2115,2216,23.8,78.084,3.843783,6.978126,6.7,,,682.0,true,false,false,false,false,Frederick,Maryland,United States of America,US
199754442,2014-07-07,2014-07-07T09:09:35Z,"07/07/2014 Frederick, Maryland",Run,4921.2,3.057892,1304,1317,15.4,50.525,3.773926,7.107293,4.8,,,414.0,false,false,false,false,false,Frederick,Maryland,United States of America,US
199754220,2014-07-09,2014-07-09T09:26:25Z,"07/09/2014 Frederick, Maryland",Run,4908.4,3.049938,1244,1290,15.3,50.197,3.945659,6.797952,8.3,,,413.0,false,false,false,false,false,Frederick,Maryland,United States of America,US
199753954,2014-07-11,2014-07-11T09:10:32Z,"07/11/2014 Frederick, Maryland",Run,9949.5,6.182333,2548,2650,44.3,145.341,3.904827,6.869036,5.4,,,838.0,true,false,false,false,false,Frederick,Maryland,United States of America,US
199753848,2014-07-12,2014-07-12T14:04:55Z,"07/12/2014 Frederick, Maryland",Run,8127.2,5.050008,2127,2495,35.4,116.142,3.820969,7.019791,6.5,,,681.0,true,false,false,false,false,Frederick,Maryland,United States of America,US
199753526,2014-07-13,2014-07-13T13:23:47Z,"07/13/2014 Frederick, Maryland",Run,17782.9,11.049782,4717,5402,65.5,214.895,3.76996,7.114771,5.3,,,1492.0,true,true,false,false,false,Frederick,Maryland,United States of America,US
199753279,2014-07-16,2014-07-16T09:28:39Z,"07/16/2014 Frederick, Maryland",Run,6855.1,4.259562,1786,1818,45.2,148.294,3.838242,6.9882,5.7,,,581.0,true,false,false,false,false,Frederick,Maryland,United States of America,US
199752965,2014-07-17,2014-07-17T09:29:45Z,"07/17/2014 Frederick, Maryland",Run,9018.0,5.603525,2292,2357,44.0,144.357,3.934555,6.817137,5.7,,,759.0,true,false,false,false,false,Frederick,Maryland,United States of America,US
199752811,2014-07-18,2014-07-18T09:12:15Z,"07/18/2014 Frederick, Maryland",Run,8371.5,5.201809,2170,2170,35.9,117.782,3.857834,6.95271,4.7,,,704.0,true,false,false,false,false,Frederick,Maryland,United States of America,US
199752682,2014-07-19,2014-07-19T15:01:05Z,Francis Scott Key Memorial,Run,16177.0,10.051922,4247,4874,63.9,209.646,3.809042,7.041771,7.3,,,1358.0,true,true,false,false,false,Frederick,Maryland,United States of America,US
199752537,2014-07-20,2014-07-20T17:19:37Z,"07/20/2014 Frederick, Maryland",Run,7333.9,4.557074,1897,1972,16.3,53.478,3.866052,6.937931,6.6,,,614.0,true,false,false,false,false,Frederick,Maryland,United States of America,US
199752401,2014-07-24,2014-07-24T10:19:33Z,"07/24/2014 Frederick, Maryland",Run,6520.1,4.051402,1702,1736,35.8,117.454,3.830846,7.001691,4.8,,,549.0,true,false,false,false,false,Frederick,Maryland,United States of America,US
199752280,2014-07-25,2014-07-25T09:21:04Z,"07/25/2014 Frederick, Maryland",Run,6539.4,4.063395,1701,1701,35.7,117.126,3.844444,6.976925,5.7,,,551.0,true,false,false,false,false,Frederick,Maryland,United States of America,US
199752013,2014-07-26,2014-07-26T18:11:17Z,"07/26/2014 Frederick, Maryland",Run,8135.5,5.055165,2124,2244,27.0,88.583,3.830273,7.002738,7.1,,,683.0,true,false,false,false,false,Frederick,Maryland,United States of America,US
199751688,2014-07-27,2014-07-27T12:16:31Z,"07/27/2014 Frederick, Maryland",Run,19391.4,12.049257,5276,5803,53.3,174.869,3.675398,7.297822,5.2,,,1627.0,true,true,false,false,false,Frederick,Maryland,United States of America,US
199751477,2014-07-29,2014-07-29T09:29:05Z,"07/29/2014 Frederick, Maryland",Run,4908.0,3.04969,1315,1315,15.3,50.197,3.732319,7.186523,5.0,,,413.0,false,false,false,false,false,Frederick,Maryland,United States of America,US
199751189,2014-07-30,2014-07-30T08:53:37Z,"07/30/2014 Frederick, Maryland",Run,11347.0,7.050699,3039,3194,51.8,169.948,3.733794,7.183685,5.1,,,956.0,true,true,false,false,false,Frederick,Maryland,United States of America,US
199750964,2014-07-31,2014-07-31T09:36:18Z,"07/31/2014 Frederick, Maryland",Run,4914.8,3.053915,1301,1301,15.4,50.525,3.777709,7.100175,4.9,,,414.0,false,false,false,false,false,Frederick,Maryland,United States of America,US
199750774,2014-08-02,2014-08-02T12:55:17Z,"08/02/2014 Frederick, Maryland",Run,20997.7,13.047366,5635,6550,48.5,159.121,3.7263,7.198132,7.4,,,1760.0,true,true,false,false,false,Frederick,Maryland,United States of America,US
199750622,2014-08-03,2014-08-03T12:18:34Z,"08/03/2014 Frederick, Maryland",Run,6516.9,4.049414,1756,1900,38.8,127.297,3.711219,7.227383,6.2,,,549.0,true,false,false,false,false,Frederick,Maryland,United States of America,US
199750351,2014-08-04,2014-08-04T13:31:35Z,"08/04/2014 Sierra Vista, Arizona",Run,8284.9,5.147998,2114,2505,36.0,118.11,3.919063,6.844084,5.5,,,694.0,true,false,false,false,false,Sierra Vista,Arizona,United States of America,US
199750189,2014-08-05,2014-08-05T12:54:02Z,"08/05/2014 Sierra Vista, Arizona",Run,8152.8,5.065915,2094,2332,23.3,76.444,3.89341,6.88918,6.7,,,683.0,true,false,false,false,false,Sierra Vista,Arizona,United States of America,US
199750046,2014-08-09,2014-08-09T14:41:06Z,"08/09/2014 Las Vegas, Nevada",Run,9748.5,6.057437,2495,2884,27.3,89.567,3.907214,6.86484,6.9,,,815.0,true,false,false,false,false,Las Vegas,Nevada,United States of America,US
199749858,2014-08-10,2014-08-10T14:41:35Z,"08/10/2014 Las Vegas, Nevada",Run,11347.6,7.051072,2956,4446,26.6,87.27,3.838836,6.987117,7.7,,,949.0,true,true,false,false,false,Las Vegas,Nevada,United States of America,US
199749642,2014-08-14,2014-08-14T09:39:22Z,"08/14/2014 Frederick, Maryland",Run,6517.1,4.049538,1700,1700,28.9,94.816,3.833588,6.996683,4.8,,,549.0,true,false,false,false,false,Frederick,Maryland,United States of America,US
199749342,2014-08-15,2014-08-15T09:30:39Z,"08/15/2014 Frederick, Maryland",Run,8137.3,5.056284,2138,2208,35.7,117.126,3.806034,7.047336,4.4,,,685.0,true,false,false,false,false,Frederick,Maryland,United States of America,US
199748991,2014-08-20,2014-08-20T08:46:39Z,"08/20/2014 Frederick, Maryland",Run,8123.4,5.047647,2178,2385,25.2,82.677,3.729752,7.19147,4.6,,,681.0,true,false,false,false,false,Frederick,Maryland,United States of America,US
199748856,2014-08-21,2014-08-21T10:19:04Z,"08/21/2014 San Antonio, Texas",Run,8171.0,5.077224,2170,2403,0.0,0.0,3.765438,7.123315,6.9,,,691.0,true,false,false,false,false,San Antonio,Texas,United States of America,US
199748699,2014-08-22,2014-08-22T10:44:28Z,"08/22/2014 San Antonio, Texas",Run,8130.4,5.051996,2208,2413,10.0,32.808,3.682246,7.284249,7.7,,,692.0,true,false,false,false,false,San Antonio,Texas,United States of America,US
199748537,2014-08-23,2014-08-23T13:24:48Z,"08/23/2014 San Antonio, Texas",Run,19386.5,12.046213,5210,6206,37.7,123.688,3.721017,7.208351,9.9,,,1641.0,true,true,false,false,false,San Antonio,Texas,United States of America,US
199748218,2014-08-24,2014-08-24T13:02:22Z,"08/24/2014 San Antonio, Texas",Run,16874.7,10.485452,4731,5446,0.0,0.0,3.566836,7.519943,7.5,,,1419.0,true,true,false,false,false,San Antonio,Texas,United States of America,US
199748006,2014-08-26,2014-08-26T11:09:52Z,"08/26/2014 San Antonio, Texas",Run,9742.6,6.053771,2597,3091,0.0,0.0,3.751482,7.149813,8.3,,,822.0,true,false,false,false,false,San Antonio,Texas,United States of America,US
199747806,2014-08-27,2014-08-27T11:10:41Z,"08/27/2014 San Antonio, Texas",Run,10448.3,6.492273,2923,3322,0.0,0.0,3.574512,7.503793,9.5,,,886.0,true,true,false,false,false,San Antonio,Texas,United States of America,US
199747676,2014-08-28,2014-08-28T11:35:26Z,"08/28/2014 San Antonio, Texas",Run,6537.1,4.061966,1763,2145,0.0,0.0,3.707941,7.233772,8.3,,,548.0,true,false,false,false,false,San Antonio,Texas,United States of America,US
199747191,2014-08-30,2014-08-30T13:47:18Z,"08/30/2014 Frederick, Maryland",Run,12968.9,8.058501,3362,3920,22.1,72.507,3.857496,6.95332,4.9,,,1088.0,true,true,false,false,false,Frederick,Maryland,United States of America,US
199746918,2014-08-31,2014-08-31T12:06:55Z,"08/31/2014 Frederick, Maryland",Run,18412.9,11.441246,4933,6204,58.9,193.241,3.732597,7.185989,4.9,,,1544.0,true,true,false,false,false,Frederick,Maryland,United States of America,US
199746760,2014-08-31,2014-08-31T13:55:38Z,"08/31/2014 Frederick, Maryland",Run,4868.9,3.025394,1294,1862,10.4,34.121,3.762674,7.128548,4.8,,,410.0,false,false,false,false,false,Frederick,Maryland,United States of America,US
199746076,2014-09-04,2014-09-04T09:21:22Z,"09/04/2014 Frederick, Maryland",Run,8217.4,5.106056,2141,2237,35.7,117.126,3.838113,6.988434,4.9,,,691.0,true,false,false,false,false,Frederick,Maryland,United States of America,US
199745916,2014-09-06,2014-09-06T11:30:03Z,Bird-In-Hand Half Marathon,Run,21129.8,13.129449,5623,5658,124.7,409.121,3.757745,7.137898,5.7,,,1777.0,true,true,true,false,false,Township of Leacock,Pennsylvania,United States of America,US
199745811,2014-09-08,2014-09-08T09:26:36Z,"09/08/2014 Frederick, Maryland",Run,6545.2,4.066999,1783,1783,35.7,117.126,3.670892,7.30678,4.5,,,550.0,true,false,false,false,false,Frederick,Maryland,United States of America,US
199745637,2014-09-09,2014-09-09T22:45:20Z,"09/09/2014 Frederick, Maryland",Run,16171.1,10.048256,4362,4779,48.7,159.777,3.707267,7.235087,4.8,,,1356.0,true,true,false,false,false,Frederick,Maryland,United States of America,US
199745313,2014-09-10,2014-09-10T09:27:19Z,"09/10/2014 Frederick, Maryland",Run,11172.1,6.942021,3129,84996,40.7,133.53,3.570502,7.512221,5.2,,,940.0,true,true,false,false,false,Frederick,Maryland,United States of America,US
199745176,2014-09-11,2014-09-11T09:04:25Z,"09/11/2014 Frederick, Maryland",Run,8194.0,5.091516,2203,2472,23.3,76.444,3.719473,7.211343,4.4,,,689.0,true,false,false,false,false,Frederick,Maryland,United States of America,US
199744910,2014-09-13,2014-09-13T14:28:45Z,In the Streets,Run,13956.6,8.672229,3692,4590,36.6,120.079,3.780228,7.095446,5.4,,,1171.0,true,true,false,false,false,Frederick,Maryland,United States of America,US
199744774,2014-09-14,2014-09-14T13:09:24Z,C&O Canal 18m,Run,29047.9,18.049528,7780,8157,10.1,33.136,3.733663,7.183937,5.4,,,2432.0,true,true,true,false,false,Catoctin District,Maryland,United States of America,US
199744514,2014-09-15,2014-09-15T22:19:22Z,09/15/2014,Run,6005.8,3.731831,1394,1394,0.0,0.0,4.308321,6.225719,4.9,,,502.0,true,false,false,false,false,,,,
199744381,2014-09-16,2014-09-16T09:35:47Z,"09/16/2014 Frederick, Maryland",Run,9847.1,6.118704,2643,2915,53.1,174.213,3.725728,7.199237,5.6,,,828.0,true,false,false,false,false,Frederick,Maryland,United States of America,US
199744228,2014-09-17,2014-09-17T09:37:39Z,"09/17/2014 Frederick, Maryland",Run,8139.7,5.057775,2198,2361,35.6,116.798,3.70323,7.242974,6.6,,,685.0,true,false,false,false,false,Frederick,Maryland,United States of America,US
199743799,2014-09-18,2014-09-18T18:45:58Z,TM 6x800s,Run,5310.6,3.299854,1440,1440,,,3.687917,7.273049,,,,444.0,true,false,false,false,false,,,,
199743484,2014-09-20,2014-09-20T12:12:49Z,Beat The Blerch Virtual 10K,Run,9902.5,6.153128,2569,2813,52.2,171.26,3.854613,6.95852,4.6,166.0,181.0,830.0,true,false,false,false,false,Frederick,Maryland,United States of America,US
199743147,2014-09-21,2014-09-21T12:36:48Z,"09/21/2014 Frederick, Maryland",Run,19392.9,12.050189,5320,6124,63.3,207.677,3.645282,7.358114,7.1,,,1626.0,true,true,false,false,false,Frederick,Maryland,United States of America,US
199742975,2014-09-22,2014-09-22T09:46:22Z,"09/22/2014 Frederick, Maryland",Run,6511.8,4.046245,1788,1986,31.5,103.346,3.641946,7.364853,4.2,,,549.0,true,false,false,false,false,Frederick,Maryland,United States of America,US
199742583,2014-09-26,2014-09-26T08:29:26Z,"09/26/2014 Frederick, Maryland",Run,16333.3,10.149042,4402,4849,52.3,171.588,3.710427,7.228925,4.4,,,1370.0,true,true,false,false,false,Frederick,Maryland,United States of America,US
200480099,2014-09-27,2014-09-27T11:52:26Z,"09/27/2014 Jefferson, Maryland",Run,32302.1,20.071594,8774,9175,11.0,36.089,3.681571,7.285586,6.8,,,2704.0,true,true,true,false,false,Catoctin District,Maryland,United States of America,US
200967811,2014-09-29,2014-09-29T09:38:35Z,"09/29/2014 Frederick, Maryland",Run,8183.0,5.08468,2280,2473,28.8,94.488,3.589035,7.473429,4.2,,,689.0,true,false,false,false,false,Frederick,Maryland,United States of America,US
201646270,2014-09-30,2014-09-30T21:40:24Z,"09/30/2014 Frederick, Maryland",Run,11306.9,7.025782,3011,3438,33.5,109.908,3.755198,7.14274,4.4,,,949.0,true,true,false,false,false,Frederick,Maryland,United States of America,US
201803969,2014-10-01,2014-10-01T09:16:56Z,"10/01/2014 Frederick, Maryland",Run,8124.0,5.04802,2224,2234,31.3,102.69,3.652878,7.342814,5.4,,,683.0,true,false,false,false,false,Frederick,Maryland,United States of America,US
202223133,2014-10-02,2014-10-02T09:21:20Z,"10/02/2014 Frederick, Maryland",Run,8198.2,5.094125,2242,2415,28.7,94.16,3.656646,7.335247,4.5,158.0,178.0,689.0,true,false,false,false,false,Frederick,Maryland,United States of America,US
203269961,2014-10-04,2014-10-04T13:48:34Z,"10/04/2014 Frederick, Maryland",Run,6515.9,4.048793,1750,1991,33.0,108.268,3.723371,7.203794,4.3,,,549.0,true,false,false,false,false,Frederick,Maryland,United States of America,US
203551266,2014-10-05,2014-10-05T11:20:25Z,"10/05/2014 Frederick, Maryland",Run,19394.0,12.050873,4945,5464,52.7,172.9,3.921941,6.839062,4.9,165.0,176.0,1627.0,true,true,false,false,false,Frederick,Maryland,United States of America,US
203978061,2014-10-06,2014-10-06T09:22:08Z,"10/06/2014 Frederick, Maryland",Run,8134.3,5.05442,2269,2269,28.8,94.488,3.584971,7.481901,4.6,,,684.0,true,false,false,false,false,Frederick,Maryland,United States of America,US
204353865,2014-10-07,2014-10-07T08:50:07Z,"10/07/2014 Frederick, Maryland",Run,16401.7,10.191544,4562,5401,52.7,172.9,3.595287,7.460433,4.2,154.0,169.0,1377.0,true,true,false,false,false,Frederick,Maryland,United States of America,US
205200300,2014-10-09,2014-10-09T12:09:00Z,8x800s Treadmill,Run,7225.6,4.48978,1835,1835,,,3.937657,6.811767,,,,604.0,true,false,false,false,false,,,,
206070437,2014-10-11,2014-10-11T16:35:00Z,NYC MARATHON LAST 10 - TM,Run,16092.7,9.99954,4550,4550,,,3.536857,7.583682,,,,1345.0,true,true,false,false,false,,,,
206547267,2014-10-12,2014-10-12T12:50:08Z,Last 20 before NYC Marathon,Run,32267.8,20.050281,8934,9801,88.7,291.01,3.611798,7.42633,4.6,,,2709.0,true,true,true,false,false,Brunswick,Maryland,United States of America,US
207221699,2014-10-13,2014-10-13T15:30:00Z,5miles TM,Run,8046.3,4.999739,2410,2410,,,3.338714,8.033753,,,,673.0,true,false,false,false,false,,,,
207170534,2014-10-14,2014-10-14T09:50:15Z,"10/14/2014 Frederick, Maryland",Run,8130.6,5.052121,2296,2383,28.8,94.488,3.541202,7.574377,4.3,,,684.0,true,false,false,false,false,Frederick,Maryland,United States of America,US
207595253,2014-10-15,2014-10-15T09:35:08Z,6xHill TM,Run,2381.7,1.47992,705,705,,,3.378298,7.93962,,,,199.0,false,false,false,false,false,,,,
208284914,2014-10-17,2014-10-17T08:59:52Z,"10/17/2014 Frederick, Maryland",Run,12975.4,8.06254,3633,4073,34.8,114.173,3.571539,7.51004,4.4,,,1089.0,true,true,false,false,false,Frederick,Maryland,United States of America,US
208665335,2014-10-18,2014-10-18T10:25:41Z,"10/18/2014 Gettysburg, Pennsylvania",Run,12992.6,8.073227,3536,3874,89.4,293.307,3.674378,7.299848,4.3,,,1096.0,true,true,false,false,false,Township of Cumberland,Pennsylvania,United States of America,US
209811571,2014-10-20,2014-10-20T22:14:43Z,"10/20/2014 Frederick, Maryland",Run,6506.4,4.04289,1652,1704,15.9,52.165,3.938499,6.810311,4.8,,,544.0,true,false,false,false,false,Frederick,Maryland,United States of America,US
210947136,2014-10-23,2014-10-23T19:57:00Z,Bruised Knee TM,Run,6823.3,4.239802,2095,2095,,,3.256945,8.235447,,,,570.0,true,false,false,false,false,,,,
211092850,2014-10-24,2014-10-24T09:55:25Z,TM,Run,7563.5,4.699741,2057,2057,,,3.676957,7.294728,,,,632.0,true,false,false,false,false,,,,
222678070,2014-11-02,2014-11-02T14:42:48Z,NYC Marathon 2014,Run,43127.1,26.797938,12916,13000,141.4,463.911,3.339045,8.032957,11.0,,,3621.0,true,true,true,true,true,New York City,New York,United States of America,US
219080670,2014-11-09,2014-11-09T13:13:34Z,"11/09/2014 Annapolis, Maryland",Run,9908.8,6.157043,4116,4121,0.0,0.0,2.407386,11.141712,3.6,,,831.0,true,false,false,false,false,Baltimore,Maryland,United States of America,US
219080674,2014-11-12,2014-11-12T10:27:27Z,"11/12/2014 Frederick, Maryland",Run,6516.4,4.049103,1822,1986,28.6,93.832,3.576509,7.499603,4.3,,,548.0,true,false,false,false,false,Frederick,Maryland,United States of America,US
219079138,2014-11-14,2014-11-14T10:50:42Z,"11/14/2014 Frederick, Maryland",Run,6552.8,4.071721,1812,1812,36.2,118.766,3.616336,7.417011,5.1,,,551.0,true,false,false,false,false,Frederick,Maryland,United States of America,US
219824412,2014-11-16,2014-11-16T12:08:45Z,"11/16/2014 Frederick, Maryland",Run,12957.2,8.051231,3593,3776,35.6,116.798,3.606234,7.437786,4.6,,,1087.0,true,true,false,false,false,Frederick,Maryland,United States of America,US
221448323,2014-11-17,2014-11-17T10:15:00Z,Treadmill,Run,4908.3,3.049876,1355,1355,,,3.622362,7.404672,,,,410.0,false,false,false,false,false,,,,
221448259,2014-11-18,2014-11-18T10:15:00Z,TMblah,Run,0.0,0.0,1374,1374,,,0.0,,,,,0.0,false,false,false,false,false,,,,
221448066,2014-11-20,2014-11-20T10:14:00Z,TM - 2mi Hills,Run,4892.2,3.039872,1498,1498,,,3.265821,8.213065,,,,409.0,false,false,false,false,false,,,,
221953918,2014-11-22,2014-11-22T15:16:31Z,"11/22/2014 Frederick, Maryland",Run,8125.0,5.048641,2171,2175,30.8,101.05,3.742515,7.166945,4.5,,,682.0,true,false,false,false,false,Frederick,Maryland,United States of America,US
222463376,2014-11-23,2014-11-23T13:34:08Z,Zoo Zoom 8K,Run,7869.9,4.890129,1939,1942,84.3,276.575,4.058742,6.608551,5.8,,,666.0,true,false,false,false,false,Baltimore,Maryland,United States of America,US
222674687,2014-11-24,2014-11-24T10:22:44Z,"11/24/2014 Frederick, Maryland",Run,4909.7,3.050746,1373,1373,15.3,50.197,3.575892,7.500897,5.3,,,413.0,false,false,false,false,false,Frederick,Maryland,United States of America,US
223012264,2014-11-25,2014-11-25T10:17:27Z,"11/25/2014 Frederick, Maryland",Run,8137.3,5.056284,2206,2206,35.6,116.798,3.688713,7.27148,4.5,168.0,180.0,684.0,true,false,false,false,false,Frederick,Maryland,United States of America,US
224144014,2014-11-27,2014-11-27T14:10:55Z,THANKSGIVING 5K TM,Run,4988.7,3.099834,1408,1408,,,3.543111,7.570297,,,,417.0,false,false,false,false,false,,,,
224420541,2014-11-29,2014-11-29T14:39:39Z,"11/29/2014 Frederick, Maryland",Run,16184.9,10.056831,4444,4824,52.6,172.572,3.641967,7.364812,4.2,165.0,178.0,1358.0,true,true,false,false,false,Frederick,Maryland,United States of America,US
225171098,2014-12-01,2014-12-01T13:38:46Z,"12/01/2014 Montgomery, Alabama",Run,8893.3,5.52604,2331,2712,26.4,86.614,3.81523,7.03035,4.8,,,748.0,true,false,false,false,false,Montgomery,Alabama,United States of America,US
225481811,2014-12-02,2014-12-02T12:19:46Z,"12/02/2014 Montgomery, Alabama",Run,8596.3,5.341493,2276,2613,26.3,86.286,3.776933,7.101635,4.5,162.0,175.0,728.0,true,false,false,false,false,Montgomery,Alabama,United States of America,US
225796814,2014-12-03,2014-12-03T12:15:40Z,"12/03/2014 Montgomery, Alabama",Run,6119.7,3.802605,1583,1787,10.1,33.136,3.865888,6.938226,4.9,,,516.0,true,false,false,false,false,Montgomery,Alabama,United States of America,US
227137615,2014-12-07,2014-12-07T14:35:15Z,"12/07/2014 Frederick, Maryland",Run,16352.5,10.160972,4353,4741,51.3,168.307,3.756605,7.140065,4.4,174.0,191.0,1371.0,true,true,false,false,false,Frederick,Maryland,United States of America,US
227414576,2014-12-08,2014-12-08T10:20:47Z,"12/08/2014 Frederick, Maryland",Run,4928.9,3.062676,1374,1427,16.5,54.134,3.587263,7.47712,4.2,,,415.0,false,false,false,false,false,Frederick,Maryland,United States of America,US
228089423,2014-12-10,2014-12-10T11:00:00Z,TM Hill Workout - Incline 10,Run,3299.0,2.049904,1165,1165,,,2.83176,9.47199,,,,276.0,false,false,false,false,false,,,,
228340876,2014-12-11,2014-12-11T10:37:35Z,"12/11/2014 Frederick, Maryland",Run,1731.4,1.075842,502,510,0.0,0.0,3.449004,7.776854,6.6,,,143.0,false,false,false,false,false,Frederick,Maryland,United States of America,US
228340882,2014-12-11,2014-12-11T10:47:17Z,"12/11/2014 Frederick, Maryland",Run,8212.6,5.103073,2257,2279,65.7,215.551,3.638724,7.371375,4.4,160.0,172.0,694.0,true,false,false,false,false,Frederick,Maryland,United States of America,US
228602770,2014-12-12,2014-12-12T10:42:31Z,Twisted Ankle :(,Run,9741.9,6.053336,2618,2721,50.6,166.01,3.721123,7.208147,4.6,169.0,179.0,819.0,true,false,false,false,false,Frederick,Maryland,United States of America,US
229964429,2014-12-15,2014-12-15T10:53:00Z,Treadmill - 4 - shamrock course,Run,6662.4,4.139823,1950,1950,,,3.416615,7.850576,,,,557.0,true,false,false,false,false,,,,
229964324,2014-12-16,2014-12-16T10:53:00Z,Treadmill - 3,Run,5696.8,3.539827,1508,1508,,,3.777719,7.100158,,,,476.0,true,false,false,false,false,,,,
230219582,2014-12-17,2014-12-17T10:22:06Z,"12/17/2014 Frederick, Maryland",Run,11353.1,7.054489,3029,3396,22.1,72.507,3.748135,7.1562,4.8,164.0,177.0,952.0,true,true,false,false,false,Frederick,Maryland,United States of America,US
230497528,2014-12-18,2014-12-18T10:47:44Z,"12/18/2014 Frederick, Maryland",Run,6529.1,4.056995,1662,1672,36.8,120.735,3.92846,6.827714,4.7,169.0,184.0,549.0,true,false,false,false,false,Frederick,Maryland,United States of America,US
231133448,2014-12-20,2014-12-20T15:34:33Z,"12/20/2014 Frederick, Maryland",Run,11627.3,7.224869,3081,3313,36.8,120.735,3.773872,7.107395,4.7,170.0,182.0,978.0,true,true,false,false,false,Frederick,Maryland,United States of America,US
231560150,2014-12-21,2014-12-21T15:40:53Z,"12/21/2014 Frederick, Maryland",Run,21070.7,13.092726,5698,6070,47.5,155.84,3.697912,7.253391,4.8,164.0,180.0,1766.0,true,true,false,false,false,Frederick,Maryland,United States of America,US
231785003,2014-12-22,2014-12-22T10:40:20Z,"12/22/2014 Frederick, Maryland",Run,4994.1,3.10319,1342,1342,27.6,90.551,3.721386,7.207637,4.3,155.0,169.0,420.0,false,false,false,false,false,Frederick,Maryland,United States of America,US
232117097,2014-12-23,2014-12-23T10:15:00Z,Tombstone TM Run,Run,4892.2,3.039872,1410,1410,,,3.469645,7.730588,,,,409.0,false,false,false,false,false,,,,
232586564,2014-12-24,2014-12-24T18:31:00Z,Christmas Eve Treadmill,Run,9816.5,6.09969,2567,2567,,,3.824114,7.014017,,,,821.0,true,false,false,false,false,,,,
235704854,2014-12-26,2014-12-26T21:35:30Z,5 x 800s,Run,4023.2,2.499901,925,925,,,4.349405,6.166912,,,,336.0,false,false,false,false,false,,,,
233419036,2014-12-27,2014-12-27T15:31:51Z,"12/27/2014 Frederick, Maryland",Run,12211.9,7.588123,3229,3449,22.6,74.147,3.781945,7.092224,4.5,166.0,180.0,1024.0,true,true,false,false,false,Frederick,Maryland,United States of America,US
233754928,2014-12-28,2014-12-28T11:53:15Z,"12/28/2014 Frederick, Maryland",Run,16621.5,10.328121,4424,4688,49.0,160.761,3.75712,7.139085,4.9,161.0,178.0,1394.0,true,true,false,false,false,Frederick,Maryland,United States of America,US
234094508,2014-12-29,2014-12-29T10:49:01Z,"12/29/2014 Frederick, Maryland",Run,4914.5,3.053729,1351,1351,25.6,83.99,3.637676,7.373499,4.3,,,416.0,false,false,false,false,false,Frederick,Maryland,United States of America,US
234442070,2014-12-30,2014-12-30T09:57:01Z,"12/30/2014 Frederick, Maryland",Run,12988.4,8.070618,3512,3618,35.9,117.782,3.698292,7.252646,5.1,161.0,176.0,1089.0,true,true,false,false,false,Frederick,Maryland,United States of America,US
234833724,2014-12-31,2014-12-31T10:47:55Z,"12/31/2014 Frederick, Maryland",Run,6693.5,4.159148,1805,1854,31.6,103.675,3.70831,7.233052,4.5,160.0,174.0,564.0,true,false,false,false,false,Frederick,Maryland,United States of America,US
235702821,2015-01-01,2015-01-01T15:10:00Z,TM Hills 2.5 ,Run,4345.0,2.699858,1517,1517,,,2.864206,9.364691,,,,363.0,false,false,false,false,false,,,,
236021968,2015-01-03,2015-01-03T10:12:29Z,"01/03/2015 Frederick, Maryland",Run,12958.1,8.05179,3408,3564,36.2,118.766,3.802259,7.054332,6.9,172.0,182.0,1087.0,true,true,false,false,false,Frederick,Maryland,United States of America,US
236774884,2015-01-04,2015-01-04T17:24:50Z,"01/04/2015 Frederick, Maryland",Run,25911.1,16.100411,6937,7725,59.9,196.522,3.735203,7.180976,4.5,165.0,180.0,2172.0,true,true,true,false,false,Frederick,Maryland,United States of America,US
237016174,2015-01-05,2015-01-05T10:47:06Z,"01/05/2015 Frederick, Maryland",Run,4945.7,3.073116,1387,1387,27.4,89.895,3.565753,7.522225,4.2,157.0,169.0,416.0,false,false,false,false,false,Frederick,Maryland,United States of America,US
237701708,2015-01-06,2015-01-06T10:35:40Z,Snow Day - TM,Run,6501.4,4.039783,1828,1828,,,3.556565,7.54166,,,,544.0,true,false,false,false,false,,,,
238013740,2015-01-07,2015-01-07T10:15:18Z,TM 8 - Ice,Run,12874.1,7.999595,3600,3600,,,3.576139,7.50038,,,,1076.0,true,true,false,false,false,,,,
238744949,2015-01-09,2015-01-09T10:30:00Z,TM 6x800s,Run,4892.2,3.039872,1108,1108,,,4.415343,6.074817,,,,409.0,false,false,false,false,false,,,,
239369652,2015-01-10,2015-01-10T20:30:15Z,TM - Ravens vs Patriots,Run,13678.8,8.499612,3635,3635,,,3.763081,7.127776,,,,1144.0,true,true,false,false,false,,,,
239937965,2015-01-11,2015-01-11T21:00:51Z,"01/11/2015 Frederick, Maryland",Run,21000.5,13.049106,5706,6988,66.3,217.52,3.680424,7.287856,10.0,158.0,179.0,1762.0,true,true,false,false,false,Frederick,Maryland,United States of America,US
240143506,2015-01-12,2015-01-12T10:15:00Z,TM - Icy! ,Run,4892.2,3.039872,1365,1365,,,3.584029,7.483867,,,,409.0,false,false,false,false,false,,,,
240517933,2015-01-13,2015-01-13T10:15:00Z,TM - Edgar Allen Poe,Run,14563.9,9.049588,4065,4065,,,3.582755,7.486529,,,,1218.0,true,true,false,false,false,,,,
241119351,2015-01-14,2015-01-14T11:00:15Z,TM - Another One,Run,5342.8,3.319862,1502,1502,,,3.557124,7.540474,,,,447.0,true,false,false,false,false,,,,
241393168,2015-01-15,2015-01-15T10:30:27Z,TM - Hope Last Time,Run,8191.2,5.089776,2357,2357,,,3.475265,7.718087,,,,685.0,true,false,false,false,false,,,,
242419833,2015-01-17,2015-01-17T20:11:13Z,"01/17/2015 Frederick, Maryland",Run,27522.0,17.101378,7361,8242,76.2,250.0,3.738894,7.173886,4.9,165.0,180.0,2309.0,true,true,true,false,false,Frederick,Maryland,United States of America,US
243385408,2015-01-19,2015-01-19T22:03:55Z,"01/19/2015 Frederick, Maryland",Run,5248.1,3.261018,1395,1398,28.4,93.176,3.762079,7.129675,4.6,,,444.0,true,false,false,false,false,Frederick,Maryland,United States of America,US
243571678,2015-01-20,2015-01-20T10:19:48Z,"01/20/2015 Frederick, Maryland",Run,14580.8,9.060089,3960,4541,35.8,117.454,3.68202,7.284697,4.6,165.0,177.0,1223.0,true,true,false,false,false,Frederick,Maryland,United States of America,US
246024748,2015-01-22,2015-01-22T10:30:00Z,TM Hils Incline 6,Run,5069.2,3.149855,1708,1708,,,2.967916,9.037453,,,,424.0,true,false,false,false,false,,,,
246011373,2015-01-24,2015-01-24T21:07:34Z,"01/24/2015 Frederick, Maryland",Run,14567.0,9.051514,3926,4336,36.1,118.438,3.710392,7.228993,7.0,168.0,181.0,1221.0,true,true,false,false,false,Frederick,Maryland,United States of America,US
246011919,2015-01-25,2015-01-25T15:07:41Z,"01/25/2015 Frederick, Maryland",Run,30663.4,19.053353,8383,9052,76.0,249.344,3.657807,7.332917,5.1,162.0,178.0,2571.0,true,true,true,false,false,Frederick,Maryland,United States of America,US
246475169,2015-01-26,2015-01-26T16:37:00Z,Snow Storm TM,Run,6614.1,4.109811,1997,1997,,,3.312018,8.098507,,,,553.0,true,false,false,false,false,,,,
246884664,2015-01-27,2015-01-27T15:37:00Z,Too Damn Long on TM,Run,16173.1,10.049498,4745,4745,,,3.408451,7.869381,,,,1352.0,true,true,false,false,false,,,,
247836206,2015-01-29,2015-01-29T18:55:00Z,TM - DefCon 22  Video Catchup,Run,11329.2,7.039639,3185,3185,,,3.557049,7.540633,,,,947.0,true,true,false,false,false,,,,
248795595,2015-01-31,2015-01-31T10:30:00Z,TM 10 before 20,Run,16189.2,10.059503,4585,4585,,,3.530905,7.596466,,,,1353.0,true,true,false,false,false,,,,
249257810,2015-02-01,2015-02-01T18:13:44Z,"02/01/2015 Frederick, Maryland",Run,19779.0,12.290101,5441,6553,49.4,162.073,3.635177,7.378567,5.2,162.0,175.0,1660.0,true,true,false,false,false,Frederick,Maryland,United States of America,US
249258199,2015-02-01,2015-02-01T20:05:19Z,"02/01/2015 Frederick, Maryland",Run,12965.0,8.056078,3665,4014,33.9,111.22,3.537517,7.582267,4.2,159.0,175.0,1084.0,true,true,false,false,false,Frederick,Maryland,United States of America,US
249471361,2015-02-02,2015-02-02T10:30:00Z,After 20 TM,Run,6517.5,4.049787,1925,1925,,,3.385714,7.922228,,,,545.0,true,false,false,false,false,,,,
249855199,2015-02-03,2015-02-03T10:30:00Z,TM.. Sec Weekly,Run,8126.8,5.049759,2365,2365,,,3.436279,7.805652,,,,679.0,true,false,false,false,false,,,,
250734997,2015-02-05,2015-02-05T10:30:00Z,TM 6x800s,Run,4908.3,3.049876,1128,1128,,,4.35133,6.164185,,,,410.0,false,false,false,false,false,,,,
251181378,2015-02-06,2015-02-06T18:10:00Z,TM SHENANDOAH NATIONAL PARK,Run,6501.4,4.039783,1825,1825,,,3.562411,7.529283,,,,544.0,true,false,false,false,false,,,,
251436607,2015-02-07,2015-02-07T10:38:20Z,"02/07/2015 Frederick, Maryland",Run,9854.8,6.123489,2623,2702,43.7,143.373,3.757072,7.139176,5.4,167.0,183.0,829.0,true,false,false,false,false,Frederick,Maryland,United States of America,US
252336006,2015-02-08,2015-02-08T20:38:01Z,"02/08/2015 Frederick, Maryland",Run,16170.2,10.047696,4361,4904,37.0,121.391,3.707911,7.233831,4.6,163.0,181.0,1356.0,true,true,false,false,false,Frederick,Maryland,United States of America,US
252514117,2015-02-09,2015-02-09T10:40:39Z,"02/09/2015 Frederick, Maryland",Run,6531.6,4.058548,1787,1828,31.5,103.346,3.655064,7.338421,4.8,159.0,172.0,550.0,true,false,false,false,false,Frederick,Maryland,United States of America,US
253000868,2015-02-10,2015-02-10T10:30:00Z,IT Crowd TM - S04E01-03,Run,16897.3,10.499495,4595,4595,,,3.677323,7.294001,,,,1413.0,true,true,false,false,false,,,,
254916894,2015-02-11,2015-02-11T06:00:40Z,TM Hills,Run,4827.8,2.999856,1649,1649,,,2.927714,9.161551,,,,404.0,false,false,false,false,false,,,,
253844410,2015-02-12,2015-02-12T10:58:51Z,"02/12/2015 Frederick, Maryland",Run,6561.5,4.077127,1744,1825,31.7,104.003,3.762328,7.129203,4.5,,,553.0,true,false,false,false,false,Frederick,Maryland,United States of America,US
254845855,2015-02-14,2015-02-14T17:30:02Z,"02/14/2015 Frederick, Maryland",Run,16274.8,10.112692,4186,4752,36.2,118.766,3.887912,6.898921,4.8,168.0,182.0,1364.0,true,true,false,false,false,Frederick,Maryland,United States of America,US
256065690,2015-02-16,2015-02-16T21:19:11Z,Monty Python's Life of Brian 13.1,Run,21242.3,13.199353,6030,6030,,,3.522769,7.614009,,,,1776.0,true,true,true,false,false,,,,
257756713,2015-02-17,2015-02-17T20:30:00Z,IT Crowd - Last Byte,Run,10025.7,6.229681,2827,2827,,,3.54641,7.563255,,,,838.0,true,true,false,false,false,,,,
257756662,2015-02-18,2015-02-18T09:30:00Z,Python TM,Run,7257.8,4.509788,2035,2035,,,3.566486,7.520679,,,,607.0,true,false,false,false,false,,,,
257756617,2015-02-20,2015-02-20T10:30:00Z,Hacker Doc TM - Tempo,Run,9736.1,6.049732,2477,2477,,,3.930602,6.823994,,,,814.0,true,false,false,false,false,,,,
261981259,2015-02-21,2015-02-21T10:00:00Z,2/21 1 TM,Run,5117.7,3.179991,1275,1275,,,4.013882,6.682408,,,,428.0,true,false,false,false,false,,,,
258844462,2015-02-21,2015-02-21T20:30:00Z,2.21 2 TM,Run,3379.5,2.099924,945,945,,,3.57619,7.500272,,,,283.0,false,false,false,false,false,,,,
258844437,2015-02-22,2015-02-22T20:00:00Z,2/22 TM - SNOOOWWWW,Run,25828.7,16.04921,7277,7277,,,3.549361,7.556966,,,,2159.0,true,true,true,false,false,,,,
261981585,2015-02-23,2015-02-23T10:00:00Z,TM 2/23 1,Run,5536.1,3.439973,1395,1395,,,3.96853,6.758774,,,,463.0,true,false,false,false,false,,,,
258844406,2015-02-23,2015-02-23T11:00:00Z,2/23 2 ,Run,804.6,0.499955,285,285,,,2.823158,9.50085,,,,67.0,false,false,false,false,false,,,,
259298953,2015-02-24,2015-02-24T10:00:00Z,10 on TM... TM is getting old,Run,16897.3,10.499495,4415,4415,,,3.827248,7.008273,,,,1413.0,true,true,false,false,false,,,,
260143939,2015-02-26,2015-02-26T12:30:00Z,OPM delay TM,Run,8126.8,5.049759,2227,2227,,,3.649214,7.350185,,,,679.0,true,false,false,false,false,,,,
261095075,2015-02-28,2015-02-28T17:44:00Z,TM - Silicon Valley,Run,16173.1,10.049498,4185,4185,,,3.86454,6.940645,,,,1352.0,true,true,false,false,false,,,,
261655130,2015-03-01,2015-03-01T14:00:00Z,Star Trek - 20 Mile TM,Run,32265.8,20.049039,8930,8930,,,3.613191,7.423465,,,,2697.0,true,true,true,false,false,,,,
261987107,2015-03-02,2015-03-02T14:20:00Z,5 mile TM - Shamrock TAPER!,Run,8126.8,5.049759,2255,2255,,,3.603902,7.442599,,,,679.0,true,false,false,false,false,,,,
262372323,2015-03-03,2015-03-03T10:00:00Z,Revolution OS - TM,Run,12954.6,8.049615,3386,3386,,,3.82593,7.010687,,,,1083.0,true,true,false,false,false,,,,
263832366,2015-03-05,2015-03-05T12:00:00Z,TM - HILLSSS,Run,3218.5,1.999883,1175,1175,,,2.739149,9.792239,,,,269.0,false,false,false,false,false,,,,
263832293,2015-03-06,2015-03-06T12:00:00Z,TM  - Learning Python,Run,8126.8,5.049759,2237,2237,,,3.632901,7.38319,,,,679.0,true,false,false,false,false,,,,
265451642,2015-03-07,2015-03-07T15:00:00Z,Tm before Tour de Frederick,Run,6517.5,4.049787,1695,1695,,,3.845133,6.975676,,,,545.0,true,false,false,false,false,,,,
265183781,2015-03-08,2015-03-08T19:22:06Z,"03/08/2015 Frederick, Maryland",Run,18935.8,11.766161,5011,5860,48.8,160.105,3.778847,7.098039,5.3,,,1588.0,true,true,false,false,false,Frederick,Maryland,United States of America,US
265451620,2015-03-09,2015-03-09T09:00:00Z,TM before work.. F DST,Run,6517.5,4.049787,1825,1825,,,3.571233,7.510684,,,,545.0,true,false,false,false,false,,,,
265899024,2015-03-10,2015-03-10T08:00:00Z,TM - Last long Tues before Shamrock,Run,9752.2,6.059736,2627,2627,,,3.712295,7.225287,,,,815.0,true,false,false,false,false,,,,
266951547,2015-03-12,2015-03-12T09:00:00Z,Tempo 4 - TM,Run,6517.5,4.049787,1635,1635,,,3.986239,6.728749,,,,545.0,true,false,false,false,false,,,,
267442280,2015-03-13,2015-03-13T09:30:00Z,TM T-1 Week,Run,6517.5,4.049787,1855,1855,,,3.513477,7.634147,,,,545.0,true,false,false,false,false,,,,
268581274,2015-03-15,2015-03-15T13:28:08Z,"03/15/2015 Frederick, Maryland",Run,13002.1,8.07913,3361,3411,34.5,113.189,3.868521,6.933502,5.6,168.0,179.0,1090.0,true,true,false,false,false,Frederick,Maryland,United States of America,US
269077291,2015-03-16,2015-03-16T09:30:00Z,Week of Shamrock Marathon - 3 TM,Run,4908.3,3.049876,1305,1305,,,3.761149,7.131437,,,,410.0,false,false,false,false,false,,,,
269572595,2015-03-17,2015-03-17T09:00:00Z,4x400s TM -Shamrock Taper,Run,1689.7,1.049931,359,359,,,4.706685,5.698788,,,,141.0,false,false,false,false,false,,,,
276887106,2015-03-19,2015-03-19T11:18:00Z,Old TM,Run,3299.0,2.049904,805,805,,,4.098137,6.545023,,,,276.0,false,false,false,false,false,,,,
272408218,2015-03-22,2015-03-22T12:30:07Z,Shamrock Marathon 2015,Run,42436.1,26.36857,11556,11557,0.0,0.0,3.672214,7.30415,4.9,,,3549.0,true,true,true,true,true,Virginia Beach,Virginia,United States of America,US
276822394,2015-03-31,2015-03-31T09:56:52Z,"03/31/2015 Frederick, Maryland",Run,3298.8,2.049779,874,878,0.0,0.0,3.774371,7.106456,5.5,163.0,177.0,277.0,false,false,false,false,false,Frederick,Maryland,United States of America,US
277847709,2015-04-02,2015-04-02T09:34:36Z,"04/02/2015 Frederick, Maryland",Run,4949.1,3.075228,1308,1308,28.5,93.504,3.783716,7.088905,4.5,175.0,189.0,416.0,false,false,false,false,false,Frederick,Maryland,United States of America,US
279248268,2015-04-04,2015-04-04T19:01:16Z,"04/04/2015 Frederick, Maryland",Run,8370.2,5.201001,2155,2276,44.1,144.685,3.884084,6.905722,5.2,177.0,189.0,705.0,true,false,false,false,false,Frederick,Maryland,United States of America,US
280137596,2015-04-06,2015-04-06T09:41:19Z,"04/06/2015 Frederick, Maryland",Run,4905.5,3.048136,1280,1280,26.0,85.302,3.832422,6.998812,5.1,172.0,186.0,412.0,false,false,false,false,false,Frederick,Maryland,United States of America,US
281969406,2015-04-09,2015-04-09T09:31:53Z,"04/09/2015 Frederick, Maryland",Run,4914.3,3.053604,1264,1264,25.6,83.99,3.887896,6.898951,4.8,,,413.0,false,false,false,false,false,Frederick,Maryland,United States of America,US
282570075,2015-04-10,2015-04-10T09:54:13Z,Frederick Running,Run,4934.7,3.06628,1281,1296,27.3,89.567,3.852225,6.962833,5.0,,,415.0,false,false,false,false,false,Frederick,Maryland,United States of America,US
283140804,2015-04-11,2015-04-11T11:05:10Z,"04/11/2015 Frederick, Maryland",Run,4990.0,3.100642,1360,1413,15.7,51.509,3.669118,7.310313,4.8,,,418.0,false,false,false,false,false,Frederick,Maryland,United States of America,US
284524622,2015-04-13,2015-04-13T09:33:52Z,"04/13/2015 Frederick, Maryland",Run,4907.4,3.049317,1281,1281,15.3,50.197,3.830913,7.001568,5.3,,,413.0,false,false,false,false,false,Frederick,Maryland,United States of America,US
285452904,2015-04-14,2015-04-14T09:15:00Z,Rainy TM,Run,4908.3,3.049876,1278,1278,,,3.84061,6.98389,,,,410.0,false,false,false,false,false,,,,
286423125,2015-04-16,2015-04-16T09:37:50Z,"04/16/2015 Frederick, Maryland",Run,4916.9,3.05522,1298,1350,29.6,97.113,3.788059,7.080778,5.1,,,414.0,false,false,false,false,false,Frederick,Maryland,United States of America,US
288562439,2015-04-19,2015-04-19T15:25:59Z,"04/19/2015 Frederick, Maryland",Run,6691.9,4.158154,1758,1758,12.2,40.026,3.806542,7.046396,4.9,,,560.0,true,false,false,false,false,Frederick,Maryland,United States of America,US
289124826,2015-04-20,2015-04-20T14:21:17Z,"04/20/2015 Frederick, Maryland",Run,6529.2,4.057057,1748,1833,12.3,40.354,3.73524,7.180904,4.6,,,548.0,true,false,false,false,false,Frederick,Maryland,United States of America,US
290756046,2015-04-22,2015-04-22T22:58:25Z,"04/22/2015 Sierra Vista, Arizona",Run,6518.7,4.050532,1670,2313,27.3,89.567,3.903413,6.871525,6.4,,,546.0,true,false,false,false,false,Sierra Vista,Arizona,United States of America,US
291373330,2015-04-23,2015-04-23T22:45:48Z,"04/23/2015 Sierra Vista, Arizona",Run,6526.4,4.055317,1720,1856,16.0,52.493,3.794419,7.068909,4.6,,,547.0,true,false,false,false,false,Sierra Vista,Arizona,United States of America,US
292379589,2015-04-25,2015-04-25T16:49:02Z,"04/25/2015 Sierra Vista, Arizona",Run,11352.2,7.05393,2945,3627,56.5,185.367,3.854737,6.958296,4.5,,,951.0,true,true,false,false,false,Sierra Vista,Arizona,United States of America,US
293832515,2015-04-27,2015-04-27T21:48:30Z,"04/27/2015 Sierra Vista, Arizona",Run,6521.8,4.052459,1664,1915,26.0,85.302,3.919351,6.843582,4.6,,,546.0,true,false,false,false,false,Sierra Vista,Arizona,United States of America,US
294442026,2015-04-28,2015-04-28T21:44:03Z,"04/28/2015 Sierra Vista, Arizona",Run,6618.4,4.112483,1676,1914,23.4,76.772,3.948926,6.792328,4.3,,,554.0,true,false,false,false,false,Sierra Vista,Arizona,United States of America,US
295086309,2015-04-29,2015-04-29T22:22:06Z,"04/29/2015 Sierra Vista, Arizona",Run,7343.3,4.562915,1849,2296,29.3,96.129,3.971498,6.753723,4.6,,,615.0,true,false,false,false,false,Sierra Vista,Arizona,United States of America,US
296830767,2015-05-02,2015-05-02T18:28:52Z,"05/02/2015 Frederick, Maryland",Run,6541.8,4.064886,1685,1685,13.5,44.291,3.882374,6.908763,6.1,,,547.0,true,false,false,false,false,Frederick,Maryland,United States of America,US
297267512,2015-05-03,2015-05-03T11:00:06Z,Fredrick Half Marathon Relay,Run,12737.8,7.914902,3024,3027,50.2,164.698,4.212235,6.367735,5.1,176.0,185.0,1072.0,true,true,false,false,false,Frederick,Maryland,United States of America,US
300352152,2015-05-08,2015-05-08T10:01:53Z,"05/08/2015 Frederick, Maryland",Run,6547.0,4.068117,1719,1857,12.3,40.354,3.80861,7.04257,4.7,,,548.0,true,false,false,false,false,Frederick,Maryland,United States of America,US
301774650,2015-05-10,2015-05-10T13:32:35Z,"05/10/2015 Frederick, Maryland",Run,8137.1,5.05616,2155,2562,22.9,75.131,3.775916,7.103547,4.7,,,684.0,true,false,false,false,false,Frederick,Maryland,United States of America,US
302323756,2015-05-11,2015-05-11T10:53:07Z,"05/11/2015 Frederick, Maryland",Run,6533.7,4.059853,1714,1747,16.6,54.462,3.81196,7.03638,6.0,,,548.0,true,false,false,false,false,Frederick,Maryland,United States of America,US
303596991,2015-05-13,2015-05-13T10:06:58Z,"05/13/2015 Frederick, Maryland",Run,6463.5,4.016233,1771,1856,11.4,37.402,3.649633,7.349342,5.1,,,541.0,true,false,false,false,false,Frederick,Maryland,United States of America,US
304293001,2015-05-14,2015-05-14T10:45:24Z,Frederick Running,Run,8142.8,5.059701,2148,2249,28.6,93.832,3.790875,7.075516,4.7,,,684.0,true,false,false,false,false,Frederick,Maryland,United States of America,US
304918740,2015-05-15,2015-05-15T11:02:05Z,Frederick Running,Run,6474.5,4.023068,1727,1757,12.1,39.698,3.748987,7.154573,5.3,,,542.0,true,false,false,false,false,Frederick,Maryland,United States of America,US
305577022,2015-05-16,2015-05-16T12:48:19Z,"05/16/2015 Frederick, Maryland",Run,12954.2,8.049367,3516,3751,35.9,117.782,3.684357,7.280076,4.8,,,1087.0,true,true,false,false,false,Frederick,Maryland,United States of America,US
306914757,2015-05-18,2015-05-18T09:44:47Z,"05/18/2015 Frederick, Maryland",Run,4961.7,3.083057,1288,1288,27.8,91.207,3.852252,6.962785,4.7,,,418.0,false,false,false,false,false,Frederick,Maryland,United States of America,US
308073999,2015-05-20,2015-05-20T09:00:37Z,"05/20/2015 Frederick, Maryland",Run,6518.4,4.050346,1709,1709,35.5,116.47,3.81416,7.032321,4.4,,,549.0,true,false,false,false,false,Frederick,Maryland,United States of America,US
309459522,2015-05-22,2015-05-22T14:38:00Z,"05/22/2015 Frederick, Maryland",Run,6535.2,4.060785,1644,1722,13.6,44.619,3.975182,6.747464,4.6,,,547.0,true,false,false,false,false,Frederick,Maryland,United States of America,US
310043410,2015-05-23,2015-05-23T12:38:09Z,"05/23/2015 Frederick, Maryland",Run,14565.1,9.050334,4029,4720,35.9,117.782,3.615066,7.419616,5.0,,,1221.0,true,true,false,false,false,Frederick,Maryland,United States of America,US
311583073,2015-05-25,2015-05-25T15:32:46Z,"05/25/2015 Frederick, Maryland",Run,6511.1,4.04581,1674,1791,10.2,33.465,3.889546,6.896023,4.8,,,545.0,true,false,false,false,false,Frederick,Maryland,United States of America,US
313013241,2015-05-27,2015-05-27T17:45:13Z,"05/27/2015 Frederick, Maryland",Run,6518.3,4.050284,1670,1738,13.5,44.291,3.903174,6.871946,5.2,,,547.0,true,false,false,false,false,Frederick,Maryland,United States of America,US
313428644,2015-05-28,2015-05-28T10:29:00Z,"05/28/2015 Frederick, Maryland",Run,6514.5,4.047923,1704,1755,31.5,103.346,3.823063,7.015944,5.0,,,548.0,true,false,false,false,false,Frederick,Maryland,United States of America,US
314755436,2015-05-30,2015-05-30T12:36:20Z,"05/30/2015 Frederick, Maryland",Run,14641.6,9.097868,3840,4161,35.8,117.454,3.812917,7.034615,5.0,,,1228.0,true,true,false,false,false,Frederick,Maryland,United States of America,US
316063952,2015-06-01,2015-06-01T09:32:31Z,"06/01/2015 Frederick, Maryland",Run,6525.1,4.054509,1726,1726,35.6,116.798,3.780475,7.094981,4.5,,,549.0,true,false,false,false,false,Frederick,Maryland,United States of America,US
316638268,2015-06-02,2015-06-02T09:54:12Z,"06/02/2015 Frederick, Maryland",Run,4989.5,3.100332,1293,1306,28.2,92.52,3.858855,6.950869,4.4,,,420.0,false,false,false,false,false,Frederick,Maryland,United States of America,US
317274220,2015-06-03,2015-06-03T09:45:01Z,"06/03/2015 Frederick, Maryland",Run,6533.5,4.059729,1687,1695,32.6,106.955,3.872851,6.92575,4.5,,,551.0,true,false,false,false,false,Frederick,Maryland,United States of America,US
317983195,2015-06-04,2015-06-04T09:32:09Z,"06/04/2015 Frederick, Maryland",Run,6525.9,4.055006,1681,1834,22.8,74.803,3.882153,6.909155,4.8,,,548.0,true,false,false,false,false,Frederick,Maryland,United States of America,US
320961528,2015-06-08,2015-06-08T09:39:32Z,"06/08/2015 Frederick, Maryland",Run,4911.9,3.052113,1403,1420,10.8,35.433,3.500998,7.661359,5.3,,,412.0,false,false,false,false,false,Frederick,Maryland,United States of America,US
321596406,2015-06-09,2015-06-09T09:04:18Z,"06/09/2015 Frederick, Maryland",Run,8224.0,5.110157,2167,2167,35.6,116.798,3.795108,7.067624,4.4,,,691.0,true,false,false,false,false,Frederick,Maryland,United States of America,US
322339252,2015-06-10,2015-06-10T09:25:42Z,"06/10/2015 Frederick, Maryland",Run,4965.6,3.085481,1296,1356,28.1,92.192,3.831481,7.00053,4.6,,,418.0,false,false,false,false,false,Frederick,Maryland,United States of America,US
323788210,2015-06-12,2015-06-12T09:53:53Z,"06/12/2015 Frederick, Maryland",Run,6530.0,4.057554,1689,1716,15.9,52.165,3.866193,6.937677,5.1,,,547.0,true,false,false,false,false,Frederick,Maryland,United States of America,US
325146031,2015-06-14,2015-06-14T10:27:22Z,"06/14/2015 Frederick, Maryland",Run,16189.3,10.059565,4288,4825,41.6,136.483,3.77549,7.10435,4.8,171.0,184.0,1358.0,true,true,false,false,false,Frederick,Maryland,United States of America,US
326473103,2015-06-16,2015-06-16T09:39:36Z,"06/16/2015 Frederick, Maryland",Run,8138.9,5.057278,2115,2199,28.2,92.52,3.84818,6.970153,4.4,,,685.0,true,false,false,false,false,Frederick,Maryland,United States of America,US
327176830,2015-06-17,2015-06-17T09:50:41Z,"06/17/2015 Frederick, Maryland",Run,4909.0,3.050311,1273,1332,12.7,41.667,3.856245,6.955574,5.6,,,412.0,false,false,false,false,false,Frederick,Maryland,United States of America,US
327850870,2015-06-18,2015-06-18T09:36:41Z,"06/18/2015 Frederick, Maryland",Run,6549.3,4.069546,1662,1731,28.9,94.816,3.940614,6.806655,4.8,,,551.0,true,false,false,false,false,Frederick,Maryland,United States of America,US
328524404,2015-06-19,2015-06-19T09:49:37Z,"06/19/2015 Frederick, Maryland",Run,8230.2,5.114009,2103,2167,45.5,149.278,3.913552,6.853723,4.6,,,692.0,true,false,false,false,false,Frederick,Maryland,United States of America,US
329251135,2015-06-20,2015-06-20T12:48:32Z,"06/20/2015 Frederick, Maryland",Run,17805.5,11.063825,4720,5512,46.2,151.575,3.772352,7.11026,4.5,168.0,186.0,1493.0,true,true,false,false,false,Frederick,Maryland,United States of America,US
330536510,2015-06-22,2015-06-22T09:29:14Z,"06/22/2015 Frederick, Maryland",Run,4899.4,3.044346,1348,1500,11.1,36.417,3.63457,7.379801,4.7,,,410.0,false,false,false,false,false,Frederick,Maryland,United States of America,US
332576845,2015-06-23,2015-06-23T09:59:50Z,"06/23/2015 Frederick, Maryland",Run,4896.9,3.042793,1272,1430,11.4,37.402,3.849764,6.967284,5.1,,,410.0,false,false,false,false,false,Frederick,Maryland,United States of America,US
332576897,2015-06-25,2015-06-25T09:59:10Z,"06/25/2015 Frederick, Maryland",Run,4912.3,3.052362,1245,1312,12.3,40.354,3.945622,6.798015,5.7,,,411.0,false,false,false,false,false,Frederick,Maryland,United States of America,US
333272459,2015-06-26,2015-06-26T10:02:29Z,"06/26/2015 Frederick, Maryland",Run,4933.3,3.065411,1269,1269,26.0,85.302,3.887549,6.899565,4.6,,,415.0,false,false,false,false,false,Frederick,Maryland,United States of America,US
334748854,2015-06-28,2015-06-28T12:25:56Z,"06/28/2015 Frederick, Maryland",Run,16440.6,10.215715,4268,4664,45.1,147.966,3.852062,6.963128,9.8,,,1378.0,true,true,false,false,false,Frederick,Maryland,United States of America,US
335330591,2015-06-29,2015-06-29T09:39:38Z,"06/29/2015 Frederick, Maryland",Run,4995.6,3.104122,1293,1293,28.9,94.816,3.863573,6.942382,4.6,,,421.0,false,false,false,false,false,Frederick,Maryland,United States of America,US
336020643,2015-06-30,2015-06-30T09:19:53Z,"06/30/2015 Frederick, Maryland",Run,9789.3,6.082789,2563,2725,64.5,211.614,3.819469,7.022546,4.5,,,824.0,true,false,false,false,false,Frederick,Maryland,United States of America,US
338171567,2015-07-03,2015-07-03T12:19:20Z,"07/03/2015 Frederick, Maryland",Run,8128.2,5.050629,2105,2398,38.5,126.312,3.861378,6.946329,4.5,,,683.0,true,false,false,false,false,Frederick,Maryland,United States of America,US
339607230,2015-07-05,2015-07-05T12:24:15Z,"07/05/2015 Frederick, Maryland",Run,21078.6,13.097635,5634,6255,48.7,159.777,3.741321,7.169233,5.0,168.0,184.0,1767.0,true,true,false,false,false,Frederick,Maryland,United States of America,US
340179656,2015-07-06,2015-07-06T09:33:22Z,"07/06/2015 Frederick, Maryland",Run,4886.9,3.036579,1403,1419,14.8,48.556,3.483179,7.700552,4.5,,,409.0,false,false,false,false,false,Frederick,Maryland,United States of America,US
340825903,2015-07-07,2015-07-07T09:13:37Z,"07/07/2015 Frederick, Maryland",Run,6930.9,4.306662,1873,2276,12.3,40.354,3.700427,7.248461,4.2,,,582.0,true,false,false,false,false,Frederick,Maryland,United States of America,US
342232962,2015-07-09,2015-07-09T09:54:33Z,"07/09/2015 Frederick, Maryland",Run,6519.9,4.051278,1673,1853,28.7,94.16,3.897131,6.882602,4.7,,,549.0,true,false,false,false,false,Frederick,Maryland,United States of America,US
342944287,2015-07-10,2015-07-10T09:45:53Z,"07/10/2015 Frederick, Maryland",Run,11512.0,7.153225,3091,3428,23.4,76.772,3.724361,7.20188,4.6,,,966.0,true,true,false,false,false,Frederick,Maryland,United States of America,US
344556071,2015-07-12,2015-07-12T13:28:30Z,"07/12/2015 Frederick, Maryland",Run,22624.0,14.057902,6280,7265,59.9,196.522,3.602548,7.445397,4.6,,,1897.0,true,true,true,false,false,Frederick,Maryland,United States of America,US
347938297,2015-07-15,2015-07-15T09:46:01Z,"07/15/2015 Frederick, Maryland",Run,4956.3,3.079702,1423,1434,15.4,50.525,3.482994,7.700961,4.3,,,417.0,false,false,false,false,false,Frederick,Maryland,United States of America,US
347938632,2015-07-16,2015-07-16T09:24:31Z,"07/16/2015 Frederick, Maryland",Run,9894.0,6.147847,2572,2715,58.1,190.617,3.846812,6.972631,4.7,,,832.0,true,false,false,false,false,Frederick,Maryland,United States of America,US
347938821,2015-07-17,2015-07-17T11:26:36Z,"07/17/2015 Frederick, Maryland",Run,4899.5,3.044408,1316,1316,13.0,42.651,3.723024,7.204465,4.6,,,411.0,false,false,false,false,false,Frederick,Maryland,United States of America,US
348599230,2015-07-18,2015-07-18T11:46:36Z,"07/18/2015 Frederick, Maryland",Run,11677.0,7.255751,3169,3286,39.9,130.906,3.684759,7.279283,4.7,,,981.0,true,true,false,false,false,Frederick,Maryland,United States of America,US
349454141,2015-07-19,2015-07-19T13:34:39Z,"07/19/2015 Frederick, Maryland",Run,9955.7,6.186185,2689,3368,23.3,76.444,3.70238,7.244637,4.6,,,835.0,true,false,false,false,false,Frederick,Maryland,United States of America,US
350769341,2015-07-21,2015-07-21T12:03:00Z,"07/21/2015 Las Cruces, New Mexico",Run,4921.9,3.058327,1302,1355,30.2,99.081,3.780261,7.095383,4.4,,,415.0,false,false,false,false,false,Las Cruces,New Mexico,United States of America,US
351535588,2015-07-22,2015-07-22T11:47:12Z,"07/22/2015 Las Cruces, New Mexico",Run,12971.1,8.059868,3449,3908,53.7,176.181,3.760829,7.132044,4.3,,,1091.0,true,true,false,false,false,Las Cruces,New Mexico,United States of America,US
352999090,2015-07-24,2015-07-24T11:26:47Z,"07/24/2015 Las Cruces, New Mexico",Run,16134.3,10.025389,4309,4816,43.2,141.732,3.744326,7.163479,4.4,,,1357.0,true,true,false,false,false,Las Cruces,New Mexico,United States of America,US
354480994,2015-07-26,2015-07-26T12:33:40Z,"07/26/2015 Las Cruces, New Mexico",Run,19397.5,12.053048,5225,6719,108.5,355.971,3.71244,7.225005,4.4,,,1632.0,true,true,false,false,false,Las Cruces,New Mexico,United States of America,US
355817930,2015-07-28,2015-07-28T11:36:03Z,"07/28/2015 Las Cruces, New Mexico",Run,16188.2,10.058881,4263,4949,57.1,187.336,3.797373,7.06341,4.3,,,1364.0,true,true,false,false,false,Las Cruces,New Mexico,United States of America,US
357223376,2015-07-30,2015-07-30T10:22:16Z,"07/30/2015 Las Cruces, New Mexico",Run,16971.1,10.545353,4576,5476,60.4,198.163,3.708719,7.232254,4.6,,,1430.0,true,true,false,false,false,Las Cruces,New Mexico,United States of America,US
358824797,2015-08-01,2015-08-01T15:23:25Z,"08/01/2015 Frederick, Maryland",Run,12997.1,8.076024,3563,4091,36.5,119.751,3.647797,7.353041,4.5,,,1090.0,true,true,false,false,false,Frederick,Maryland,United States of America,US
359621002,2015-08-02,2015-08-02T12:58:04Z,"08/02/2015 Jefferson, Maryland",Run,27857.1,17.309599,7950,9712,10.9,35.761,3.504038,7.654712,4.3,,,2331.0,true,true,true,false,false,Catoctin District,Maryland,United States of America,US
363445929,2015-08-04,2015-08-04T08:11:31Z,"08/04/2015 Frederick, Maryland",Run,4238.9,2.63393,1206,1286,11.4,37.402,3.514842,7.631181,4.2,,,356.0,false,false,false,false,false,Frederick,Maryland,United States of America,US
364227362,2015-08-08,2015-08-08T14:18:32Z,"08/08/2015 Las Vegas, Nevada",Run,8125.0,5.048641,2187,2618,11.2,36.745,3.715135,7.219765,7.3,,,679.0,true,false,false,false,false,Las Vegas,Nevada,United States of America,US
365023545,2015-08-09,2015-08-09T12:44:02Z,"08/09/2015 Las Vegas, Nevada",Run,12959.0,8.052349,3512,4263,23.1,75.787,3.68992,7.2691,8.2,,,1084.0,true,true,false,false,false,Las Vegas,Nevada,United States of America,US
365851652,2015-08-10,2015-08-10T14:41:59Z,"08/10/2015 Las Vegas, Nevada",Run,17983.9,11.174677,4388,5927,31.9,104.659,4.098428,6.544559,10.6,,,1504.0,true,true,false,false,false,Las Vegas,Nevada,United States of America,US
370436570,2015-08-16,2015-08-16T15:39:04Z,"08/16/2015 Frederick, Maryland",Run,6547.4,4.068366,1857,2055,30.1,98.753,3.525794,7.607477,4.4,,,549.0,true,false,false,false,false,Frederick,Maryland,United States of America,US
370938099,2015-08-17,2015-08-17T09:30:04Z,"08/17/2015 Frederick, Maryland",Run,6529.6,4.057305,1788,1813,35.5,116.47,3.651902,7.344776,4.3,,,549.0,true,false,false,false,false,Frederick,Maryland,United States of America,US
372450258,2015-08-18,2015-08-18T09:29:49Z,"08/18/2015 Frederick, Maryland",Run,4050.5,2.516864,1310,1424,10.5,34.449,3.091985,8.674816,4.0,,,340.0,false,false,false,false,false,Frederick,Maryland,United States of America,US
372450861,2015-08-19,2015-08-19T09:11:50Z,"08/19/2015 Frederick, Maryland",Run,16172.9,10.049374,4470,5348,36.2,118.766,3.618098,7.413397,5.4,,,1356.0,true,true,false,false,false,Frederick,Maryland,United States of America,US
373431631,2015-08-20,2015-08-20T15:28:54Z,Lunch Run,Run,11343.6,7.048586,2994,3460,23.3,76.444,3.788778,7.079434,4.4,,,951.0,true,true,false,false,false,Frederick,Maryland,United States of America,US
374859036,2015-08-22,2015-08-22T13:25:07Z,Morning Run,Run,16347.9,10.158114,4442,4994,54.8,179.79,3.680302,7.288098,4.4,,,1371.0,true,true,false,false,false,Frederick,Maryland,United States of America,US
375827343,2015-08-23,2015-08-23T13:57:29Z,Morning Run,Run,32281.0,20.058483,9137,9827,40.2,131.89,3.532998,7.591966,5.0,,,2710.0,true,true,true,false,false,Brunswick,Maryland,United States of America,US
378206151,2015-08-25,2015-08-25T09:46:27Z,Morning Run,Run,3289.8,2.044187,1055,1110,0.0,0.0,3.118294,8.601627,3.8,,,276.0,false,false,false,false,false,Frederick,Maryland,United States of America,US
378206460,2015-08-26,2015-08-26T22:06:03Z,Evening Run,Run,6932.4,4.307594,1807,2352,11.1,36.417,3.836414,6.991529,4.7,,,581.0,true,false,false,false,false,Frederick,Maryland,United States of America,US
378474297,2015-08-27,2015-08-27T09:27:19Z,Morning Run,Run,9829.9,6.108017,2710,2981,23.5,77.1,3.627269,7.394653,4.5,,,825.0,true,false,false,false,false,Frederick,Maryland,United States of America,US
379183484,2015-08-28,2015-08-28T09:07:40Z,Morning Run,Run,9785.4,6.080366,2675,2830,57.8,189.633,3.658093,7.332344,4.8,,,823.0,true,false,false,false,false,Frederick,Maryland,United States of America,US
380834186,2015-08-30,2015-08-30T11:00:42Z,Annapolis 10 Miler ,Run,16238.3,10.090012,3994,3994,141.0,462.598,4.065674,6.597283,5.1,,,1378.0,true,true,false,false,false,Baltimore,Maryland,United States of America,US
382352160,2015-09-01,2015-09-01T09:11:20Z,Morning Run,Run,16188.0,10.058757,4489,5104,49.6,162.73,3.606148,7.437964,4.4,,,1357.0,true,true,false,false,false,Frederick,Maryland,United States of America,US
384574804,2015-09-04,2015-09-04T09:57:49Z,Morning Run,Run,5736.1,3.564247,1570,1987,0.0,0.0,3.653567,7.341428,7.0,,,480.0,true,false,false,false,false,Frederick,Maryland,United States of America,US
385385030,2015-09-05,2015-09-05T13:13:11Z,Morning Run,Run,16183.6,10.056023,4407,4873,52.6,172.572,3.672249,7.30408,4.4,,,1358.0,true,true,false,false,false,Frederick,Maryland,United States of America,US
386308394,2015-09-06,2015-09-06T13:01:41Z,Morning Run,Run,32266.9,20.049722,9324,10683,95.6,313.648,3.460628,7.750731,7.6,,,2718.0,true,true,true,false,false,Brunswick,Maryland,United States of America,US
388300368,2015-09-09,2015-09-09T09:49:40Z,Morning Run,Run,6532.1,4.058859,1801,1812,28.9,94.816,3.626929,7.395346,4.4,,,549.0,true,false,false,false,false,Frederick,Maryland,United States of America,US
389724088,2015-09-11,2015-09-11T09:43:32Z,Morning Run,Run,8158.0,5.069146,2287,2473,28.6,93.832,3.567118,7.519347,4.2,,,686.0,true,false,false,false,false,Frederick,Maryland,United States of America,US
390504990,2015-09-12,2015-09-12T12:57:07Z,Morning Run,Run,16608.3,10.319919,4534,4928,49.2,161.417,3.663057,7.322409,4.8,,,1393.0,true,true,false,false,false,Frederick,Maryland,United States of America,US
391986651,2015-09-14,2015-09-14T09:26:06Z,Morning Run,Run,8140.3,5.058148,2186,2186,28.8,94.488,3.723833,7.2029,4.4,,,684.0,true,false,false,false,false,Frederick,Maryland,United States of America,US
393352596,2015-09-15,2015-09-15T10:10:19Z,Morning Run,Run,3392.7,2.108126,1043,1043,0.0,0.0,3.252828,8.24587,4.0,,,285.0,false,false,false,false,false,Frederick,Maryland,United States of America,US
393352889,2015-09-16,2015-09-16T08:57:01Z,Morning Run,Run,16147.9,10.03384,4418,4663,36.1,118.438,3.655025,7.3385,5.0,,,1354.0,true,true,false,false,false,Frederick,Maryland,United States of America,US
394005644,2015-09-17,2015-09-17T09:15:36Z,Morning Run,Run,16198.0,10.064971,4473,4895,37.4,122.703,3.621283,7.406877,4.8,,,1357.0,true,true,false,false,false,Frederick,Maryland,United States of America,US
394653168,2015-09-18,2015-09-18T08:55:57Z,Morning Run,Run,16172.3,10.049001,4410,4989,35.8,117.454,3.667188,7.31416,5.0,,,1356.0,true,true,false,false,false,Frederick,Maryland,United States of America,US
397665150,2015-09-22,2015-09-22T09:50:32Z,Morning Run,Run,4952.3,3.077217,1266,1322,28.9,94.816,3.911769,6.856846,4.9,,,417.0,false,false,false,false,false,Frederick,Maryland,United States of America,US
398392199,2015-09-23,2015-09-23T09:03:17Z,Morning Run,Run,16200.5,10.066524,4416,4878,36.2,118.766,3.668591,7.311362,4.7,,,1357.0,true,true,false,false,false,Frederick,Maryland,United States of America,US
399080734,2015-09-24,2015-09-24T10:08:57Z,Morning Run,Run,4910.3,3.051119,1256,1256,15.3,50.197,3.909475,6.860871,4.6,,,413.0,false,false,false,false,false,Frederick,Maryland,United States of America,US
400445686,2015-09-26,2015-09-26T12:08:27Z,Morning Run,Run,6511.0,4.045748,1671,1688,21.8,71.522,3.896469,6.883771,5.0,,,547.0,true,false,false,false,false,Frederick,Maryland,United States of America,US
401374642,2015-09-27,2015-09-27T13:10:34Z,Morning Run,Run,19408.1,12.059634,5304,5958,65.8,215.879,3.659144,7.330239,5.0,,,1628.0,true,true,false,false,false,Frederick,Maryland,United States of America,US
402616755,2015-09-29,2015-09-29T10:02:35Z,Morning Run,Run,4903.9,3.047142,1259,1330,0.0,0.0,3.895075,6.886234,4.9,,,413.0,false,false,false,false,false,Frederick,Maryland,United States of America,US
403315863,2015-09-30,2015-09-30T09:52:44Z,Morning Run,Run,5034.4,3.128231,1300,1329,29.1,95.472,3.872615,6.926172,4.7,,,423.0,true,false,false,false,false,Frederick,Maryland,United States of America,US
403989343,2015-10-01,2015-10-01T09:45:06Z,Morning Run,Run,9894.1,6.147909,2684,2808,44.4,145.669,3.686326,7.276187,4.5,,,832.0,true,false,false,false,false,Frederick,Maryland,United States of America,US
407050372,2015-10-03,2015-10-03T16:03:00Z,6 Miles of Chicago Marathon on TM,Run,9655.6,5.999712,2580,2580,,,3.742481,7.167011,,,,807.0,true,false,false,false,false,,,,
407050315,2015-10-04,2015-10-04T20:43:21Z,9 Miles of Chicago Marathon on TM,Run,12874.1,7.999595,3412,3412,,,3.773183,7.108693,,,,1076.0,true,true,false,false,false,,,,
439108734,2015-10-05,2015-10-05T12:02:00Z,TM,Run,4827.8,2.999856,1257,1257,,,3.840732,6.983669,,,,404.0,false,false,false,false,false,,,,
439108688,2015-10-06,2015-10-06T22:18:54Z,last speed 3x800,Run,2413.9,1.499928,559,559,,,4.318247,6.21141,,,,202.0,false,false,false,false,false,,,,
439108655,2015-10-07,2015-10-07T22:09:30Z,2 miles tm,Run,3218.5,1.999883,865,865,,,3.720809,7.208754,,,,269.0,false,false,false,false,false,,,,
410967551,2015-10-11,2015-10-11T12:30:41Z,Chicago Marathon 2015 ,Run,40759.6,25.326841,11312,11499,0.0,0.0,3.603218,7.444013,14.9,,,3410.0,true,true,true,false,false,Chicago,Illinois,United States of America,US
416082064,2015-10-19,2015-10-19T11:38:33Z,Morning Run,Run,6473.5,4.022446,1676,1717,0.0,0.0,3.86247,6.944364,4.5,,,541.0,true,false,false,false,false,Southwest Orange,Florida,United States of America,US
417943097,2015-10-22,2015-10-22T09:58:12Z,Morning Run,Run,4917.0,3.055282,1302,1302,28.3,92.848,3.776498,7.102454,4.2,,,414.0,false,false,false,false,false,Frederick,Maryland,United States of America,US
418524730,2015-10-23,2015-10-23T10:10:04Z,Morning Run,Run,4911.7,3.051989,1332,1378,28.1,92.192,3.687462,7.273945,4.2,,,414.0,false,false,false,false,false,Frederick,Maryland,United States of America,US
425708811,2015-10-26,2015-10-26T20:53:00Z,Afternoon Run,Run,6524.9,4.054385,1677,1683,12.3,40.354,3.890817,6.893771,4.8,,,546.0,true,false,false,false,false,Frederick,Maryland,United States of America,US
439108410,2015-10-28,2015-10-28T12:02:00Z,TM,Run,4827.8,2.999856,1385,1385,,,3.485776,7.694814,,,,404.0,false,false,false,false,false,,,,
439108358,2015-10-29,2015-10-29T11:57:00Z,TM,Run,4827.8,2.999856,1349,1349,,,3.578799,7.494805,,,,404.0,false,false,false,false,false,,,,
439108303,2015-10-30,2015-10-30T11:57:00Z,TM,Run,6437.1,3.999829,1808,1808,,,3.560343,7.533656,,,,538.0,true,false,false,false,false,,,,
425709486,2015-10-31,2015-10-31T12:43:25Z,Morning Run,Run,5106.1,3.172783,1336,1336,0.0,0.0,3.821931,7.018023,4.8,,,423.0,true,false,false,false,false,Frederick,Maryland,United States of America,US
439108202,2015-11-02,2015-11-02T11:00:53Z,new job run ,Run,6437.1,3.999829,1813,1813,,,3.550524,7.554491,,,,538.0,true,false,false,false,false,,,,
425710533,2015-11-03,2015-11-03T14:40:08Z,Morning Run,Run,4862.1,3.021169,1300,1305,11.7,38.386,3.740077,7.171617,5.0,,,407.0,false,false,false,false,false,Frederick,Maryland,United States of America,US
426367400,2015-11-04,2015-11-04T15:26:46Z,Morning Run,Run,4905.3,3.048012,1369,1369,12.3,40.354,3.583126,7.485753,5.3,,,410.0,false,false,false,false,false,Frederick,Maryland,United States of America,US
427147695,2015-11-05,2015-11-05T20:31:27Z,Afternoon Run,Run,4840.3,3.007623,1339,1487,15.8,51.837,3.614862,7.420035,4.8,,,406.0,false,false,false,false,false,Frederick,Maryland,United States of America,US
427554141,2015-11-06,2015-11-06T15:55:47Z,Morning Run,Run,4854.1,3.016198,1488,1499,15.4,50.525,3.262164,8.222272,4.2,,,406.0,false,false,false,false,false,Frederick,Maryland,United States of America,US
429718998,2015-11-09,2015-11-09T20:23:39Z,Afternoon Run,Run,4890.0,3.038505,1319,1329,15.4,50.525,3.707354,7.234917,4.4,,,409.0,false,false,false,false,false,Frederick,Maryland,United States of America,US
430999193,2015-11-11,2015-11-11T20:28:57Z,Afternoon Run,Run,5137.8,3.192481,1394,1591,10.2,33.465,3.685653,7.277517,5.3,,,430.0,true,false,false,false,false,Frederick,Maryland,United States of America,US
439107416,2015-11-14,2015-11-14T12:57:00Z,Monterey Coastal Trail - 3,Run,4988.7,3.099834,1434,1434,,,3.47887,7.710089,,,,417.0,false,false,false,false,false,,,,
439107352,2015-11-15,2015-11-15T12:54:00Z,Monterey Coastal Trail,Run,8046.3,4.999739,2234,2234,,,3.601746,7.447055,,,,673.0,true,false,false,false,false,,,,
439107289,2015-11-17,2015-11-17T12:54:00Z,Cape Town South Africa - TM,Run,4827.8,2.999856,1366,1366,,,3.534261,7.589254,,,,404.0,false,false,false,false,false,,,,
439107248,2015-11-19,2015-11-19T10:15:00Z,TM,Run,4908.3,3.049876,1362,1362,,,3.603744,7.442925,,,,410.0,false,false,false,false,false,,,,
439107218,2015-11-24,2015-11-24T10:00:00Z,TM 4,Run,6437.1,3.999829,1813,1813,,,3.550524,7.554491,,,,538.0,true,false,false,false,false,,,,
439107181,2015-11-25,2015-11-25T10:00:00Z,TM,Run,4924.4,3.05988,1364,1364,,,3.610264,7.429485,,,,412.0,false,false,false,false,false,,,,
460847087,2015-11-29,2015-11-29T20:30:00Z,TM - 1st Episode of Dr. Who,Run,8062.4,5.009743,2228,2228,,,3.618671,7.412223,,,,674.0,true,false,false,false,false,,,,
460847005,2015-11-30,2015-11-30T10:00:00Z,TM - Dr. Who,Run,6598.0,4.099807,1805,1805,,,3.655402,7.337744,,,,552.0,true,false,false,false,false,,,,
460846888,2015-12-02,2015-12-02T19:46:00Z,TM - 30:41 - 4.1,Run,6598.0,4.099807,1841,1841,,,3.583922,7.484092,,,,552.0,true,false,false,false,false,,,,
444808946,2015-12-05,2015-12-05T16:17:27Z,Lunch Run,Run,8203.9,5.097667,2208,2291,36.0,118.11,3.715534,7.218988,4.8,,,689.0,true,false,false,false,false,Frederick,Maryland,United States of America,US
445397876,2015-12-06,2015-12-06T13:52:42Z,Morning Run,Run,6514.9,4.048171,1823,1823,16.2,53.15,3.573725,7.505447,4.7,,,545.0,true,false,false,false,false,Frederick,Maryland,United States of America,US
460846794,2015-12-08,2015-12-08T19:54:00Z,TM - 29:26 - 4.07,Run,6549.7,4.069795,1766,1766,,,3.708777,7.232142,,,,548.0,true,false,false,false,false,,,,
460846658,2015-12-09,2015-12-09T19:45:00Z,TM - 37:20 - 5,Run,8046.3,4.999739,2240,2240,,,3.592098,7.467056,,,,673.0,true,false,false,false,false,,,,
448859753,2015-12-12,2015-12-12T15:02:05Z,Morning Run,Run,9749.9,6.058307,2649,2955,0.0,0.0,3.680596,7.287514,4.5,,,817.0,true,false,false,false,false,Southampton,New York,United States of America,US
450812565,2015-12-15,2015-12-15T20:42:13Z,Afternoon Run,Run,7259.9,4.511093,1964,2090,17.3,56.759,3.696487,7.256187,5.5,,,608.0,true,false,false,false,false,Frederick,Maryland,United States of America,US
451301084,2015-12-16,2015-12-16T19:38:02Z,Afternoon Run,Run,6477.0,4.024621,1748,1874,16.1,52.822,3.705378,7.238776,5.9,,,543.0,true,false,false,false,false,Frederick,Maryland,United States of America,US
457594846,2015-12-19,2015-12-19T16:20:39Z,Lunch Run,Run,12966.1,8.056761,3522,3908,42.2,138.451,3.681459,7.285806,4.6,,,1087.0,true,true,false,false,false,Frederick,Maryland,United States of America,US
460846541,2015-12-21,2015-12-21T19:44:00Z,TM - 22:39 - 3,Run,4827.8,2.999856,1359,1359,,,3.552465,7.550363,,,,404.0,false,false,false,false,false,,,,
460846479,2015-12-22,2015-12-22T19:43:00Z,TM - 30:12 - 4 Milwa,Run,6437.1,3.999829,1812,1812,,,3.552483,7.550324,,,,538.0,true,false,false,false,false,,,,
457595122,2015-12-27,2015-12-27T20:12:19Z,Afternoon Run,Run,14565.7,9.050706,4038,4456,28.9,94.816,3.607157,7.435884,4.4,,,1221.0,true,true,false,false,false,Frederick,Maryland,United States of America,US
460846410,2015-12-28,2015-12-28T19:41:00Z,TM - 22:21 - 3 Miles,Run,4827.8,2.999856,1341,1341,,,3.600149,7.450358,,,,404.0,false,false,false,false,false,,,,
460846290,2015-12-29,2015-12-29T19:41:00Z,TM - 30:04 - 4 Miles,Run,6437.1,3.999829,1804,1804,,,3.568237,7.516989,,,,538.0,true,false,false,false,false,,,,
460908735,2016-01-01,2016-01-01T21:03:01Z,Afternoon Run,Run,16252.7,10.09896,4563,5049,42.6,139.764,3.561845,7.530479,4.5,,,1363.0,true,true,false,false,false,Frederick,Maryland,United States of America,US
670612058,2016-01-02,2016-01-02T13:03:00Z,4m TM,Run,6437.1,3.999829,1805,1805,,,3.56626,7.521156,,,,538.0,true,false,false,false,false,,,,
463529675,2016-01-04,2016-01-04T11:00:00Z,TM - Yokosuka - 22:41,Run,4843.9,3.00986,1361,1361,,,3.559074,7.536342,,,,405.0,false,false,false,false,false,,,,
670611510,2016-01-07,2016-01-07T12:53:00Z,Hawaii TM :28:21 - 4,Run,6437.1,3.999829,1701,1701,,,3.784303,7.087804,,,,538.0,true,false,false,false,false,,,,
670611376,2016-01-08,2016-01-08T12:53:00Z,Monterey TM 21:41 - 3,Run,4827.8,2.999856,1301,1301,,,3.710838,7.228125,,,,404.0,false,false,false,false,false,,,,
467729899,2016-01-10,2016-01-10T20:37:24Z,Afternoon Run,Run,12947.8,8.04539,3688,4098,42.0,137.795,3.510792,7.639986,4.2,,,1086.0,true,true,false,false,false,Frederick,Maryland,United States of America,US
670611289,2016-01-12,2016-01-12T12:53:00Z,21:19 3 TM,Run,4827.8,2.999856,1279,1279,,,3.774668,7.105897,,,,404.0,false,false,false,false,false,,,,
670611169,2016-01-14,2016-01-14T12:53:00Z,4 TM 29:53,Run,6437.1,3.999829,1792,1792,,,3.592132,7.466987,,,,538.0,true,false,false,false,false,,,,
670611047,2016-01-15,2016-01-15T12:52:00Z,3 TM,Run,4827.8,2.999856,1262,1262,,,3.825515,7.011448,,,,404.0,false,false,false,false,false,,,,
471870169,2016-01-16,2016-01-16T20:34:37Z,Afternoon Run,Run,17778.7,11.047172,4955,5249,48.1,157.808,3.588032,7.475518,4.8,,,1490.0,true,true,false,false,false,Frederick,Maryland,United States of America,US
670610973,2016-01-18,2016-01-18T12:46:00Z,3.1 mi TM,Run,4988.7,3.099834,1367,1367,,,3.649378,7.349855,,,,417.0,false,false,false,false,false,,,,
670610905,2016-01-20,2016-01-20T12:46:00Z,2 TM,Run,3218.5,1.999883,809,809,,,3.978368,6.74206,,,,269.0,false,false,false,false,false,,,,
670610833,2016-01-22,2016-01-22T12:56:00Z,4 TM,Run,6437.1,3.999829,1696,1696,,,3.79546,7.06697,,,,538.0,true,false,false,false,false,,,,
670610736,2016-01-25,2016-01-25T12:46:00Z,4 TM,Run,6437.1,3.999829,1708,1708,,,3.768794,7.116972,,,,538.0,true,false,false,false,false,,,,
670610543,2016-01-26,2016-01-26T12:53:00Z,4m TM,Run,6437.1,3.999829,1706,1706,,,3.773212,7.108638,,,,538.0,true,false,false,false,false,,,,
670610209,2016-01-27,2016-01-27T12:46:00Z,3 TM,Run,4827.8,2.999856,1281,1281,,,3.768774,7.117009,,,,404.0,false,false,false,false,false,,,,
670610052,2016-01-28,2016-01-28T12:46:00Z,TM 5,Run,8046.3,4.999739,2225,2225,,,3.616315,7.417054,,,,673.0,true,false,false,false,false,,,,
670609860,2016-01-30,2016-01-30T12:56:00Z,3 TM,Run,4827.8,2.999856,1336,1336,,,3.613623,7.422579,,,,404.0,false,false,false,false,false,,,,
670609786,2016-01-31,2016-01-31T12:46:00Z,10 Miles TM,Run,16092.7,9.99954,4500,4500,,,3.576156,7.500345,,,,1345.0,true,true,false,false,false,,,,
497938775,2016-02-07,2016-02-07T19:50:02Z,Afternoon Run,Run,16226.8,10.082866,4540,4947,29.3,96.129,3.574185,7.50448,4.4,,,1360.0,true,true,false,false,false,Frederick,Maryland,United States of America,US
497939455,2016-02-20,2016-02-20T15:15:19Z,Morning Run,Run,17780.4,11.048228,4973,5553,58.1,190.617,3.575387,7.501957,6.4,,,1492.0,true,true,false,false,false,Frederick,Maryland,United States of America,US
503903744,2016-02-27,2016-02-27T21:40:17Z,Afternoon Run,Run,8221.5,5.108603,2288,2668,48.3,158.465,3.593313,7.464532,4.6,,,691.0,true,false,false,false,false,Frederick,Maryland,United States of America,US
504721233,2016-02-28,2016-02-28T16:02:59Z,Lunch Run,Run,19386.6,12.046275,5494,5977,55.9,183.399,3.528686,7.601243,4.6,,,1626.0,true,true,false,false,false,Frederick,Maryland,United States of America,US
510390416,2016-03-05,2016-03-05T21:47:41Z,Afternoon Run,Run,4852.6,3.015266,1308,1423,11.7,38.386,3.709939,7.229877,4.5,,,407.0,false,false,false,false,false,Frederick,Maryland,United States of America,US
510482305,2016-03-06,2016-03-06T19:29:04Z,Afternoon Run,Run,21160.0,13.148214,5964,6411,56.7,186.024,3.547954,7.559962,5.5,,,1775.0,true,true,true,false,false,Frederick,Maryland,United States of America,US
514878662,2016-03-12,2016-03-12T13:46:32Z,Morning Run,Run,8095.8,5.030497,2156,2306,0.0,0.0,3.755009,7.143098,4.4,,,678.0,true,false,false,false,false,Miami,Florida,United States of America,US
527423505,2016-03-19,2016-03-19T09:21:25Z,Morning Run,Run,6595.7,4.098378,1449,1604,0.0,0.0,4.551898,5.892575,8.5,,,551.0,true,false,false,false,false,Florida Strait,,United States of America,US
527424902,2016-03-26,2016-03-26T15:47:13Z,Lunch Run,Run,21639.2,13.445976,5981,7034,67.8,222.441,3.61799,7.413619,4.9,,,1815.0,true,true,true,false,false,Frederick,Maryland,United States of America,US
13906980207,2016-03-26,2016-03-26T15:47:13Z,Outdoor Running,Run,21642.2,13.44784,5981,5981,0.0,0.0,3.618492,7.412591,3.618,,,2.0,true,true,true,false,false,,,,
535025735,2016-04-03,2016-04-03T19:37:37Z,Afternoon Run,Run,6531.2,4.0583,1778,1833,16.6,54.462,3.673341,7.301909,4.3,,,547.0,true,false,false,false,false,Frederick,Maryland,United States of America,US
13906975563,2016-04-03,2016-04-03T19:37:37Z,Outdoor Running,Run,6534.0,4.060039,1778,1778,0.0,0.0,3.674916,7.29878,3.675,,,619.0,true,false,false,false,false,,,,
536898770,2016-04-05,2016-04-05T20:15:40Z,Afternoon Run,Run,16172.8,10.049312,4608,4886,268.0,879.265,3.509722,7.642314,4.5,,,1405.0,true,true,false,false,false,Tuscarora,West Virginia,United States of America,US
13906971624,2016-04-05,2016-04-05T20:15:40Z,Outdoor Running,Run,16175.1,10.050741,4608,4608,0.0,0.0,3.510221,7.641228,3.51,,,1.0,true,true,false,false,false,,,,
548537523,2016-04-09,2016-04-09T20:44:37Z,Afternoon Run,Run,6475.8,4.023876,1756,1756,15.8,51.837,3.687813,7.273253,5.4,,,542.0,true,false,false,false,false,Frederick,Maryland,United States of America,US
13906963362,2016-04-09,2016-04-09T20:44:37Z,Outdoor Running,Run,6475.8,4.023876,1756,1756,0.0,0.0,3.687813,7.273253,3.688,,,614.0,true,false,false,false,false,,,,
548538786,2016-04-10,2016-04-10T15:49:11Z,Lunch Run,Run,18796.7,11.679728,5226,5918,135.7,445.21,3.596766,7.457366,4.6,,,1594.0,true,true,false,false,false,Urbana,Maryland,United States of America,US
13906982917,2016-04-10,2016-04-10T15:49:11Z,Outdoor Running,Run,18796.7,11.679728,5226,5226,0.0,0.0,3.596766,7.457366,3.597,,,1.0,true,true,false,false,false,,,,
548465397,2016-04-17,2016-04-17T15:30:03Z,Lunch Run,Run,22607.8,14.047836,6513,7029,69.4,227.69,3.471181,7.727169,4.4,,,1896.0,true,true,true,false,false,Frederick,Maryland,United States of America,US
13906980163,2016-04-17,2016-04-17T15:30:03Z,Outdoor Running,Run,22609.6,14.048954,6513,6513,0.0,0.0,3.471457,7.726554,3.471,,,2.0,true,true,true,false,false,,,,
550002482,2016-04-19,2016-04-19T09:50:49Z,Morning Run,Run,8138.4,5.056967,2255,2255,36.6,120.079,3.609047,7.431991,4.3,,,684.0,true,false,false,false,false,Frederick,Maryland,United States of America,US
13906977205,2016-04-19,2016-04-19T09:50:49Z,Outdoor Running,Run,8142.0,5.059204,2255,2255,0.0,0.0,3.610643,7.428704,3.611,,,1.0,true,false,false,false,false,,,,
553191175,2016-04-22,2016-04-22T09:35:10Z,Morning Run,Run,5008.6,3.1122,1372,1372,29.0,95.144,3.650583,7.347429,4.1,,,422.0,true,false,false,false,false,Frederick,Maryland,United States of America,US
13906973638,2016-04-22,2016-04-22T09:35:10Z,Outdoor Running,Run,5009.3,3.112635,1372,1372,0.0,0.0,3.651093,7.346402,3.651,,,475.0,true,false,false,false,false,,,,
555195368,2016-04-24,2016-04-24T10:13:37Z,Morning Run,Run,13226.3,8.218442,3664,3785,29.4,96.457,3.609798,7.430443,4.3,,,1109.0,true,true,false,false,false,Frederick,Maryland,United States of America,US
13906967532,2016-04-24,2016-04-24T10:13:37Z,Outdoor Running,Run,13226.3,8.218442,3664,3664,0.0,0.0,3.609798,7.430443,3.61,,,1.0,true,true,false,false,false,,,,
557168439,2016-04-26,2016-04-26T10:01:40Z,Morning Run,Run,9731.7,6.046998,2740,2985,27.4,89.895,3.551715,7.551957,4.5,,,817.0,true,false,false,false,false,Frederick,Maryland,United States of America,US
13906984324,2016-04-26,2016-04-26T10:01:40Z,Outdoor Running,Run,9733.2,6.04793,2740,2740,0.0,0.0,3.552263,7.550793,3.552,,,1.0,true,false,false,false,false,,,,
559841290,2016-04-29,2016-04-29T09:23:45Z,Morning Run,Run,6578.0,4.08738,1806,1820,33.4,109.58,3.642303,7.364131,4.3,,,554.0,true,false,false,false,false,Frederick,Maryland,United States of America,US
13906981650,2016-04-29,2016-04-29T09:23:45Z,Outdoor Running,Run,6578.0,4.08738,1806,1806,0.0,0.0,3.642303,7.364131,3.642,,,623.0,true,false,false,false,false,,,,
569579068,2016-04-30,2016-04-30T20:07:06Z,Afternoon Run,Run,8085.4,5.024035,2208,2305,13.2,43.307,3.661866,7.32479,4.2,,,680.0,true,false,false,false,false,Frederick,Maryland,United States of America,US
13906978706,2016-04-30,2016-04-30T20:07:06Z,Outdoor Running,Run,8087.6,5.025402,2208,2208,0.0,0.0,3.662862,7.322798,3.663,,,1.0,true,false,false,false,false,,,,
569579605,2016-05-02,2016-05-02T09:18:36Z,Morning Run,Run,11428.9,7.101589,3223,3354,29.5,96.785,3.546044,7.564035,4.6,,,958.0,true,true,false,false,false,Frederick,Maryland,United States of America,US
13906977115,2016-05-02,2016-05-02T09:18:36Z,Outdoor Running,Run,11428.9,7.101589,3223,3223,0.0,0.0,3.546044,7.564035,3.546,,,1.0,true,true,false,false,false,,,,
569574068,2016-05-07,2016-05-07T13:01:21Z,Morning Run,Run,5061.1,3.144822,1504,1535,0.0,0.0,3.365093,7.970775,4.7,,,425.0,true,false,false,false,false,Frederick,Maryland,United States of America,US
13906973515,2016-05-07,2016-05-07T13:01:21Z,Outdoor Running,Run,5066.7,3.148301,1504,1504,0.0,0.0,3.368816,7.961965,3.369,,,480.0,true,false,false,false,false,,,,
569574753,2016-05-08,2016-05-08T11:00:15Z,Morning Run,Run,21264.6,13.21321,5688,5744,73.4,240.814,3.738502,7.174638,4.8,,,1783.0,true,true,true,false,false,Frederick,Maryland,United States of America,US
577224858,2016-05-15,2016-05-15T17:58:44Z,Afternoon Run,Run,6458.3,4.013002,1808,1879,16.0,52.493,3.572069,7.508926,4.3,,,541.0,true,false,false,false,false,Frederick,Maryland,United States of America,US
13906984224,2016-05-15,2016-05-15T17:58:44Z,Outdoor Running,Run,6461.1,4.014741,1808,1808,0.0,0.0,3.573617,7.505672,3.574,,,612.0,true,false,false,false,false,,,,
578887273,2016-05-17,2016-05-17T11:22:22Z,Morning Run,Run,8124.0,5.04802,2207,2302,0.0,0.0,3.681015,7.286686,4.3,,,680.0,true,false,false,false,false,Ocean City,Maryland,United States of America,US
13906981647,2016-05-17,2016-05-17T11:22:22Z,Outdoor Running,Run,8127.3,5.05007,2207,2207,0.0,0.0,3.68251,7.283727,3.683,,,1.0,true,false,false,false,false,,,,
594857608,2016-05-19,2016-05-19T09:22:09Z,Morning Run,Run,4923.0,3.05901,1329,1329,28.6,93.832,3.704289,7.240904,4.3,,,414.0,false,false,false,false,false,Frederick,Maryland,United States of America,US
13906978689,2016-05-19,2016-05-19T09:22:09Z,Outdoor Running,Run,4925.8,3.06075,1329,1329,0.0,0.0,3.706396,7.236788,3.706,,,467.0,false,false,false,false,false,,,,
594857698,2016-05-21,2016-05-21T20:08:05Z,Afternoon Run,Run,4972.3,3.089644,1380,1532,0.0,0.0,3.603116,7.444223,4.3,,,418.0,false,false,false,false,false,Frederick,Maryland,United States of America,US
13906975564,2016-05-21,2016-05-21T20:08:05Z,Outdoor Running,Run,4972.3,3.089644,1380,1380,0.0,0.0,3.603116,7.444223,3.603,,,471.0,false,false,false,false,false,,,,
594857822,2016-05-23,2016-05-23T09:42:15Z,Morning Run,Run,4928.3,3.062304,1345,1350,28.6,93.832,3.664164,7.320197,4.3,,,414.0,false,false,false,false,false,Frederick,Maryland,United States of America,US
13906971656,2016-05-23,2016-05-23T09:42:15Z,Outdoor Running,Run,4928.3,3.062304,1345,1345,0.0,0.0,3.664164,7.320197,3.664,,,467.0,false,false,false,false,false,,,,
594857945,2016-05-25,2016-05-25T09:38:00Z,Morning Run,Run,4983.6,3.096665,1361,1415,29.1,95.472,3.661719,7.325084,4.5,,,419.0,false,false,false,false,false,Frederick,Maryland,United States of America,US
13906963462,2016-05-25,2016-05-25T09:38:00Z,Outdoor Running,Run,4985.8,3.098032,1361,1361,0.0,0.0,3.663336,7.321851,3.663,,,472.0,false,false,false,false,false,,,,
594858052,2016-05-26,2016-05-26T09:41:50Z,Morning Run,Run,5006.7,3.111019,1384,1384,30.1,98.753,3.617558,7.414505,4.4,,,422.0,true,false,false,false,false,Frederick,Maryland,United States of America,US
13906982940,2016-05-26,2016-05-26T09:41:50Z,Outdoor Running,Run,5006.7,3.111019,1384,1384,0.0,0.0,3.617558,7.414505,3.618,,,474.0,true,false,false,false,false,,,,
594858142,2016-05-27,2016-05-27T09:44:40Z,Morning Run,Run,4929.9,3.063298,1357,1357,16.3,53.478,3.63294,7.383111,4.5,,,415.0,false,false,false,false,false,Frederick,Maryland,United States of America,US
13906980214,2016-05-27,2016-05-27T09:44:40Z,Outdoor Running,Run,4929.9,3.063298,1356,1356,0.0,0.0,3.635619,7.37767,3.636,,,467.0,false,false,false,false,false,,,,
594858401,2016-05-29,2016-05-29T11:49:42Z,Morning Run,Run,16169.7,10.047386,4649,5101,29.6,97.113,3.478103,7.71179,4.8,,,1355.0,true,true,false,false,false,Frederick,Maryland,United States of America,US
13906977204,2016-05-29,2016-05-29T11:49:42Z,Outdoor Running,Run,16172.2,10.048939,4649,4649,0.0,0.0,3.478641,7.710598,3.479,,,1.0,true,true,false,false,false,,,,
594858642,2016-06-01,2016-06-01T09:31:52Z,Morning Run,Run,5005.8,3.11046,1350,1350,28.8,94.488,3.708,7.233657,4.3,,,422.0,true,false,false,false,false,Frederick,Maryland,United States of America,US
13906975560,2016-06-01,2016-06-01T09:31:52Z,Outdoor Running,Run,5009.5,3.112759,1350,1350,0.0,0.0,3.710741,7.228314,3.711,,,475.0,true,false,false,false,false,,,,
621627821,2016-06-03,2016-06-03T09:28:51Z,Morning Run,Run,4922.4,3.058638,1358,1358,28.9,94.816,3.624742,7.399809,4.2,,,414.0,false,false,false,false,false,Frederick,Maryland,United States of America,US
621628930,2016-06-05,2016-06-05T12:07:38Z,Morning Run,Run,16261.8,10.104614,4673,5052,43.3,142.06,3.479949,7.7077,4.1,,,1363.0,true,true,false,false,false,Frederick,Maryland,United States of America,US
621629881,2016-06-07,2016-06-07T09:31:34Z,Morning Run,Run,4978.3,3.093372,1380,1380,28.9,94.816,3.607464,7.435251,5.2,,,419.0,false,false,false,false,false,Frederick,Maryland,United States of America,US
621630415,2016-06-08,2016-06-08T09:26:13Z,Morning Run,Run,6511.2,4.045872,1797,1833,33.0,108.268,3.623372,7.402607,4.2,,,548.0,true,false,false,false,false,Frederick,Maryland,United States of America,US
13906971630,2016-06-08,2016-06-08T09:26:13Z,Outdoor Running,Run,6511.2,4.045872,1797,1797,0.0,0.0,3.623372,7.402607,3.623,,,617.0,true,false,false,false,false,,,,
621630731,2016-06-11,2016-06-11T12:52:16Z,Morning Run,Run,5255.3,3.265492,1509,1784,14.5,47.572,3.482638,7.701749,4.1,,,440.0,true,false,false,false,false,Frederick,Maryland,United States of America,US
13906963354,2016-06-11,2016-06-11T12:52:16Z,Outdoor Running,Run,5255.3,3.265492,1509,1509,0.0,0.0,3.482638,7.701749,3.483,,,498.0,true,false,false,false,false,,,,
621631247,2016-06-12,2016-06-12T12:57:14Z,Morning Run,Run,12978.0,8.064155,3832,4642,29.6,97.113,3.386743,7.919821,4.3,,,1088.0,true,true,false,false,false,Frederick,Maryland,United States of America,US
13906982922,2016-06-12,2016-06-12T12:57:14Z,Outdoor Running,Run,12978.0,8.064155,3832,3832,0.0,0.0,3.386743,7.919821,3.387,,,1.0,true,true,false,false,false,,,,
621631528,2016-06-14,2016-06-14T09:27:18Z,Morning Run,Run,6544.1,4.066315,1822,1880,33.4,109.58,3.591712,7.467858,4.2,,,551.0,true,false,false,false,false,Frederick,Maryland,United States of America,US
13906980164,2016-06-14,2016-06-14T09:27:18Z,Outdoor Running,Run,6544.1,4.066315,1822,1822,0.0,0.0,3.591712,7.467858,3.592,,,620.0,true,false,false,false,false,,,,
621631686,2016-06-16,2016-06-16T10:36:52Z,Morning Run,Run,5080.7,3.157001,1412,1412,16.5,54.134,3.598229,7.454333,4.2,,,428.0,true,false,false,false,false,Frederick,Maryland,United States of America,US
13906977208,2016-06-16,2016-06-16T10:36:52Z,Outdoor Running,Run,5084.1,3.159113,1411,1411,0.0,0.0,3.603189,7.444072,3.603,,,482.0,true,false,false,false,false,,,,
621632522,2016-06-18,2016-06-18T12:42:30Z,Morning Run,Run,8166.9,5.074676,2288,2444,25.0,82.021,3.569449,7.514436,4.2,,,685.0,true,false,false,false,false,Frederick,Maryland,United States of America,US
13906973647,2016-06-18,2016-06-18T12:42:30Z,Outdoor Running,Run,8166.9,5.074676,2288,2288,0.0,0.0,3.569449,7.514436,3.569,,,1.0,true,false,false,false,false,,,,
621633891,2016-06-19,2016-06-19T12:26:14Z,Morning Run,Run,16173.9,10.049996,4722,5142,51.2,167.979,3.425222,7.830849,4.7,,,1357.0,true,true,false,false,false,Frederick,Maryland,United States of America,US
13906967531,2016-06-19,2016-06-19T12:26:14Z,Outdoor Running,Run,16173.9,10.049996,4722,4722,0.0,0.0,3.425222,7.830849,3.425,,,1.0,true,true,false,false,false,,,,
621634364,2016-06-22,2016-06-22T09:28:53Z,Morning Run,Run,4969.6,3.087966,1404,1404,28.8,94.488,3.539601,7.577803,4.2,,,418.0,false,false,false,false,false,Frederick,Maryland,United States of America,US
13906984330,2016-06-22,2016-06-22T09:28:53Z,Outdoor Running,Run,4969.6,3.087966,1403,1403,0.0,0.0,3.542124,7.572406,3.542,,,471.0,false,false,false,false,false,,,,
621605528,2016-06-25,2016-06-25T15:32:32Z,Lunch Run,Run,8127.1,5.049946,2252,2421,31.9,104.659,3.608837,7.432423,4.4,,,683.0,true,false,false,false,false,Frederick,Maryland,United States of America,US
13906981655,2016-06-25,2016-06-25T15:32:32Z,Outdoor Running,Run,8127.0,5.049884,2252,2252,0.0,0.0,3.608792,7.432514,3.609,,,1.0,true,false,false,false,false,,,,
621606259,2016-06-26,2016-06-26T12:45:11Z,Morning Run,Run,18544.5,11.523018,5376,6495,55.6,182.415,3.449498,7.775741,4.3,,,1556.0,true,true,false,false,false,Frederick,Maryland,United States of America,US
13906978694,2016-06-26,2016-06-26T12:45:11Z,Outdoor Running,Run,18547.0,11.524572,5376,5376,0.0,0.0,3.449963,7.774693,3.45,,,1.0,true,true,false,false,false,,,,
626406981,2016-06-28,2016-06-28T10:03:38Z,Morning Run,Run,4866.5,3.023903,1324,1324,10.4,34.121,3.675604,7.297412,4.9,,,408.0,false,false,false,false,false,Frederick,Maryland,United States of America,US
13906975559,2016-06-28,2016-06-28T10:03:38Z,Outdoor Running,Run,4867.4,3.024462,1323,1323,0.0,0.0,3.679063,7.290552,3.679,,,461.0,false,false,false,false,false,,,,
626407116,2016-07-01,2016-07-01T09:34:42Z,Morning Run,Run,6561.7,4.077251,1811,1872,33.0,108.268,3.623247,7.402863,4.2,,,553.0,true,false,false,false,false,Frederick,Maryland,United States of America,US
13906963459,2016-07-01,2016-07-01T09:34:42Z,Outdoor Running,Run,6564.0,4.078681,1811,1811,0.0,0.0,3.624517,7.400269,3.625,,,622.0,true,false,false,false,false,,,,
668695622,2016-07-02,2016-07-02T14:10:43Z,Morning Run,Run,5081.6,3.15756,1353,1353,16.0,52.493,3.755802,7.141591,4.3,,,425.0,true,false,false,false,false,Frederick,Maryland,United States of America,US
668695751,2016-07-03,2016-07-03T14:49:05Z,Morning Run,Run,6517.0,4.049476,1788,1788,15.8,51.837,3.644855,7.358977,4.5,,,546.0,true,false,false,false,false,Frederick,Maryland,United States of America,US
668696065,2016-07-04,2016-07-04T13:25:50Z,Morning Run,Run,19623.6,12.19354,5696,6232,54.4,178.478,3.445154,7.785543,4.8,,,1644.0,true,true,false,false,false,Frederick,Maryland,United States of America,US
668696151,2016-07-06,2016-07-06T09:25:34Z,Morning Run,Run,4925.4,3.060502,1390,1390,0.0,0.0,3.543453,7.569565,4.1,,,413.0,false,false,false,false,false,Frederick,Maryland,United States of America,US
668696247,2016-07-08,2016-07-08T09:43:43Z,Morning Run,Run,4900.2,3.044843,1360,1361,15.2,49.869,3.603088,7.444281,5.2,,,410.0,false,false,false,false,false,Frederick,Maryland,United States of America,US
668696403,2016-07-09,2016-07-09T12:51:38Z,Morning Run,Run,8124.8,5.048517,2250,2344,16.3,53.478,3.611022,7.427924,4.6,,,681.0,true,false,false,false,false,Frederick,Maryland,United States of America,US
668696712,2016-07-10,2016-07-10T12:41:40Z,Morning Run,Run,16178.6,10.052916,4764,5381,29.2,95.801,3.396012,7.898206,4.6,,,1356.0,true,true,false,false,false,Frederick,Maryland,United States of America,US
668696793,2016-07-13,2016-07-13T09:56:54Z,Morning Run,Run,4909.5,3.050622,1362,1362,16.4,53.806,3.604626,7.441106,4.2,,,413.0,false,false,false,false,false,Frederick,Maryland,United States of America,US
668696921,2016-07-14,2016-07-14T10:14:28Z,Morning Run,Run,4902.9,3.046521,1371,1371,16.4,53.806,3.576149,7.500359,4.0,,,412.0,false,false,false,false,false,Frederick,Maryland,United States of America,US
668697014,2016-07-15,2016-07-15T10:07:03Z,Morning Run,Run,4907.2,3.049193,1384,1400,16.5,54.134,3.545665,7.564844,4.6,,,413.0,false,false,false,false,false,Frederick,Maryland,United States of America,US
668697135,2016-07-17,2016-07-17T18:57:39Z,Afternoon Run,Run,4751.3,2.952321,1318,1492,0.0,0.0,3.604932,7.440474,4.4,,,393.0,false,false,false,false,false,Frederick,Maryland,United States of America,US
668697178,2016-07-17,2016-07-17T19:25:04Z,Afternoon Run,Run,1697.7,1.054902,487,487,13.5,44.291,3.486037,7.694239,4.3,,,146.0,false,false,false,false,false,Frederick,Maryland,United States of America,US
668697297,2016-07-19,2016-07-19T09:53:24Z,Morning Run,Run,4919.4,3.056773,1363,1363,10.4,34.121,3.609244,7.431583,4.1,,,412.0,false,false,false,false,false,Frederick,Maryland,United States of America,US
668697403,2016-07-21,2016-07-21T09:39:55Z,Morning Run,Run,4917.0,3.055282,1333,1333,0.0,0.0,3.688672,7.27156,4.4,,,412.0,false,false,false,false,false,Frederick,Maryland,United States of America,US
668697531,2016-07-22,2016-07-22T15:59:11Z,Lunch Run,Run,6515.0,4.048233,1812,1863,16.0,52.493,3.595475,7.460044,4.5,,,545.0,true,false,false,false,false,Frederick,Maryland,United States of America,US
668697654,2016-07-23,2016-07-23T15:48:05Z,Lunch Run,Run,6516.5,4.049165,1833,1833,15.9,52.165,3.555101,7.544765,4.3,,,545.0,true,false,false,false,false,Frederick,Maryland,United States of America,US
668697949,2016-07-24,2016-07-24T12:43:18Z,Morning Run,Run,16190.1,10.060062,4794,5130,29.1,95.472,3.377159,7.942297,4.1,,,1356.0,true,true,false,false,false,Frederick,Maryland,United States of America,US
668698040,2016-07-26,2016-07-26T10:00:44Z,Morning Run,Run,4912.3,3.052362,1346,1346,10.4,34.121,3.649554,7.3495,4.3,,,412.0,false,false,false,false,false,Frederick,Maryland,United States of America,US
668698146,2016-07-27,2016-07-27T09:53:52Z,Morning Run,Run,4921.1,3.05783,1364,1364,10.4,34.121,3.607845,7.434467,4.3,,,413.0,false,false,false,false,false,Frederick,Maryland,United States of America,US
13906982936,2016-07-27,2016-07-27T09:53:52Z,Outdoor Running,Run,4923.3,3.059197,1364,1364,0.0,0.0,3.609457,7.431144,3.609,,,466.0,false,false,false,false,false,,,,
668698253,2016-07-28,2016-07-28T10:40:19Z,Morning Run,Run,4903.5,3.046894,1333,1333,10.4,34.121,3.678545,7.291579,4.4,,,411.0,false,false,false,false,false,Frederick,Maryland,United States of America,US
13906980208,2016-07-28,2016-07-28T10:40:19Z,Outdoor Running,Run,4906.1,3.048509,1333,1333,0.0,0.0,3.680495,7.287715,3.68,,,465.0,false,false,false,false,false,,,,
668698424,2016-07-30,2016-07-30T15:48:26Z,Lunch Run,Run,6521.2,4.052086,1791,2082,15.9,52.165,3.641094,7.366576,4.5,,,546.0,true,false,false,false,false,Frederick,Maryland,United States of America,US
13906977222,2016-07-30,2016-07-30T15:48:26Z,Outdoor Running,Run,6521.2,4.052086,1791,1791,0.0,0.0,3.641094,7.366576,3.641,,,618.0,true,false,false,false,false,,,,
668698742,2016-07-31,2016-07-31T12:58:40Z,Morning Run,Run,16175.7,10.051114,4649,5479,38.8,127.297,3.479393,7.70893,4.7,,,1357.0,true,true,false,false,false,Frederick,Maryland,United States of America,US
668698854,2016-08-02,2016-08-02T10:36:26Z,Morning Run,Run,4900.2,3.044843,1336,1336,10.4,34.121,3.667814,7.312911,5.4,,,411.0,false,false,false,false,false,Frederick,Maryland,United States of America,US
13906982913,2016-08-02,2016-08-02T10:36:26Z,Outdoor Running,Run,4905.1,3.047888,1336,1336,0.0,0.0,3.671482,7.305606,3.671,,,465.0,false,false,false,false,false,,,,
668698960,2016-08-03,2016-08-03T09:49:53Z,Morning Run,Run,4910.3,3.051119,1315,1447,10.5,34.449,3.734068,7.183157,6.7,,,412.0,false,false,false,false,false,Frederick,Maryland,United States of America,US
13906980138,2016-08-03,2016-08-03T09:49:53Z,Outdoor Running,Run,4910.3,3.051119,1315,1315,0.0,0.0,3.734068,7.183157,3.734,,,465.0,false,false,false,false,false,,,,
668699096,2016-08-04,2016-08-04T09:41:00Z,Morning Run,Run,6516.0,4.048855,1778,1778,35.4,116.142,3.664792,7.318942,4.2,,,549.0,true,false,false,false,false,Frederick,Maryland,United States of America,US
13906977119,2016-08-04,2016-08-04T09:41:00Z,Outdoor Running,Run,6516.0,4.048855,1777,1777,0.0,0.0,3.666854,7.314826,3.667,,,617.0,true,false,false,false,false,,,,
668699224,2016-08-05,2016-08-05T09:44:07Z,Morning Run,Run,4905.5,3.048136,1286,1400,10.5,34.449,3.814541,7.031619,4.6,,,411.0,false,false,false,false,false,Frederick,Maryland,United States of America,US
13906973512,2016-08-05,2016-08-05T09:44:07Z,Outdoor Running,Run,4907.5,3.049379,1286,1286,0.0,0.0,3.816096,7.028753,3.816,,,465.0,false,false,false,false,false,,,,
668699615,2016-08-07,2016-08-07T12:33:21Z,Morning Run,Run,16189.6,10.059751,4668,5056,29.6,97.113,3.468209,7.73379,4.7,,,1357.0,true,true,false,false,false,Frederick,Maryland,United States of America,US
13906967527,2016-08-07,2016-08-07T12:33:21Z,Outdoor Running,Run,16190.2,10.060124,4668,4668,0.0,0.0,3.468338,7.733503,3.468,,,1.0,true,true,false,false,false,,,,
668699676,2016-08-08,2016-08-08T09:46:00Z,Morning Run,Run,4905.1,3.047888,1369,1369,10.4,34.121,3.58298,7.486059,4.3,,,412.0,false,false,false,false,false,Frederick,Maryland,United States of America,US
13906984329,2016-08-08,2016-08-08T09:46:00Z,Outdoor Running,Run,4905.1,3.047888,1368,1368,0.0,0.0,3.585599,7.48059,3.586,,,465.0,false,false,false,false,false,,,,
671018337,2016-08-10,2016-08-10T09:44:33Z,Morning Run,Run,8196.1,5.09282,2336,2336,36.4,119.423,3.508604,7.644749,4.1,,,689.0,true,false,false,false,false,Frederick,Maryland,United States of America,US
13906981682,2016-08-10,2016-08-10T09:44:33Z,Outdoor Running,Run,8196.1,5.09282,2335,2335,0.0,0.0,3.510107,7.641476,3.51,,,1.0,true,false,false,false,false,,,,
707061534,2016-08-11,2016-08-11T10:39:26Z,Morning Run,Run,3302.2,2.051892,884,884,0.0,0.0,3.73552,7.180365,4.4,,,278.0,false,false,false,false,false,Frederick,Maryland,United States of America,US
707061723,2016-08-12,2016-08-12T09:56:36Z,Morning Run,Run,4904.2,3.047329,1327,1400,10.4,34.121,3.695705,7.257723,5.9,,,411.0,false,false,false,false,false,Frederick,Maryland,United States of America,US
707061954,2016-08-13,2016-08-13T15:10:48Z,Lunch Run,Run,4910.8,3.05143,1380,1443,15.0,49.213,3.558551,7.537451,4.2,,,411.0,false,false,false,false,false,Frederick,Maryland,United States of America,US
707062581,2016-08-14,2016-08-14T12:34:12Z,Morning Run,Run,16166.0,10.045087,4828,5772,39.8,130.577,3.348384,8.01055,4.1,,,1355.0,true,true,false,false,false,Frederick,Maryland,United States of America,US
707062865,2016-08-16,2016-08-16T09:21:40Z,Morning Run,Run,4907.6,3.049441,1428,1495,10.4,34.121,3.436695,7.804708,4.2,,,412.0,false,false,false,false,false,Frederick,Maryland,United States of America,US
707063183,2016-08-17,2016-08-17T09:33:04Z,Morning Run,Run,8144.7,5.060882,2413,2428,36.6,120.079,3.375342,7.946573,5.9,,,685.0,true,false,false,false,false,Frederick,Maryland,United States of America,US
707063378,2016-08-18,2016-08-18T09:37:40Z,Morning Run,Run,4916.6,3.055034,1419,1419,10.4,34.121,3.464834,7.741322,6.2,,,412.0,false,false,false,false,false,Frederick,Maryland,United States of America,US
707063945,2016-08-20,2016-08-20T13:20:59Z,Morning Run,Run,17793.3,11.056244,5340,5877,42.9,140.748,3.332079,8.04975,4.2,,,1491.0,true,true,false,false,false,Frederick,Maryland,United States of America,US
707064282,2016-08-21,2016-08-21T14:12:32Z,Morning Run,Run,6697.4,4.161571,1992,2210,10.6,34.777,3.362149,7.977756,4.1,,,561.0,true,false,false,false,false,Frederick,Maryland,United States of America,US
707064556,2016-08-22,2016-08-22T09:56:04Z,Morning Run,Run,4915.5,3.05435,1384,1467,10.5,34.449,3.551662,7.55207,4.3,,,412.0,false,false,false,false,false,Frederick,Maryland,United States of America,US
707064920,2016-08-23,2016-08-23T09:28:00Z,Morning Run,Run,9730.6,6.046315,2824,2830,44.2,145.013,3.44568,7.784356,4.0,,,819.0,true,false,false,false,false,Frederick,Maryland,United States of America,US
707065126,2016-08-24,2016-08-24T09:49:19Z,Morning Run,Run,4893.0,3.040369,1383,1383,10.4,34.121,3.537961,7.581316,4.4,,,410.0,false,false,false,false,false,Frederick,Maryland,United States of America,US
707065484,2016-08-26,2016-08-26T09:34:35Z,Morning Run,Run,9723.7,6.042027,2838,2896,49.3,161.745,3.426251,7.828499,3.9,,,818.0,true,false,false,false,false,Frederick,Maryland,United States of America,US
13906978683,2016-08-26,2016-08-26T09:34:35Z,Outdoor Running,Run,9723.7,6.042027,2838,2838,0.0,0.0,3.426251,7.828499,3.426,,,1.0,true,false,false,false,false,,,,
707065728,2016-08-27,2016-08-27T15:30:57Z,Lunch Run,Run,6490.6,4.033072,1886,2302,25.3,83.005,3.441463,7.793894,4.5,,,544.0,true,false,false,false,false,Frederick,Maryland,United States of America,US
13906975552,2016-08-27,2016-08-27T15:30:57Z,Outdoor Running,Run,6490.6,4.033072,1886,1886,0.0,0.0,3.441463,7.793894,3.441,,,615.0,true,false,false,false,false,,,,
707066276,2016-08-30,2016-08-30T09:23:23Z,Morning Ride,Run,4024.2,2.500522,1131,1196,19.2,62.992,3.55809,7.538426,3.9,,,338.0,false,false,false,false,false,Frederick,Maryland,United States of America,US
707066481,2016-08-30,2016-08-30T09:45:03Z,Morning Run,Run,4032.7,2.505804,1143,1143,16.5,54.134,3.528171,7.602352,3.9,,,339.0,false,false,false,false,false,Frederick,Maryland,United States of America,US
707066729,2016-09-03,2016-09-03T10:39:38Z,Morning Run,Run,5151.4,3.200932,1521,1580,0.0,0.0,3.386851,7.91957,5.6,,,431.0,true,false,false,false,false,Southwest Orange,Florida,United States of America,US
13906975444,2016-09-03,2016-09-03T10:39:38Z,Outdoor Running,Run,5153.1,3.201988,1521,1521,0.0,0.0,3.387968,7.916957,3.388,,,488.0,true,false,false,false,false,,,,
707066975,2016-09-05,2016-09-05T11:49:33Z,Morning Run,Run,4896.2,3.042358,1373,1380,0.0,0.0,3.56606,7.521579,5.1,,,410.0,false,false,false,false,false,Southwest Orange,Florida,United States of America,US
13906971556,2016-09-05,2016-09-05T11:49:33Z,Outdoor Running,Run,4896.2,3.042358,1373,1373,0.0,0.0,3.56606,7.521579,3.566,,,464.0,false,false,false,false,false,,,,
707067212,2016-09-07,2016-09-07T19:41:27Z,Afternoon Run,Run,6479.1,4.025926,1921,2086,28.6,93.832,3.372775,7.952622,4.3,,,543.0,true,false,false,false,false,Frederick,Maryland,United States of America,US
13906963358,2016-09-07,2016-09-07T19:41:27Z,Outdoor Running,Run,6481.0,4.027107,1921,1921,0.0,0.0,3.373764,7.95029,3.374,,,614.0,true,false,false,false,false,,,,
707067423,2016-09-09,2016-09-09T09:31:32Z,Morning Run,Run,6514.2,4.047736,1835,1896,34.8,114.173,3.549973,7.555664,4.2,,,549.0,true,false,false,false,false,Frederick,Maryland,United States of America,US
13906982920,2016-09-09,2016-09-09T09:31:32Z,Outdoor Running,Run,6514.2,4.047736,1835,1835,0.0,0.0,3.549973,7.555664,3.55,,,617.0,true,false,false,false,false,,,,
707067674,2016-09-10,2016-09-10T13:10:57Z,Morning Run,Run,6511.9,4.046307,1863,2093,14.3,46.916,3.495384,7.673664,4.2,,,546.0,true,false,false,false,false,Frederick,Maryland,United States of America,US
13906980131,2016-09-10,2016-09-10T13:10:57Z,Outdoor Running,Run,6514.0,4.047612,1863,1863,0.0,0.0,3.496511,7.67119,3.497,,,617.0,true,false,false,false,false,,,,
709477035,2016-09-11,2016-09-11T14:07:42Z,Morning Run,Run,21165.8,13.151818,6354,7219,48.1,157.808,3.331099,8.052118,4.1,,,1773.0,true,true,true,false,false,Frederick,Maryland,United States of America,US
13906977114,2016-09-11,2016-09-11T14:07:42Z,Outdoor Running,Run,21165.8,13.151818,6354,6354,0.0,0.0,3.331099,8.052118,3.331,,,2.0,true,true,true,false,false,,,,
709477120,2016-09-12,2016-09-12T09:36:33Z,Morning Run,Run,4927.8,3.061993,1410,1410,10.5,34.449,3.494894,7.67474,4.3,,,414.0,false,false,false,false,false,Frederick,Maryland,United States of America,US
13906973528,2016-09-12,2016-09-12T09:36:33Z,Outdoor Running,Run,4927.8,3.061993,1410,1410,0.0,0.0,3.494894,7.67474,3.495,,,467.0,false,false,false,false,false,,,,
712941787,2016-09-13,2016-09-13T09:57:36Z,Morning Run,Run,4945.8,3.073178,1370,1403,10.5,34.449,3.610073,7.429877,4.7,,,415.0,false,false,false,false,false,Frederick,Maryland,United States of America,US
13906967533,2016-09-13,2016-09-13T09:57:36Z,Outdoor Running,Run,4948.3,3.074731,1370,1370,0.0,0.0,3.611898,7.426124,3.612,,,469.0,false,false,false,false,false,,,,
712990248,2016-09-15,2016-09-15T10:08:16Z,Morning Run,Run,13122.2,8.153757,3659,3767,42.1,138.123,3.58628,7.47917,4.6,,,1101.0,true,true,false,false,false,Frederick,Maryland,United States of America,US
13906984215,2016-09-15,2016-09-15T10:08:16Z,Outdoor Running,Run,13122.2,8.153757,3659,3659,0.0,0.0,3.58628,7.47917,3.586,,,1.0,true,true,false,false,false,,,,
715281377,2016-09-17,2016-09-17T12:41:03Z,Morning Run,Run,11364.5,7.061573,3127,3248,52.7,172.9,3.634314,7.38032,4.4,,,955.0,true,true,false,false,false,Frederick,Maryland,United States of America,US
13906981565,2016-09-17,2016-09-17T12:41:03Z,Outdoor Running,Run,11364.5,7.061573,3127,3127,0.0,0.0,3.634314,7.38032,3.634,,,1.0,true,true,false,false,false,,,,
716592937,2016-09-18,2016-09-18T12:05:04Z,Morning Run,Run,16169.1,10.047013,4542,4604,0.0,0.0,3.559908,7.534578,4.2,,,1354.0,true,true,false,false,false,Catoctin District,Maryland,United States of America,US
717567342,2016-09-19,2016-09-19T09:50:10Z,Morning Run,Run,4942.5,3.071127,1371,1405,10.4,34.121,3.605033,7.440265,4.4,,,415.0,false,false,false,false,false,Frederick,Maryland,United States of America,US
13906975424,2016-09-19,2016-09-19T09:50:10Z,Outdoor Running,Run,4942.5,3.071127,1371,1371,0.0,0.0,3.605033,7.440265,3.605,,,468.0,false,false,false,false,false,,,,
719317661,2016-09-20,2016-09-20T20:08:51Z,Afternoon Run,Run,15290.6,9.501138,4292,4932,167.5,549.541,3.562582,7.528922,5.0,,,1308.0,true,true,false,false,false,Harpers Ferry,West Virginia,United States of America,US
13906971627,2016-09-20,2016-09-20T20:08:51Z,Outdoor Running,Run,15293.4,9.502878,4292,4292,0.0,0.0,3.563234,7.527544,3.563,,,1.0,true,true,false,false,false,,,,
724697471,2016-09-22,2016-09-22T10:45:41Z,Morning Run,Run,4912.8,3.052672,1361,1361,10.4,34.121,3.609699,7.430648,4.3,,,412.0,false,false,false,false,false,Frederick,Maryland,United States of America,US
13906963338,2016-09-22,2016-09-22T10:45:41Z,Outdoor Running,Run,4912.8,3.052672,1361,1361,0.0,0.0,3.609699,7.430648,3.61,,,465.0,false,false,false,false,false,,,,
724698083,2016-09-24,2016-09-24T14:13:51Z,Morning Run,Run,13115.7,8.149718,3517,3755,42.1,138.123,3.729229,7.192478,4.8,,,1100.0,true,true,false,false,false,Frederick,Maryland,United States of America,US
13906982978,2016-09-24,2016-09-24T14:13:51Z,Outdoor Running,Run,13115.7,8.149718,3517,3517,0.0,0.0,3.729229,7.192478,3.729,,,1.0,true,true,false,false,false,,,,
724699101,2016-09-25,2016-09-25T13:34:45Z,Morning Run,Run,24228.5,15.054892,6939,7557,59.2,194.226,3.491641,7.681888,4.8,,,2030.0,true,true,true,false,false,Frederick,Maryland,United States of America,US
13906980186,2016-09-25,2016-09-25T13:34:45Z,Outdoor Running,Run,24230.6,15.056197,6939,6939,0.0,0.0,3.491944,7.681223,3.492,,,2.0,true,true,true,false,false,,,,
725477577,2016-09-26,2016-09-26T10:01:03Z,Morning Run,Run,4930.6,3.063733,1406,1406,10.5,34.449,3.506828,7.648622,4.3,,,414.0,false,false,false,false,false,Frederick,Maryland,United States of America,US
13906977129,2016-09-26,2016-09-26T10:01:03Z,Outdoor Running,Run,4930.6,3.063733,1405,1405,0.0,0.0,3.509324,7.643182,3.509,,,467.0,false,false,false,false,false,,,,
726461655,2016-09-27,2016-09-27T08:50:59Z,Morning Run,Run,14721.6,9.147578,4164,4403,43.5,142.717,3.535447,7.586708,4.4,,,1234.0,true,true,false,false,false,Frederick,Maryland,United States of America,US
13906973640,2016-09-27,2016-09-27T08:50:59Z,Outdoor Running,Run,14724.4,9.149318,4164,4164,0.0,0.0,3.536119,7.585265,3.536,,,1.0,true,true,false,false,false,,,,
727603317,2016-09-28,2016-09-28T10:00:38Z,Morning Run,Run,4052.7,2.518231,1115,1115,0.0,0.0,3.634709,7.379519,4.6,,,341.0,false,false,false,false,false,Frederick,Maryland,United States of America,US
13906967540,2016-09-28,2016-09-28T10:00:38Z,Outdoor Running,Run,4052.6,2.518169,1114,1114,0.0,0.0,3.637882,7.373082,3.638,,,384.0,false,false,false,false,false,,,,
730943315,2016-10-01,2016-10-01T12:30:24Z,Morning Run,Run,21021.0,13.061844,5670,5674,210.2,689.633,3.707407,7.234813,4.8,,,1792.0,true,true,false,false,false,Shepherdstown,West Virginia,United States of America,US
732885645,2016-10-02,2016-10-02T12:52:59Z,Morning Run,Run,6928.0,4.30486,1918,1918,73.2,240.157,3.612096,7.425716,4.3,,,589.0,true,false,false,false,false,Urbana,Maryland,United States of America,US
13906977113,2016-10-02,2016-10-02T12:52:59Z,Outdoor Running,Run,6930.0,4.306102,1917,1917,0.0,0.0,3.615023,7.419703,3.615,,,1.0,true,false,false,false,false,,,,
732885792,2016-10-03,2016-10-03T09:28:55Z,Morning Run,Run,6516.9,4.049414,1853,1931,36.0,118.11,3.516945,7.626618,4.5,,,550.0,true,false,false,false,false,Frederick,Maryland,United States of America,US
13906973508,2016-10-03,2016-10-03T09:28:55Z,Outdoor Running,Run,6516.9,4.049414,1853,1853,0.0,0.0,3.516945,7.626618,3.517,,,617.0,true,false,false,false,false,,,,
733876070,2016-10-04,2016-10-04T08:57:19Z,Morning Run,Run,12990.5,8.071922,3814,3939,42.4,139.108,3.406004,7.875034,4.1,,,1090.0,true,true,false,false,false,Frederick,Maryland,United States of America,US
13906967218,2016-10-04,2016-10-04T09:57:19Z,Outdoor Running,Run,12990.5,8.071922,3814,3814,0.0,0.0,3.406004,7.875034,3.406,,,1.0,true,true,false,false,false,,,,
737259161,2016-10-07,2016-10-07T15:31:05Z,Morning Run,Run,6526.0,4.055068,1898,2238,41.8,137.139,3.438356,7.800937,4.2,,,554.0,true,false,false,false,false,Township of Howell,Missouri,United States of America,US
13906984211,2016-10-07,2016-10-07T15:31:05Z,Outdoor Running,Run,6526.0,4.055068,1898,1898,0.0,0.0,3.438356,7.800937,3.438,,,618.0,true,false,false,false,false,,,,
738160758,2016-10-08,2016-10-08T12:57:10Z,Morning Run,Run,13067.7,8.119892,3776,3851,93.6,307.087,3.460726,7.750513,4.1,,,1106.0,true,true,false,false,false,Township of Howell,Missouri,United States of America,US
739363940,2016-10-09,2016-10-09T11:25:12Z,Morning Run,Run,27781.1,17.262375,8190,8828,176.5,579.068,3.392076,7.907371,4.1,,,2345.0,true,true,true,false,false,Township of Howell,Missouri,United States of America,US
13906978583,2016-10-09,2016-10-09T11:25:12Z,Outdoor Running,Run,27783.3,17.263742,8190,8190,0.0,0.0,3.392344,7.906745,3.392,,,2.0,true,true,true,false,false,,,,
741288735,2016-10-11,2016-10-11T10:18:53Z,Morning Run,Run,14528.4,9.027529,4075,4380,42.1,138.123,3.565252,7.523284,4.4,,,1218.0,true,true,false,false,false,Frederick,Maryland,United States of America,US
13906975425,2016-10-11,2016-10-11T10:18:53Z,Outdoor Running,Run,14528.4,9.027529,4075,4075,0.0,0.0,3.565252,7.523284,3.565,,,1.0,true,true,false,false,false,,,,
743241972,2016-10-13,2016-10-13T09:07:39Z,Morning Run,Run,6490.8,4.033196,1821,1889,33.3,109.252,3.564415,7.525049,4.4,,,547.0,true,false,false,false,false,Frederick,Maryland,United States of America,US
745671034,2016-10-15,2016-10-15T17:17:15Z,Afternoon Run,Run,13100.9,8.140522,3695,3871,42.2,138.451,3.545575,7.565035,5.4,,,1099.0,true,true,false,false,false,Frederick,Maryland,United States of America,US
13906963251,2016-10-15,2016-10-15T17:17:15Z,Outdoor Running,Run,13100.8,8.14046,3695,3695,0.0,0.0,3.545548,7.565093,3.546,,,1.0,true,true,false,false,false,,,,
746946174,2016-10-16,2016-10-16T14:47:52Z,Morning Run,Run,30817.2,19.14892,8927,9508,12.7,41.667,3.452134,7.769803,6.1,,,2579.0,true,true,true,false,false,Buckeystown,Maryland,United States of America,US
13906982918,2016-10-16,2016-10-16T14:47:52Z,Outdoor Running,Run,30817.2,19.14892,8927,8927,0.0,0.0,3.452134,7.769803,3.452,,,2.0,true,true,true,false,false,,,,
748367989,2016-10-18,2016-10-18T09:50:02Z,Morning Run,Run,4909.8,3.050808,1434,1494,10.5,34.449,3.423849,7.833989,4.2,,,412.0,false,false,false,false,false,Frederick,Maryland,United States of America,US
13906980144,2016-10-18,2016-10-18T09:50:02Z,Outdoor Running,Run,4909.8,3.050808,1434,1434,0.0,0.0,3.423849,7.833989,3.424,,,465.0,false,false,false,false,false,,,,
749385143,2016-10-19,2016-10-19T08:54:36Z,Morning Run,Run,12953.9,8.04918,3781,4115,42.3,138.78,3.426051,7.828955,5.2,,,1086.0,true,true,false,false,false,Frederick,Maryland,United States of America,US
13906977122,2016-10-19,2016-10-19T08:54:36Z,Outdoor Running,Run,12953.8,8.049118,3781,3781,0.0,0.0,3.426025,7.829015,3.426,,,1.0,true,true,false,false,false,,,,
752585591,2016-10-20,2016-10-20T10:27:31Z,Morning Run,Run,6518.5,4.050408,1831,1886,35.7,117.126,3.560076,7.53422,4.1,,,550.0,true,false,false,false,false,Frederick,Maryland,United States of America,US
13906973517,2016-10-20,2016-10-20T10:27:31Z,Outdoor Running,Run,6518.5,4.050408,1831,1831,0.0,0.0,3.560076,7.53422,3.56,,,618.0,true,false,false,false,false,,,,
752585897,2016-10-21,2016-10-21T09:12:32Z,Morning Run,Run,8360.8,5.19516,2427,2593,50.7,166.339,3.444911,7.786093,4.2,,,704.0,true,false,false,false,false,Frederick,Maryland,United States of America,US
13906967322,2016-10-21,2016-10-21T09:12:32Z,Outdoor Running,Run,8360.8,5.19516,2427,2427,0.0,0.0,3.444911,7.786093,3.445,,,1.0,true,false,false,false,false,,,,
757274933,2016-10-24,2016-10-24T09:43:57Z,Morning Run,Run,6490.8,4.033196,1805,1805,36.6,120.079,3.596011,7.458931,4.2,,,546.0,true,false,false,false,false,Frederick,Maryland,United States of America,US
757275079,2016-10-25,2016-10-25T09:39:25Z,Morning Run,Run,6474.1,4.022819,1795,1838,32.9,107.94,3.606741,7.436741,7.5,,,545.0,true,false,false,false,false,Frederick,Maryland,United States of America,US
13906981568,2016-10-25,2016-10-25T09:39:25Z,Outdoor Running,Run,6475.7,4.023813,1795,1795,0.0,0.0,3.607632,7.434904,3.608,,,614.0,true,false,false,false,false,,,,
757275295,2016-10-26,2016-10-26T08:57:33Z,Morning Run,Run,12976.0,8.062913,3667,4104,41.5,136.155,3.538587,7.579974,4.5,,,1088.0,true,true,false,false,false,Frederick,Maryland,United States of America,US
13906978685,2016-10-26,2016-10-26T08:57:33Z,Outdoor Running,Run,12977.4,8.063783,3667,3667,0.0,0.0,3.538969,7.579156,3.539,,,1.0,true,true,false,false,false,,,,
757275445,2016-10-27,2016-10-27T09:16:10Z,Morning Run,Run,9766.1,6.068373,2742,2895,27.1,88.911,3.56167,7.530849,5.1,,,819.0,true,false,false,false,false,Frederick,Maryland,United States of America,US
13906975553,2016-10-27,2016-10-27T09:16:10Z,Outdoor Running,Run,9766.0,6.068311,2742,2742,0.0,0.0,3.561634,7.530926,3.562,,,1.0,true,false,false,false,false,,,,
759508804,2016-10-29,2016-10-29T14:03:10Z,Morning Run,Run,16409.1,10.196142,4665,5058,40.5,132.874,3.517492,7.625433,4.4,,,1376.0,true,true,false,false,false,Frederick,Maryland,United States of America,US
13906971649,2016-10-29,2016-10-29T14:03:10Z,Outdoor Running,Run,16411.3,10.197509,4665,4665,0.0,0.0,3.517964,7.624411,3.518,,,1.0,true,true,false,false,false,,,,
760819957,2016-10-30,2016-10-30T13:59:41Z,Morning Run,Run,32269.1,20.051089,9337,10240,21.6,70.866,3.456046,7.761008,5.0,,,2703.0,true,true,true,false,false,Buckeystown,Maryland,United States of America,US
764525258,2016-11-02,2016-11-02T09:45:31Z,Morning Run,Run,3423.2,2.127078,953,1389,0.0,0.0,3.592025,7.467208,4.1,,,285.0,false,false,false,false,false,Frederick,Maryland,United States of America,US
13906971573,2016-11-02,2016-11-02T09:45:31Z,Outdoor Running,Run,3423.2,2.127078,953,953,0.0,0.0,3.592025,7.467208,3.592,,,324.0,false,false,false,false,false,,,,
764525335,2016-11-02,2016-11-02T10:12:45Z,Morning Run,Run,2522.3,1.567285,732,791,0.0,0.0,3.445765,7.784164,3.9,,,215.0,false,false,false,false,false,Frederick,Maryland,United States of America,US
764525655,2016-11-03,2016-11-03T09:21:55Z,Morning Run,Run,16390.8,10.184771,4800,5149,39.4,129.265,3.41475,7.854865,4.5,,,1374.0,true,true,false,false,false,Frederick,Maryland,United States of America,US
13906982830,2016-11-03,2016-11-03T09:21:55Z,Outdoor Running,Run,16392.4,10.185765,4800,4800,0.0,0.0,3.415083,7.854098,3.415,,,1.0,true,true,false,false,false,,,,
766542848,2016-11-04,2016-11-04T09:47:07Z,Morning Run,Run,4963.6,3.084238,1379,1404,16.5,54.134,3.59942,7.451868,4.1,,,418.0,false,false,false,false,false,Frederick,Maryland,United States of America,US
13906980137,2016-11-04,2016-11-04T09:47:07Z,Outdoor Running,Run,4963.6,3.084238,1379,1379,0.0,0.0,3.59942,7.451868,3.599,,,470.0,false,false,false,false,false,,,,
766543327,2016-11-05,2016-11-05T12:15:02Z,Morning Run,Run,16366.1,10.169423,4632,4889,42.9,140.748,3.533269,7.591384,4.8,,,1372.0,true,true,false,false,false,Frederick,Maryland,United States of America,US
13906977116,2016-11-05,2016-11-05T12:15:02Z,Outdoor Running,Run,16366.1,10.169423,4632,4632,0.0,0.0,3.533269,7.591384,3.533,,,1.0,true,true,false,false,false,,,,
767883779,2016-11-06,2016-11-06T13:39:22Z,Morning Run,Run,32376.5,20.117824,9466,9995,11.4,37.402,3.420294,7.842134,5.1,,,2710.0,true,true,true,false,false,Potomac District,Maryland,United States of America,US
13906973406,2016-11-06,2016-11-06T13:39:22Z,Outdoor Running,Run,32376.4,20.117762,9466,9466,0.0,0.0,3.420283,7.842158,3.42,,,2.0,true,true,true,false,false,,,,
773179824,2016-11-08,2016-11-08T10:40:16Z,Morning Run,Run,6534.6,4.060412,1893,2177,35.4,116.142,3.451981,7.770147,4.3,,,550.0,true,false,false,false,false,Frederick,Maryland,United States of America,US
13906967210,2016-11-08,2016-11-08T10:40:16Z,Outdoor Running,Run,6534.6,4.060412,1893,1893,0.0,0.0,3.451981,7.770147,3.452,,,619.0,true,false,false,false,false,,,,
773180136,2016-11-11,2016-11-11T16:25:06Z,Lunch Run,Run,9735.0,6.049049,2791,3033,27.6,90.551,3.487997,7.689915,4.4,,,816.0,true,false,false,false,false,Frederick,Maryland,United States of America,US
773180460,2016-11-12,2016-11-12T13:19:30Z,Morning Run,Run,10039.6,6.238318,2621,2621,65.4,214.567,3.830446,7.002421,4.8,,,847.0,true,true,false,false,false,Frederick,Maryland,United States of America,US
774661214,2016-11-13,2016-11-13T17:06:53Z,Lunch Run,Run,21028.1,13.066256,5958,6309,72.8,238.845,3.529389,7.599729,5.6,,,1763.0,true,true,false,false,false,Frederick,Maryland,United States of America,US
13906978561,2016-11-13,2016-11-13T17:06:53Z,Outdoor Running,Run,21030.4,13.067685,5958,5958,0.0,0.0,3.529775,7.598898,3.53,,,2.0,true,true,false,false,false,,,,
775992945,2016-11-15,2016-11-15T10:05:59Z,Morning Run,Run,13152.1,8.172336,3706,3900,42.3,138.78,3.548867,7.558018,4.5,,,1103.0,true,true,false,false,false,Frederick,Maryland,United States of America,US
13906975675,2016-11-15,2016-11-15T10:05:59Z,Outdoor Running,Run,13152.1,8.172336,3706,3706,0.0,0.0,3.548867,7.558018,3.549,,,1.0,true,true,false,false,false,,,,
781094431,2016-11-17,2016-11-17T11:16:00Z,Morning Run,Run,9973.2,6.197059,2881,2968,27.4,89.895,3.461715,7.748299,4.9,,,837.0,true,false,false,false,false,Frederick,Maryland,United States of America,US
13906971557,2016-11-17,2016-11-17T11:16:00Z,Outdoor Running,Run,9976.6,6.199172,2881,2881,0.0,0.0,3.462895,7.745658,3.463,,,1.0,true,false,false,false,false,,,,
781059798,2016-11-19,2016-11-19T12:54:09Z,Morning Run,Run,16685.0,10.367578,4335,4690,42.1,138.123,3.848904,6.968841,5.2,,,1398.0,true,true,false,false,false,Frederick,Maryland,United States of America,US
13906963451,2016-11-19,2016-11-19T12:54:09Z,Outdoor Running,Run,16686.6,10.368573,4335,4335,0.0,0.0,3.849273,6.968172,3.849,,,1.0,true,true,false,false,false,,,,
781060553,2016-11-20,2016-11-20T15:07:57Z,Morning Run,Run,32349.8,20.101234,9206,9972,20.2,66.273,3.513991,7.633031,4.4,,,2712.0,true,true,true,false,false,Potomac District,Maryland,United States of America,US
13906982914,2016-11-20,2016-11-20T15:07:57Z,Outdoor Running,Run,32352.4,20.102849,9206,9206,0.0,0.0,3.514273,7.632417,3.514,,,2.0,true,true,true,false,false,,,,
783285674,2016-11-23,2016-11-23T10:56:44Z,Morning Run,Run,4874.6,3.028936,1377,1385,10.4,34.121,3.540015,7.576918,4.4,,,409.0,false,false,false,false,false,Frederick,Maryland,United States of America,US
13906980143,2016-11-23,2016-11-23T10:56:44Z,Outdoor Running,Run,4874.6,3.028936,1377,1377,0.0,0.0,3.540015,7.576918,3.54,,,462.0,false,false,false,false,false,,,,
784278495,2016-11-24,2016-11-24T13:30:17Z,Morning Run,Run,5038.1,3.13053,1180,1180,17.4,57.087,4.269576,6.282216,5.0,,,423.0,true,false,false,false,false,Frederick,Maryland,United States of America,US
791311189,2016-11-25,2016-11-25T21:57:55Z,Afternoon Run,Run,4857.4,3.018248,1385,1481,22.0,72.178,3.507148,7.647924,4.2,,,407.0,false,false,false,false,false,Frederick,Maryland,United States of America,US
13906973518,2016-11-25,2016-11-25T21:57:55Z,Outdoor Running,Run,4860.4,3.020113,1385,1385,0.0,0.0,3.509314,7.643203,3.509,,,460.0,false,false,false,false,false,,,,
791311207,2016-11-26,2016-11-26T20:41:27Z,Afternoon Run,Run,6495.1,4.035868,1767,1881,21.8,71.522,3.675778,7.297067,4.7,,,545.0,true,false,false,false,false,Frederick,Maryland,United States of America,US
13906967550,2016-11-26,2016-11-26T20:41:27Z,Outdoor Running,Run,6498.1,4.037732,1767,1767,0.0,0.0,3.677476,7.293698,3.677,,,616.0,true,false,false,false,false,,,,
791311315,2016-11-27,2016-11-27T14:21:17Z,Morning Run,Run,11298.4,7.0205,3161,3597,42.1,138.123,3.574312,7.504214,4.8,,,948.0,true,true,false,false,false,Frederick,Maryland,United States of America,US
13906984322,2016-11-27,2016-11-27T14:21:17Z,Outdoor Running,Run,11298.4,7.0205,3161,3161,0.0,0.0,3.574312,7.504214,3.574,,,1.0,true,true,false,false,false,,,,
791309162,2016-12-01,2016-12-01T11:29:12Z,Morning Run,Run,6522.1,4.052645,1667,1667,32.9,107.94,3.912478,6.855605,4.6,,,549.0,true,false,false,false,false,Frederick,Maryland,United States of America,US
13906980130,2016-12-01,2016-12-01T11:29:12Z,Outdoor Running,Run,6522.1,4.052645,1666,1666,0.0,0.0,3.914826,6.851492,3.915,,,618.0,true,false,false,false,false,,,,
791309229,2016-12-02,2016-12-02T10:45:12Z,Morning Run,Run,4974.0,3.0907,1343,1343,21.4,70.21,3.703649,7.242156,5.1,,,417.0,false,false,false,false,false,Frederick,Maryland,United States of America,US
13906977117,2016-12-02,2016-12-02T10:45:12Z,Outdoor Running,Run,4976.5,3.092254,1343,1343,0.0,0.0,3.70551,7.238518,3.706,,,471.0,false,false,false,false,false,,,,
793477979,2016-12-03,2016-12-03T16:18:04Z,Lunch Run,Run,6520.3,4.051527,1818,1908,25.2,82.677,3.586524,7.478663,4.5,,,547.0,true,false,false,false,false,Frederick,Maryland,United States of America,US
13906973643,2016-12-03,2016-12-03T16:18:04Z,Outdoor Running,Run,6522.3,4.052769,1818,1818,0.0,0.0,3.587624,7.476369,3.588,,,618.0,true,false,false,false,false,,,,
793478397,2016-12-04,2016-12-04T14:28:33Z,Morning Run,Run,12920.5,8.028426,3596,3927,27.0,88.583,3.59302,7.465141,4.8,,,1083.0,true,true,false,false,false,Frederick,Maryland,United States of America,US
13906967224,2016-12-04,2016-12-04T14:28:33Z,Outdoor Running,Run,12922.0,8.029359,3596,3596,0.0,0.0,3.593437,7.464274,3.593,,,1.0,true,true,false,false,false,,,,
795867589,2016-12-06,2016-12-06T10:53:21Z,Morning Run,Run,4943.1,3.0715,1338,1338,10.1,33.136,3.694395,7.260296,4.7,,,414.0,false,false,false,false,false,Frederick,Maryland,United States of America,US
13906984209,2016-12-06,2016-12-06T10:53:21Z,Outdoor Running,Run,4946.5,3.073613,1337,1337,0.0,0.0,3.699701,7.249884,3.7,,,469.0,false,false,false,false,false,,,,
795867680,2016-12-07,2016-12-07T10:15:17Z,Morning Run,Run,4913.5,3.053107,1334,1334,10.5,34.449,3.683283,7.282198,4.6,,,412.0,false,false,false,false,false,Frederick,Maryland,United States of America,US
13906981575,2016-12-07,2016-12-07T10:15:17Z,Outdoor Running,Run,4914.9,3.053977,1333,1333,0.0,0.0,3.687097,7.274667,3.687,,,466.0,false,false,false,false,false,,,,
13906978562,2016-12-07,2016-12-07T12:15:17Z,Outdoor Running,Run,4914.9,3.053977,1333,1333,0.0,0.0,3.687097,7.274667,3.687,,,466.0,false,false,false,false,false,,,,
13906975426,2016-12-10,2016-12-10T12:00:02Z,Outdoor Running,Run,42233.6,26.242742,11938,11938,0.0,0.0,3.537745,7.581779,3.538,,,3.0,true,true,true,true,true,,,,
811920474,2016-12-10,2016-12-10T14:00:02Z,Morning Run,Run,42232.9,26.242307,11938,12047,105.0,344.488,3.537686,7.581904,5.5,,,3375.0,true,true,true,true,true,San Manuel,Arizona,United States of America,US
811920538,2016-12-26,2016-12-26T15:28:02Z,Morning Run,Run,4901.4,3.045589,1400,1400,12.8,41.995,3.501,7.661354,4.6,,,411.0,false,false,false,false,false,Frederick,Maryland,United States of America,US
13906971625,2016-12-26,2016-12-26T15:28:02Z,Outdoor Running,Run,4901.4,3.045589,1400,1400,0.0,0.0,3.501,7.661354,3.501,,,464.0,false,false,false,false,false,,,,
829982203,2016-12-27,2016-12-27T15:37:49Z,Morning Run,Run,4863.1,3.02179,1409,1459,12.6,41.339,3.451455,7.771331,4.7,,,445.0,false,false,false,false,false,Frederick,Maryland,United States of America,US
13906963450,2016-12-27,2016-12-27T15:37:49Z,Outdoor Running,Run,4863.1,3.02179,1409,1409,0.0,0.0,3.451455,7.771331,3.451,,,461.0,false,false,false,false,false,,,,
829982453,2016-12-28,2016-12-28T10:57:38Z,Morning Run,Run,4928.7,3.062552,1356,1356,10.5,34.449,3.634735,7.379466,4.2,,,451.0,false,false,false,false,false,Frederick,Maryland,United States of America,US
13906982927,2016-12-28,2016-12-28T10:57:38Z,Outdoor Running,Run,4928.6,3.06249,1355,1355,0.0,0.0,3.637343,7.374174,3.637,,,467.0,false,false,false,false,false,,,,
829982811,2017-01-01,2017-01-01T20:23:37Z,Afternoon Run,Run,4887.4,3.03689,1429,1439,13.0,42.651,3.420154,7.842454,4.0,,,447.0,false,false,false,false,false,Frederick,Maryland,United States of America,US
13906967529,2017-01-01,2017-01-01T20:23:37Z,Outdoor Running,Run,4887.4,3.03689,1429,1429,0.0,0.0,3.420154,7.842454,3.42,,,463.0,false,false,false,false,false,,,,
829982993,2017-01-05,2017-01-05T21:06:42Z,Afternoon Run,Run,4850.7,3.014085,1464,1464,13.6,44.619,3.31332,8.095325,4.5,,,443.0,false,false,false,false,false,Frederick,Maryland,United States of America,US
13906984334,2017-01-05,2017-01-05T21:06:42Z,Outdoor Running,Run,4850.7,3.014085,1463,1463,0.0,0.0,3.315584,8.089796,3.316,,,460.0,false,false,false,false,false,,,,
853266737,2017-01-07,2017-01-07T20:51:57Z,Afternoon Run,Run,4988.8,3.099897,1235,1395,0.0,0.0,4.039514,6.640006,7.7,,,460.0,false,false,false,false,false,Frederick,Maryland,United States of America,US
853266731,2017-01-08,2017-01-08T21:04:39Z,Afternoon Run,Run,7971.2,4.953074,2269,2319,10.0,32.808,3.513089,7.634989,4.2,,,735.0,true,false,false,false,false,Frederick,Maryland,United States of America,US
853266706,2017-01-09,2017-01-09T15:46:01Z,Running without GPS,Run,4917.6,3.055655,1513,1513,,,3.250231,8.252459,,,,452.0,false,false,false,false,false,,,,
853266830,2017-01-09,2017-01-09T15:46:01Z,Running without GPS,Run,4917.6,3.055655,1513,1513,,,3.250231,8.252459,,,,452.0,false,false,false,false,false,,,,
853266714,2017-01-10,2017-01-10T21:04:41Z,Afternoon Run,Run,6940.7,4.312751,1748,1905,0.0,0.0,3.970652,6.755162,7.0,,,639.0,true,false,false,false,false,Frederick,Maryland,United States of America,US
830022190,2017-01-12,2017-01-12T21:57:37Z,Afternoon Run,Run,6499.0,4.038291,1863,1958,14.7,48.228,3.488459,7.688895,4.2,,,594.0,true,false,false,false,false,Frederick,Maryland,United States of America,US
853266708,2017-01-12,2017-01-12T21:57:46Z,Afternoon Run,Run,6368.5,3.957202,1758,1853,14.1,46.26,3.622582,7.404221,4.7,,,586.0,true,false,false,false,false,Frederick,Maryland,United States of America,US
853266673,2017-01-13,2017-01-13T16:29:51Z,Running without GPS,Run,4948.4,3.074793,1546,1546,,,3.200776,8.379967,,,,,false,false,false,false,false,,,,
853266809,2017-01-13,2017-01-13T16:29:51Z,Running without GPS,Run,4948.4,3.074793,1546,1546,,,3.200776,8.379967,,,,455.0,false,false,false,false,false,,,,
853266683,2017-01-14,2017-01-14T21:29:27Z,Afternoon Run,Run,6477.4,4.02487,1716,1791,15.5,50.853,3.774709,7.10582,5.7,,,598.0,true,false,false,false,false,Frederick,Maryland,United States of America,US
853266692,2017-01-15,2017-01-15T20:03:20Z,Afternoon Run,Run,6479.8,4.026361,1804,1804,15.6,51.181,3.591907,7.467454,4.5,,,595.0,true,false,false,false,false,Frederick,Maryland,United States of America,US
853266675,2017-01-15,2017-01-15T20:36:05Z,Afternoon Run,Run,6521.7,4.052397,1739,1806,22.7,74.475,3.750259,7.152146,5.9,,,602.0,true,false,false,false,false,Frederick,Maryland,United States of America,US
853266660,2017-01-16,2017-01-16T21:04:32Z,Afternoon Run,Run,6443.9,4.004054,1786,1786,12.5,41.01,3.608007,7.434132,4.8,,,593.0,true,false,false,false,false,Frederick,Maryland,United States of America,US
853266643,2017-01-17,2017-01-17T10:51:02Z,Morning Run,Run,4804.3,2.985254,1343,1353,10.3,33.793,3.57729,7.497967,4.3,,,442.0,false,false,false,false,false,Frederick,Maryland,United States of America,US
853266641,2017-01-18,2017-01-18T11:15:08Z,Morning Run,Run,5424.8,3.370814,1377,1495,10.3,33.793,3.939579,6.808444,4.8,,,499.0,true,false,false,false,false,Frederick,Maryland,United States of America,US
853266624,2017-01-19,2017-01-19T12:08:30Z,Morning Run,Run,4789.5,2.976057,1322,1332,13.5,44.291,3.62292,7.403531,4.7,,,441.0,false,false,false,false,false,Frederick,Maryland,United States of America,US
853266603,2017-01-20,2017-01-20T21:10:37Z,Afternoon Run,Run,3339.9,2.075318,1060,1070,0.0,0.0,3.150849,8.512753,3.8,,,308.0,false,false,false,false,false,Frederick,Maryland,United States of America,US
853266583,2017-01-21,2017-01-21T20:43:12Z,Afternoon Run,Run,7277.4,4.521967,1818,1860,28.1,92.192,4.00297,6.700624,27.1,,,672.0,true,false,false,false,false,Frederick,Maryland,United States of America,US
853266570,2017-01-22,2017-01-22T16:16:58Z,Lunch Run,Run,13045.1,8.105849,3450,3602,38.4,125.984,3.781188,7.093643,5.2,,,1201.0,true,true,false,false,false,Frederick,Maryland,United States of America,US
853266534,2017-01-23,2017-01-23T15:47:00Z,Running without GPS,Run,4934.2,3.06597,1525,1525,,,3.235541,8.289927,,,,453.0,false,false,false,false,false,,,,
853266516,2017-01-24,2017-01-24T16:02:47Z,Running without GPS,Run,4926.0,3.060874,1501,1501,,,3.281812,8.173046,,,,452.0,false,false,false,false,false,,,,
853266526,2017-01-25,2017-01-25T10:52:40Z,Morning Run,Run,4789.7,2.976182,1371,1381,10.3,33.793,3.493581,7.677623,4.3,,,441.0,false,false,false,false,false,Frederick,Maryland,United States of America,US
853266746,2017-01-27,2017-01-27T11:14:18Z,Morning Run,Run,4530.0,2.814812,1324,1324,10.3,33.793,3.42145,7.839483,4.4,,,417.0,false,false,false,false,false,Frederick,Maryland,United States of America,US
853266471,2017-01-28,2017-01-28T13:19:46Z,Morning Run,Run,3381.2,2.10098,974,994,12.7,41.667,3.471458,7.726552,4.5,,,311.0,false,false,false,false,false,Frederick,Maryland,United States of America,US
853266528,2017-01-29,2017-01-29T16:09:41Z,Lunch Run,Run,12961.3,8.053778,3579,3657,40.1,131.562,3.621486,7.406462,5.1,,,1192.0,true,true,false,false,false,Frederick,Maryland,United States of America,US
853266423,2017-01-30,2017-01-30T11:03:55Z,Morning Run,Run,3545.9,2.20332,785,1400,0.0,0.0,4.51707,5.938008,32.8,,,326.0,false,false,false,false,false,Frederick,Maryland,United States of America,US
853266456,2017-01-31,2017-01-31T12:05:14Z,Morning Run,Run,6454.6,4.010702,1691,1767,14.2,46.588,3.817031,7.027032,4.8,,,594.0,true,false,false,false,false,Frederick,Maryland,United States of America,US
853266475,2017-02-01,2017-02-01T11:06:16Z,Morning Run,Run,4745.4,2.948655,1354,1364,0.0,0.0,3.504727,7.653207,4.4,,,437.0,false,false,false,false,false,Frederick,Maryland,United States of America,US
853266432,2017-02-02,2017-02-02T11:30:32Z,Morning Run,Run,4775.7,2.967482,1382,1392,10.1,33.136,3.455644,7.761911,4.3,,,440.0,false,false,false,false,false,Frederick,Maryland,United States of America,US
918879723,2017-02-03,2017-02-03T11:20:11Z,Morning Run,Run,4790.0,2.976368,1345,1464,0.0,0.0,3.561338,7.531551,4.8,,,431.0,false,false,false,false,false,Frederick,Maryland,United States of America,US
918879719,2017-02-04,2017-02-04T16:43:26Z,Lunch Run,Run,3554.7,2.208788,1097,1097,0.0,0.0,3.240383,8.27754,4.1,,,320.0,false,false,false,false,false,Frederick,Maryland,United States of America,US
918879714,2017-02-05,2017-02-05T15:49:49Z,Morning Run,Run,6441.1,4.002314,1779,1869,15.4,50.525,3.62063,7.408214,9.1,,,578.0,true,false,false,false,false,Frederick,Maryland,United States of America,US
918879716,2017-02-05,2017-02-05T16:24:50Z,Lunch Run,Run,7219.8,4.486176,1984,2042,24.3,79.724,3.639012,7.370792,4.6,,,652.0,true,false,false,false,false,Frederick,Maryland,United States of America,US
918879708,2017-02-07,2017-02-07T10:44:54Z,Morning Run,Run,5649.5,3.510437,1543,1689,0.0,0.0,3.661374,7.325775,5.1,,,508.0,true,false,false,false,false,Frederick,Maryland,United States of America,US
918879704,2017-02-08,2017-02-08T11:05:12Z,Morning Run,Run,4691.8,2.915349,1345,1345,10.2,33.465,3.488327,7.689187,4.5,,,423.0,false,false,false,false,false,Frederick,Maryland,United States of America,US
918879690,2017-02-10,2017-02-10T17:03:39Z,Running without GPS,Run,4857.4,3.018248,1476,1476,,,3.290921,8.150423,,,,437.0,false,false,false,false,false,,,,
918879699,2017-02-11,2017-02-11T14:50:03Z,Morning Run,Run,5721.5,3.555175,1590,1680,15.5,50.853,3.598428,7.453922,4.4,,,516.0,true,false,false,false,false,Frederick,Maryland,United States of America,US
918879693,2017-02-11,2017-02-11T15:22:33Z,Morning Run,Run,6485.5,4.029903,1743,1753,23.1,75.787,3.720884,7.20861,4.5,,,586.0,true,false,false,false,false,Frederick,Maryland,United States of America,US
918879689,2017-02-11,2017-02-11T20:20:01Z,Running without GPS,Run,308.5,0.191693,83,83,,,3.716867,7.216399,,,,28.0,false,false,false,false,false,,,,
918879692,2017-02-12,2017-02-12T18:32:26Z,Afternoon Run,Run,4268.9,2.652571,1188,1198,13.6,44.619,3.59335,7.464455,8.4,,,384.0,false,false,false,false,false,Frederick,Maryland,United States of America,US
918879685,2017-02-14,2017-02-14T18:12:30Z,Afternoon Run,Run,4052.2,2.51792,1198,1198,13.8,45.276,3.382471,7.929825,4.0,,,365.0,false,false,false,false,false,Frederick,Maryland,United States of America,US
918879659,2017-02-15,2017-02-15T15:57:53Z,Running without GPS,Run,6599.1,4.100491,1846,1846,,,3.57481,7.503167,,,,593.0,true,false,false,false,false,,,,
918879679,2017-02-16,2017-02-16T11:01:33Z,Morning Run,Run,3995.9,2.482937,1335,1345,0.0,0.0,2.993184,8.961161,4.0,,,360.0,false,false,false,false,false,Frederick,Maryland,United States of America,US
918879667,2017-02-17,2017-02-17T15:01:45Z,Morning Run,Run,6480.9,4.027045,1750,1760,14.6,47.9,3.703371,7.242698,4.7,,,584.0,true,false,false,false,false,Frederick,Maryland,United States of America,US
918879665,2017-02-18,2017-02-18T21:07:30Z,Afternoon Run,Run,8027.1,4.987809,2266,2354,30.5,100.066,3.54241,7.571795,4.5,,,724.0,true,false,false,false,false,Frederick,Maryland,United States of America,US
918879642,2017-02-20,2017-02-20T02:06:28Z,Running without GPS,Run,14712.7,9.142048,4259,4259,,,3.454496,7.764489,,,,1322.0,true,true,false,false,false,,,,
918879645,2017-02-20,2017-02-20T15:51:16Z,Morning Run,Run,3923.9,2.438198,1195,1195,11.8,38.714,3.283598,8.1686,3.9,,,354.0,false,false,false,false,false,Frederick,Maryland,United States of America,US
918879646,2017-02-21,2017-02-21T11:03:23Z,Morning Run,Run,4776.4,2.967917,1395,1395,10.1,33.136,3.423943,7.833776,4.1,,,430.0,false,false,false,false,false,Frederick,Maryland,United States of America,US
918879639,2017-02-23,2017-02-23T11:45:00Z,Morning Run,Run,6546.5,4.067807,1710,1786,12.8,41.995,3.828363,7.006233,4.7,,,590.0,true,false,false,false,false,Frederick,Maryland,United States of America,US
918879632,2017-02-24,2017-02-24T11:34:02Z,Morning Run,Run,3657.3,2.272541,1149,1149,12.1,39.698,3.183029,8.426691,4.1,,,333.0,false,false,false,false,false,Frederick,Maryland,United States of America,US
918879625,2017-02-25,2017-02-25T16:25:44Z,Lunch Run,Run,1627.0,1.010971,494,504,0.0,0.0,3.293522,8.143986,4.1,,,147.0,false,false,false,false,false,Frederick,Maryland,United States of America,US
918879613,2017-02-25,2017-02-25T16:37:06Z,Lunch Run,Run,6416.9,3.987277,1748,1748,12.8,41.995,3.670995,7.306574,4.5,,,578.0,true,false,false,false,false,Frederick,Maryland,United States of America,US
918879617,2017-02-26,2017-02-26T15:51:13Z,Morning Run,Run,16087.1,9.996061,4244,4606,51.6,169.291,3.790551,7.076121,6.9,,,1447.0,true,true,false,false,false,Frederick,Maryland,United States of America,US
918879594,2017-02-28,2017-02-28T10:58:54Z,Morning Run,Run,3214.4,1.997336,1066,1076,0.0,0.0,3.015385,8.895184,3.6,,,289.0,false,false,false,false,false,Frederick,Maryland,United States of America,US
918879593,2017-03-01,2017-03-01T10:53:33Z,Morning Run,Run,5138.9,3.193164,1391,1420,10.1,33.136,3.694393,7.260301,4.4,,,463.0,true,false,false,false,false,Frederick,Maryland,United States of America,US
918879582,2017-03-02,2017-03-02T11:45:10Z,Morning Run,Run,2382.4,1.480355,689,689,0.0,0.0,3.457765,7.75715,4.6,,,211.0,false,false,false,false,false,Frederick,Maryland,United States of America,US
918879578,2017-03-02,2017-03-02T11:57:14Z,Morning Run,Run,1110.5,0.690033,317,317,11.5,37.73,3.503155,7.656642,4.4,,,105.0,false,false,false,false,false,Frederick,Maryland,United States of America,US
918879574,2017-03-04,2017-03-04T20:02:18Z,Afternoon Run,Run,6449.6,4.007596,1711,1778,13.1,42.979,3.769492,7.115655,4.9,,,581.0,true,false,false,false,false,Frederick,Maryland,United States of America,US
918879570,2017-03-05,2017-03-05T20:10:16Z,Afternoon Run,Run,15023.6,9.335232,4088,4370,52.1,170.932,3.675049,7.298515,10.5,,,1349.0,true,true,false,false,false,Frederick,Maryland,United States of America,US
918879564,2017-03-05,2017-03-05T21:28:38Z,Afternoon Run,Run,1613.5,1.002582,457,457,0.0,0.0,3.530635,7.597048,4.3,,,145.0,false,false,false,false,false,Frederick,Maryland,United States of America,US
918879543,2017-03-07,2017-03-07T16:05:51Z,Running without GPS,Run,4864.8,3.022847,1416,1416,,,3.435593,7.807211,,,,437.0,false,false,false,false,false,,,,
918879544,2017-03-08,2017-03-08T16:12:14Z,Running without GPS,Run,4926.9,3.061434,1450,1450,,,3.397862,7.893905,,,,443.0,false,false,false,false,false,,,,
918879545,2017-03-09,2017-03-09T11:48:54Z,Morning Run,Run,7220.3,4.486486,1937,2075,27.4,89.895,3.727568,7.195683,4.8,,,650.0,true,false,false,false,false,Frederick,Maryland,United States of America,US
918879550,2017-03-12,2017-03-12T15:38:47Z,Lunch Run,Run,19597.9,12.17757,5281,5702,38.4,125.984,3.711021,7.227769,6.3,,,1766.0,true,true,false,false,false,Frederick,Maryland,United States of America,US
918879529,2017-03-15,2017-03-15T01:16:41Z,Running without GPS,Run,4860.1,3.019926,1320,1320,,,3.681894,7.284946,,,,,false,false,false,false,false,,,,
918879520,2017-03-16,2017-03-16T01:44:57Z,Running without GPS,Run,4857.2,3.018124,1361,1361,,,3.568846,7.515706,,,,436.0,false,false,false,false,false,,,,
918879517,2017-03-17,2017-03-17T13:56:14Z,Running without GPS,Run,4923.4,3.059259,1382,1382,,,3.562518,7.529057,,,,442.0,false,false,false,false,false,,,,
918879525,2017-03-18,2017-03-18T16:22:07Z,Lunch Run,Run,7977.5,4.956989,2152,2328,24.0,78.74,3.707017,7.235576,4.6,,,719.0,true,false,false,false,false,Frederick,Maryland,United States of America,US
918879533,2017-03-19,2017-03-19T17:39:12Z,Afternoon Run,Run,14686.1,9.125519,3932,4267,39.5,129.593,3.73502,7.181326,8.1,,,1324.0,true,true,false,false,false,Frederick,Maryland,United States of America,US
918879507,2017-03-22,2017-03-22T10:04:35Z,Morning Run,Run,4778.6,2.969284,1408,1418,10.1,33.136,3.393892,7.903139,4.3,,,431.0,false,false,false,false,false,Frederick,Maryland,United States of America,US
918879499,2017-03-23,2017-03-23T13:34:57Z,Running without GPS,Run,4935.8,3.066964,1500,1500,,,3.290533,8.151384,,,,444.0,false,false,false,false,false,,,,
918879498,2017-03-24,2017-03-24T20:13:57Z,Afternoon Run,Run,6506.0,4.042641,1615,1848,27.1,88.911,4.028483,6.658189,5.1,,,586.0,true,false,false,false,false,Frederick,Maryland,United States of America,US
918879500,2017-03-25,2017-03-25T16:52:04Z,Lunch Run,Run,8490.7,5.275876,2233,2449,25.3,83.005,3.802373,7.05412,5.5,,,766.0,true,false,false,false,false,Frederick,Maryland,United States of America,US
918879482,2017-03-26,2017-03-26T15:52:44Z,Lunch Run,Run,13054.1,8.111442,3429,3633,42.7,140.092,3.80697,7.045603,5.5,,,1179.0,true,true,false,false,false,Frederick,Maryland,United States of America,US
918879479,2017-03-28,2017-03-28T20:47:48Z,Afternoon Run,Run,4810.3,2.988982,1355,1422,13.9,45.604,3.550037,7.555527,4.7,,,434.0,false,false,false,false,false,Frederick,Maryland,United States of America,US
13906980222,2017-03-30,2017-03-30T20:55:15Z,"Frederick, Rivermist Park",Run,2546.7,1.582446,703,703,9.9,32.48,3.622617,7.404149,4.94,175.0,189.0,143.0,false,false,false,false,false,Frederick,Maryland,United States of America,US
13906975609,2017-04-01,2017-04-01T20:07:40Z,"Frederick / Frederick, Riverside Park",Run,7358.9,4.572608,2003,2243,18.9,62.008,3.673939,7.30072,6.34,176.0,203.0,424.0,true,false,false,false,false,Frederick,Maryland,United States of America,US
13906971845,2017-04-02,2017-04-02T18:26:25Z,Frederick,Run,16197.4,10.064598,4548,5055,90.2,295.932,3.561434,7.531349,5.58,172.0,213.0,929.0,true,true,false,false,false,Frederick,Maryland,United States of America,US
13906963396,2017-04-05,2017-04-05T21:18:18Z,"Frederick / Frederick, Rivermist Park",Run,5262.8,3.270152,1472,1603,20.4,66.929,3.575272,7.502199,7.98,170.0,188.0,298.0,true,false,false,false,false,Frederick,Maryland,United States of America,US
13906982969,2017-04-07,2017-04-07T10:17:11Z,"Frederick / Frederick, Rivermist Park",Run,4947.8,3.07442,1409,1482,15.5,50.853,3.511568,7.638296,7.28,178.0,209.0,278.0,false,false,false,false,false,Frederick,Maryland,United States of America,US
13906980215,2017-04-08,2017-04-08T14:52:16Z,"Frederick / Frederick, Riverside Park",Run,6508.4,4.044132,1772,1838,16.8,55.118,3.672912,7.302761,6.12,165.0,185.0,367.0,true,false,false,false,false,Frederick,Maryland,United States of America,US
13906977327,2017-04-09,2017-04-09T16:05:59Z,Frederick,Run,13202.2,8.203467,3707,3934,78.8,258.53,3.561424,7.531369,6.06,170.0,194.0,766.0,true,true,false,false,false,Frederick,Maryland,United States of America,US
13906973467,2017-04-12,2017-04-12T21:30:53Z,"Frederick / Frederick, Rivermist Park",Run,5266.0,3.272141,1490,1708,17.5,57.415,3.534228,7.589323,7.24,170.0,174.0,299.0,true,false,false,false,false,Frederick,Maryland,United States of America,US
13906967349,2017-04-14,2017-04-14T21:21:03Z,"Frederick / Frederick, Rivermist Park",Run,5688.3,3.534546,1598,1727,11.8,38.714,3.559637,7.53515,6.34,172.0,185.0,328.0,true,false,false,false,false,Frederick,Maryland,United States of America,US
13906984210,2017-04-15,2017-04-15T16:11:08Z,Outdoor Running,Run,495.5,0.307889,152,246,0.0,0.0,3.259868,8.228062,3.86,174.0,185.0,31.0,false,false,false,false,false,,,,
13906981623,2017-04-15,2017-04-15T16:22:47Z,Frederick,Run,6760.8,4.200966,1825,1893,31.9,104.659,3.704548,7.240398,16.68,172.0,183.0,370.0,true,false,false,false,false,Frederick,Maryland,United States of America,US
13906978751,2017-04-16,2017-04-16T14:20:41Z,Frederick,Run,6594.2,4.097446,1909,2195,12.7,41.667,3.454269,7.765,5.8,171.0,180.0,383.0,true,false,false,false,false,Frederick,Maryland,United States of America,US
13906975463,2017-04-17,2017-04-17T21:35:23Z,"Frederick / Frederick, Rivermist Park",Run,6529.3,4.057119,1843,2020,14.5,47.572,3.542756,7.571054,5.72,171.0,186.0,381.0,true,false,false,false,false,Frederick,Maryland,United States of America,US
13906971595,2017-04-20,2017-04-20T10:30:44Z,"Frederick / Frederick, Rivermist Park",Run,5771.7,3.586368,1625,1736,34.0,111.549,3.551815,7.551744,7.18,169.0,185.0,328.0,true,false,false,false,false,Frederick,Maryland,United States of America,US
13906963141,2017-04-21,2017-04-21T20:25:05Z,Frederick,Run,544.9,0.338585,164,207,0.0,0.0,3.322561,8.072809,4.1,,,30.0,false,false,false,false,false,Frederick,Maryland,United States of America,US
13906982967,2017-04-21,2017-04-21T20:34:15Z,"Frederick, Riverside Park / Frederick, Rivermist Park",Run,5190.5,3.225227,1449,1454,10.3,33.793,3.582126,7.487845,7.6,167.0,185.0,292.0,true,false,false,false,false,Frederick,Maryland,United States of America,US
13906980315,2017-04-23,2017-04-23T12:19:55Z,"Frederick / Frederick, Baker Park",Run,16704.7,10.379819,4635,4894,89.9,294.948,3.604035,7.442326,7.52,176.0,198.0,973.0,true,true,false,false,false,Frederick,Maryland,United States of America,US
13906977166,2017-04-25,2017-04-25T09:58:33Z,Frederick,Run,4973.4,3.090327,1372,1430,9.9,32.48,3.624927,7.399432,5.58,171.0,185.0,286.0,false,false,false,false,false,Frederick,Maryland,United States of America,US
13906973514,2017-04-26,2017-04-26T09:54:27Z,Outdoor Running,Run,361.5,0.224626,117,194,0.0,0.0,3.089744,8.681109,3.8,169.0,171.0,21.0,false,false,false,false,false,,,,
13906967337,2017-04-26,2017-04-26T10:00:39Z,"Frederick, Riverside Park / Frederick, Rivermist Park",Run,5041.2,3.132456,1425,1428,9.9,32.48,3.537684,7.581909,12.18,171.0,189.0,279.0,true,false,false,false,false,Frederick,Maryland,United States of America,US
13906984479,2017-04-27,2017-04-27T19:46:52Z,Frederick,Run,12975.1,8.062353,3847,4632,88.8,291.339,3.372784,7.952599,9.08,174.0,213.0,817.0,true,true,false,false,false,Frederick,Maryland,United States of America,US
13906981699,2017-04-29,2017-04-29T11:11:50Z,"Frederick / Frederick, The Shops at Monocacy",Run,4938.0,3.068331,1386,1393,24.2,79.396,3.562771,7.528523,6.2,177.0,191.0,284.0,false,false,false,false,false,Frederick,Maryland,United States of America,US
13906978775,2017-04-30,2017-04-30T11:24:46Z,"Ochopee, Big Cypress National Preserve / Walkersville",Run,5108.5,3.174275,1462,1466,161.5,529.856,3.494186,7.676294,5.96,170.0,187.0,305.0,true,false,false,false,false,Everglades City,Florida,United States of America,US
13906981616,2017-05-02,2017-05-02T15:22:33Z,Frederick,Run,4880.5,3.032602,1405,1732,21.4,70.21,3.473665,7.721642,6.34,170.0,180.0,284.0,false,false,false,false,false,Frederick,Maryland,United States of America,US
13906978746,2017-05-04,2017-05-04T19:44:39Z,Frederick,Run,6696.6,4.161074,1970,2161,10.3,33.793,3.399289,7.89059,5.32,159.0,186.0,413.0,true,false,false,false,false,Frederick,Maryland,United States of America,US
13906975744,2017-05-07,2017-05-07T11:00:11Z,Frederick,Run,21138.2,13.134669,5759,5769,121.2,397.638,3.670464,7.307633,5.46,170.0,198.0,1263.0,true,true,true,false,false,Frederick,Maryland,United States of America,US
13906971392,2017-05-09,2017-05-09T19:57:38Z,"Frederick / Frederick, Rivermist Park",Run,5724.9,3.557288,1672,2132,10.2,33.465,3.423983,7.833683,6.04,170.0,192.0,342.0,true,false,false,false,false,Mount Pleasant,Maryland,United States of America,US
13906963198,2017-05-10,2017-05-10T20:31:21Z,"Frederick / Frederick, Rivermist Park",Run,5829.1,3.622035,1663,1857,16.9,55.446,3.505171,7.652236,5.76,174.0,193.0,351.0,true,false,false,false,false,Frederick,Maryland,United States of America,US
13906982850,2017-05-12,2017-05-12T09:57:22Z,Frederick,Run,5010.8,3.113567,1411,1527,18.9,62.008,3.55124,7.552967,6.42,172.0,197.0,292.0,true,false,false,false,false,Frederick,Maryland,United States of America,US
13906980239,2017-05-13,2017-05-13T19:39:02Z,Frederick,Run,13817.0,8.585486,3834,4168,82.2,269.685,3.603808,7.442794,13.54,173.0,198.0,850.0,true,true,false,false,false,Frederick,Maryland,United States of America,US
13906977094,2017-05-15,2017-05-15T10:29:06Z,Frederick,Run,5802.6,3.605568,1573,1582,15.5,50.853,3.688875,7.27116,5.84,170.0,192.0,340.0,true,false,false,false,false,Frederick,Maryland,United States of America,US
13906973431,2017-05-16,2017-05-16T20:16:41Z,Frederick,Run,3039.2,1.888471,893,896,5.4,17.717,3.403359,7.881154,4.58,172.0,180.0,179.0,false,false,false,false,false,Frederick,Maryland,United States of America,US
13906967262,2017-05-18,2017-05-18T10:28:48Z,Frederick,Run,5701.8,3.542934,1549,1557,27.6,90.551,3.680955,7.286804,6.22,175.0,189.0,327.0,true,false,false,false,false,Frederick,Maryland,United States of America,US
13906984261,2017-05-19,2017-05-19T09:58:39Z,"Frederick / Frederick, Riverside Park",Run,5746.1,3.570461,1580,1606,15.5,50.853,3.636772,7.375331,5.54,174.0,197.0,334.0,true,false,false,false,false,Frederick,Maryland,United States of America,US
13906981652,2017-05-20,2017-05-20T10:57:53Z,Frederick,Run,8131.3,5.052556,2279,2697,52.4,171.916,3.567925,7.517648,5.58,172.0,183.0,481.0,true,false,false,false,false,Frederick,Maryland,United States of America,US
13906978600,2017-05-22,2017-05-22T10:06:10Z,"Frederick / Frederick, The Shops at Monocacy",Run,4962.5,3.083555,1315,1365,17.6,57.743,3.773764,7.107598,6.74,172.0,201.0,296.0,false,false,false,false,false,Frederick,Maryland,United States of America,US
13906975471,2017-05-23,2017-05-23T20:26:18Z,"Frederick / Frederick, Riverside Park",Run,5764.1,3.581646,1566,1741,14.6,47.9,3.680779,7.287153,6.28,173.0,188.0,340.0,true,false,false,false,false,Frederick,Maryland,United States of America,US
13906971667,2017-05-24,2017-05-24T20:08:57Z,"Frederick, Rivermist Park",Run,5735.3,3.56375,1536,1543,12.2,40.026,3.733919,7.183444,5.34,175.0,203.0,338.0,true,false,false,false,false,Frederick,Maryland,United States of America,US
13906963496,2017-05-25,2017-05-25T20:08:19Z,"Frederick, Rivermist Park",Run,6061.3,3.766317,1670,1756,9.5,31.168,3.629521,7.390066,7.26,170.0,192.0,362.0,true,false,false,false,false,Frederick,Maryland,United States of America,US
13906982991,2017-05-26,2017-05-26T09:43:21Z,"Frederick, Riverside Park / Frederick",Run,5833.3,3.624645,1595,1641,12.6,41.339,3.657241,7.334052,6.06,171.0,180.0,339.0,true,false,false,false,false,Frederick,Maryland,United States of America,US
13906980179,2017-05-30,2017-05-30T10:50:18Z,Frederick,Run,6575.1,4.085578,1773,1778,0.0,0.0,3.70846,7.232759,4.38,170.0,184.0,386.0,true,false,false,false,false,Frederick,Maryland,United States of America,US
13906977273,2017-05-31,2017-05-31T10:36:55Z,Frederick,Run,6882.8,4.276774,1858,1917,24.2,79.396,3.704413,7.240661,8.8,169.0,183.0,404.0,true,false,false,false,false,Frederick,Maryland,United States of America,US
13906973462,2017-06-02,2017-06-02T09:34:09Z,"Frederick / Frederick, Riverside Park",Run,6611.8,4.108382,1807,1815,17.7,58.071,3.658993,7.330542,6.32,169.0,185.0,380.0,true,false,false,false,false,Frederick,Maryland,United States of America,US
13906967381,2017-06-05,2017-06-05T15:20:47Z,"Provincetown / Provincetown, Cape Cod National Seashore",Run,8904.9,5.533248,2530,2821,38.8,127.297,3.519723,7.620599,4.92,172.0,191.0,551.0,true,false,false,false,false,Provincetown,Massachusetts,United States of America,US
13906984281,2017-06-06,2017-06-06T19:23:55Z,Provincetown,Run,8174.9,5.079647,2283,2303,26.5,86.942,3.580771,7.490677,7.06,173.0,189.0,477.0,true,false,false,false,false,Provincetown,Massachusetts,United States of America,US
13906981638,2017-06-07,2017-06-07T14:27:49Z,Provincetown,Run,8145.7,5.061503,2283,2359,29.2,95.801,3.567981,7.517529,5.16,170.0,185.0,476.0,true,false,false,false,false,Provincetown,Massachusetts,United States of America,US
13906978653,2017-06-10,2017-06-10T15:37:38Z,"Frederick / Frederick, Riverside Park",Run,6523.5,4.053515,1825,1828,16.8,55.118,3.574521,7.503776,5.94,173.0,185.0,381.0,true,false,false,false,false,Frederick,Maryland,United States of America,US
13906975551,2017-06-11,2017-06-11T12:24:28Z,Frederick,Run,10135.8,6.298094,3017,3600,63.6,208.661,3.359562,7.983897,4.54,170.0,186.0,615.0,true,true,false,false,false,Frederick,Maryland,United States of America,US
13906971505,2017-06-12,2017-06-12T11:15:16Z,"Frederick / Frederick, Riverside Park",Run,6557.4,4.074579,1879,2037,17.5,57.415,3.489835,7.685865,4.82,165.0,180.0,389.0,true,false,false,false,false,Frederick,Maryland,United States of America,US
13906963186,2017-06-14,2017-06-14T11:13:59Z,"Frederick / Frederick, Riverside Park",Run,6589.0,4.094215,1854,1945,19.1,62.664,3.553937,7.547235,5.96,172.0,185.0,394.0,true,false,false,false,false,Frederick,Maryland,United States of America,US
13906982886,2017-06-15,2017-06-15T11:13:51Z,"Frederick / Frederick, Riverside Park",Run,6534.8,4.060536,1788,1792,16.8,55.118,3.65481,7.338932,6.075,171.0,189.0,375.0,true,false,false,false,false,Frederick,Maryland,United States of America,US
13906980205,2017-06-17,2017-06-17T14:06:31Z,Frederick,Run,8461.5,5.257732,2457,2708,51.9,170.276,3.443834,7.788529,5.3,169.0,186.0,504.0,true,false,false,false,false,Frederick,Maryland,United States of America,US
13906977152,2017-06-20,2017-06-20T19:48:55Z,"Frederick, Rivermist Park / Frederick",Run,5696.8,3.539827,1663,1862,9.4,30.84,3.425616,7.829949,5.14,169.0,184.0,349.0,true,false,false,false,false,Frederick,Maryland,United States of America,US
13906973465,2017-06-21,2017-06-21T10:42:30Z,"Frederick, Rivermist Park",Run,5653.4,3.51286,1642,1701,12.2,40.026,3.442996,7.790424,5.8,168.0,180.0,344.0,true,false,false,false,false,Frederick,Maryland,United States of America,US
13906967243,2017-06-22,2017-06-22T20:24:09Z,Frederick,Run,4976.6,3.092316,1472,1481,0.0,0.0,3.380842,7.933644,4.2,169.0,180.0,316.0,false,false,false,false,false,Frederick,Maryland,United States of America,US
13906984379,2017-06-25,2017-06-25T15:33:30Z,Frederick,Run,6612.3,4.108693,1896,2030,40.0,131.234,3.4875,7.691011,7.7,171.0,185.0,402.0,true,false,false,false,false,Frederick,Maryland,United States of America,US
13906981701,2017-06-27,2017-06-27T10:49:34Z,"Frederick, Riverside Park / Frederick, Rivermist Park",Run,6567.9,4.081104,1854,1854,12.5,41.01,3.542557,7.571481,8.38,176.0,187.0,391.0,true,false,false,false,false,Frederick,Maryland,United States of America,US
13906978749,2017-06-28,2017-06-28T19:54:04Z,Frederick,Run,6619.2,4.11298,1914,1992,51.5,168.963,3.458307,7.755933,5.52,172.0,184.0,424.0,true,false,false,false,false,Frederick,Maryland,United States of America,US
13906975635,2017-06-29,2017-06-29T19:42:40Z,"Frederick / Frederick, Riverside Park",Run,6626.9,4.117765,1856,1953,18.3,60.039,3.570528,7.512166,5.96,173.0,185.0,393.0,true,false,false,false,false,Frederick,Maryland,United States of America,US
13906973361,2017-07-02,2017-07-02T11:56:49Z,"Frederick / Frederick, Riverside Park",Run,6525.8,4.054944,1846,1915,18.8,61.68,3.535103,7.587445,5.6,176.0,210.0,387.0,true,false,false,false,false,Frederick,Maryland,United States of America,US
13906966860,2017-07-04,2017-07-04T15:25:55Z,"Frederick / Frederick, Rivermist Park",Run,3384.9,2.103279,980,1563,7.0,22.966,3.45398,7.765651,6.44,160.0,173.0,197.0,false,false,false,false,false,Frederick,Maryland,United States of America,US
13906983890,2017-07-04,2017-07-04T15:54:29Z,Frederick,Run,412.3,0.256191,124,128,3.9,12.795,3.325,8.066887,4.4,162.0,162.0,19.0,false,false,false,false,false,Frederick,Maryland,United States of America,US
13906981384,2017-07-05,2017-07-05T20:16:47Z,Frederick,Run,6540.8,4.064265,1906,2104,29.5,96.785,3.431689,7.816092,5.66,171.0,188.0,413.0,true,false,false,false,false,Frederick,Maryland,United States of America,US
13906978405,2017-07-07,2017-07-07T10:03:42Z,Frederick,Run,6465.6,4.017538,1792,1889,35.1,115.157,3.608036,7.434073,7.575,173.0,189.0,388.0,true,false,false,false,false,Frederick,Maryland,United States of America,US
13906975276,2017-07-08,2017-07-08T19:52:18Z,Frederick,Run,6719.3,4.175179,1948,2023,20.2,66.273,3.449333,7.776113,5.08,173.0,187.0,420.0,true,false,false,false,false,Frederick,Maryland,United States of America,US
13906971398,2017-07-09,2017-07-09T19:50:03Z,Frederick,Run,6533.4,4.059667,1870,2085,35.7,117.126,3.493797,7.677149,6.88,173.0,188.0,388.0,true,false,false,false,false,Frederick,Maryland,United States of America,US
13906963199,2017-07-10,2017-07-10T10:07:02Z,Frederick,Run,6547.3,4.068304,1832,1898,38.2,125.328,3.573854,7.505176,5.84,156.0,177.0,381.0,true,false,false,false,false,Frederick,Maryland,United States of America,US
13906982859,2017-07-11,2017-07-11T10:38:16Z,Frederick,Run,6528.9,4.05687,1815,1951,38.4,125.984,3.59719,7.456487,10.64,174.0,185.0,383.0,true,false,false,false,false,Frederick,Maryland,United States of America,US
13906979940,2017-07-12,2017-07-12T20:13:08Z,Frederick,Run,5668.8,3.522429,1643,1914,5.8,19.029,3.450274,7.773992,4.52,169.0,186.0,340.0,true,false,false,false,false,Frederick,Maryland,United States of America,US
13906977082,2017-07-14,2017-07-14T09:49:08Z,"Frederick, The Shops at Monocacy / Frederick",Run,6505.5,4.04233,1789,1799,31.0,101.706,3.636389,7.376108,5.22,178.0,191.0,378.0,true,false,false,false,false,Frederick,Maryland,United States of America,US
13906973352,2017-07-17,2017-07-17T09:50:18Z,Frederick,Run,6534.0,4.060039,1791,1796,37.9,124.344,3.648241,7.352145,5.84,174.0,191.0,388.0,true,false,false,false,false,Frederick,Maryland,United States of America,US
13906966868,2017-07-19,2017-07-19T20:24:45Z,"Frederick, Riverside Park / Frederick",Run,4928.7,3.062552,1405,1405,15.6,51.181,3.507972,7.646128,5.96,170.0,187.0,299.0,false,false,false,false,false,Frederick,Maryland,United States of America,US
13906984266,2017-07-20,2017-07-20T11:07:48Z,"Frederick, Riverside Park / Frederick",Run,6543.7,4.066067,1861,1984,31.8,104.331,3.516228,7.628175,5.8,173.0,189.0,404.0,true,false,false,false,false,Frederick,Maryland,United States of America,US
13906981500,2017-07-21,2017-07-21T20:03:08Z,"Frederick, Skate Frederick / Frederick",Run,6505.3,4.042206,1862,2220,16.2,53.15,3.493716,7.677326,11.7,174.0,189.0,402.0,true,false,false,false,false,Frederick,Maryland,United States of America,US
13906978599,2017-07-22,2017-07-22T12:12:42Z,"Frederick / Frederick, Riverside Park",Run,6553.3,4.072032,1878,2147,18.9,62.008,3.48951,7.68658,5.04,171.0,194.0,400.0,true,false,false,false,false,Frederick,Maryland,United States of America,US
13906975475,2017-07-23,2017-07-23T11:27:30Z,Frederick,Run,6527.4,4.055938,1846,2033,41.9,137.467,3.53597,7.585585,5.2,170.0,184.0,389.0,true,false,false,false,false,Frederick,Maryland,United States of America,US
13906971589,2017-07-25,2017-07-25T20:07:30Z,Frederick,Run,4919.3,3.056711,1411,4282,13.8,45.276,3.486393,7.693454,9.96,170.0,191.0,298.0,false,false,false,false,false,Frederick,Maryland,United States of America,US
13906963426,2017-07-26,2017-07-26T20:11:10Z,Frederick,Run,6533.4,4.059667,1843,2190,27.3,89.567,3.544981,7.566303,5.9,173.0,188.0,391.0,true,false,false,false,false,Frederick,Maryland,United States of America,US
13906982993,2017-07-27,2017-07-27T09:54:33Z,Frederick,Run,6627.4,4.118075,1877,1961,29.5,96.785,3.530847,7.596591,6.08,172.0,191.0,385.0,true,false,false,false,false,Frederick,Maryland,United States of America,US
13906980211,2017-07-29,2017-07-29T19:13:23Z,Frederick,Run,6589.5,4.094525,1872,2011,21.4,70.21,3.520032,7.619931,6.56,173.0,188.0,398.0,true,false,false,false,false,Frederick,Maryland,United States of America,US
13906977247,2017-07-30,2017-07-30T18:48:36Z,Frederick,Run,6669.1,4.143987,1925,2113,17.4,57.087,3.464468,7.742142,6.28,166.0,180.0,395.0,true,false,false,false,false,Frederick,Maryland,United States of America,US
13906973681,2017-07-31,2017-07-31T10:35:53Z,Frederick,Run,6506.9,4.0432,1839,2109,40.8,133.858,3.538282,7.580629,8.1,172.0,187.0,386.0,true,false,false,false,false,Frederick,Maryland,United States of America,US
13906977167,2017-08-10,2017-08-10T20:08:07Z,Frederick,Run,6868.6,4.26795,1988,2505,40.7,133.53,3.45503,7.76329,5.1,172.0,189.0,411.0,true,false,false,false,false,Frederick,Maryland,United States of America,US
13906973439,2017-08-12,2017-08-12T14:37:44Z,Frederick,Run,1649.8,1.025138,657,662,5.7,18.701,2.511111,10.681487,5.06,158.0,174.0,102.0,false,false,false,false,false,Frederick,Maryland,United States of America,US
13906967258,2017-08-12,2017-08-12T14:52:44Z,Frederick,Run,4907.1,3.049131,1440,1544,36.7,120.407,3.407708,7.871096,5.14,173.0,189.0,306.0,false,false,false,false,false,Frederick,Maryland,United States of America,US
13906984410,2017-08-13,2017-08-13T19:57:21Z,Frederick,Run,8193.2,5.091018,2399,2627,75.3,247.047,3.415256,7.8537,7.22,170.0,185.0,501.0,true,false,false,false,false,Frederick,Maryland,United States of America,US
13906981617,2017-08-15,2017-08-15T09:54:07Z,Frederick,Run,4859.9,3.019802,1372,1462,18.5,60.696,3.542201,7.572241,6.96,172.0,186.0,286.0,false,false,false,false,false,Frederick,Maryland,United States of America,US
13906978734,2017-08-16,2017-08-16T09:51:39Z,Frederick,Run,5738.6,3.565801,1613,1710,20.4,66.929,3.557719,7.539214,8.1,176.0,196.0,333.0,true,false,false,false,false,Frederick,Maryland,United States of America,US
13906975602,2017-08-17,2017-08-17T09:47:13Z,Frederick,Run,5938.8,3.690199,1678,1793,28.5,93.504,3.539213,7.578633,6.08,178.0,194.0,364.0,true,false,false,false,false,Frederick,Maryland,United States of America,US
13906971671,2017-08-19,2017-08-19T14:14:00Z,Frederick,Run,6702.0,4.16443,1998,2347,24.5,80.381,3.354354,7.996293,6.8,174.0,198.0,422.0,true,false,false,false,false,Frederick,Maryland,United States of America,US
1143715280,2017-08-19,2017-08-19T20:11:00Z,Afternoon Run,Run,8255.8,5.129916,2360,2750,51.3,168.307,3.49822,7.667442,3.6,176.0,193.0,696.0,true,false,false,false,false,Frederick,Maryland,United States of America,US
1151353205,2017-08-23,2017-08-23T16:58:00Z,Lunch Run,Run,4877.9,3.030987,1340,1340,30.6,100.394,3.640224,7.368338,4.7,175.0,186.0,409.0,false,false,false,false,false,Frederick,Maryland,United States of America,US
1155786483,2017-08-25,2017-08-25T01:52:00Z,Night Run,Run,5401.2,3.35615,1490,1680,15.2,49.869,3.624966,7.399351,3.8,170.0,196.0,453.0,true,false,false,false,false,Frederick,Maryland,United States of America,US
1155786286,2017-08-26,2017-08-26T17:20:00Z,Afternoon Run,Run,11367.3,7.063313,3230,3590,62.4,204.724,3.519288,7.621542,3.7,176.0,193.0,953.0,true,true,false,false,false,Frederick,Maryland,United States of America,US
1159768510,2017-08-29,2017-08-29T16:23:00Z,Lunch Run,Run,6470.3,4.020458,1810,1810,49.5,162.402,3.574751,7.503291,3.6,177.0,195.0,543.0,true,false,false,false,false,Frederick,Maryland,United States of America,US
1162301193,2017-08-31,2017-08-31T10:45:00Z,Morning Run,Run,6441.3,4.002438,1735,1767,64.5,211.614,3.712565,7.224763,4.0,174.0,207.0,542.0,true,false,false,false,false,Frederick,Maryland,United States of America,US
1163104085,2017-09-01,2017-09-01T08:49:00Z,Morning Run,Run,4897.0,3.042855,1323,1410,42.5,139.436,3.701436,7.246485,4.3,178.0,194.0,413.0,false,false,false,false,false,Frederick,Maryland,United States of America,US
1175620841,2017-09-02,2017-09-02T17:14:00Z,Afternoon Run,Run,4595.2,2.855325,1305,1477,16.5,54.134,3.521226,7.617347,3.9,172.0,191.0,383.0,false,false,false,false,false,Frederick,Maryland,United States of America,US
1175726435,2017-09-03,2017-09-03T11:10:00Z,Morning Run,Run,4934.9,3.066405,1343,1422,21.6,70.866,3.674535,7.299537,4.2,242.0,254.0,414.0,false,false,false,false,false,Frederick,Maryland,United States of America,US
1175725999,2017-09-05,2017-09-05T10:56:05Z,Morning Run,Run,4934.0,3.065845,1394,1394,28.3,92.848,3.539455,7.578116,3.8,175.0,251.0,414.0,false,false,false,false,false,Frederick,Maryland,United States of America,US
1175620476,2017-09-07,2017-09-07T11:05:00Z,Morning Run,Run,6251.9,3.884751,1724,1813,52.1,170.932,3.626392,7.396442,4.1,190.0,254.0,526.0,true,false,false,false,false,Frederick,Maryland,United States of America,US
1176489594,2017-09-09,2017-09-09T14:19:00Z,Morning Run,Run,5856.1,3.638812,1608,1876,54.4,178.478,3.641853,7.365041,4.2,174.0,186.0,496.0,true,false,false,false,false,Frederick,Maryland,United States of America,US
1181459763,2017-09-10,2017-09-10T13:57:00Z,Morning Run,Run,12721.7,7.904898,3479,3725,71.6,234.908,3.656712,7.335115,4.1,177.0,200.0,1066.0,true,true,false,false,false,Frederick,Maryland,United States of America,US
1181459557,2017-09-12,2017-09-12T19:43:00Z,Afternoon Run,Run,4832.3,3.002652,1322,1341,38.3,125.656,3.655295,7.337958,4.5,171.0,223.0,410.0,false,false,false,false,false,Frederick,Maryland,United States of America,US
1183399491,2017-09-13,2017-09-13T20:30:00Z,Afternoon Run,Run,5724.7,3.557164,1632,1638,41.1,134.843,3.507782,7.646542,4.2,168.0,187.0,482.0,true,false,false,false,false,Frederick,Maryland,United States of America,US
1184355021,2017-09-14,2017-09-14T09:51:00Z,Morning Run,Run,4900.6,3.045092,1391,1396,38.3,125.656,3.523077,7.613345,4.1,169.0,185.0,412.0,false,false,false,false,false,Frederick,Maryland,United States of America,US
1188428318,2017-09-16,2017-09-16T12:08:00Z,16/09/2017,Run,5889.2,3.659379,1699,1699,,,3.466274,7.738107,,,,492.0,true,false,false,false,false,,,,
1188427962,2017-09-17,2017-09-17T11:27:00Z,Morning Run,Run,13741.2,8.538386,3788,3799,75.1,246.391,3.627561,7.39406,4.2,174.0,193.0,1152.0,true,true,false,false,false,Frederick,Maryland,United States of America,US
1194626404,2017-09-20,2017-09-20T10:56:00Z,Morning Run,Run,6600.4,4.101298,1797,1800,27.1,88.911,3.673011,7.302565,4.1,177.0,253.0,555.0,true,false,false,false,false,Frederick,Maryland,United States of America,US
1194785898,2017-09-21,2017-09-21T11:17:00Z,Morning Run,Run,6488.8,4.031953,1798,1806,52.9,173.556,3.608899,7.432295,4.8,175.0,190.0,546.0,true,false,false,false,false,Frederick,Maryland,United States of America,US
1197788847,2017-09-23,2017-09-23T11:50:00Z,Morning Run,Run,13772.2,8.557648,3807,3823,74.0,242.782,3.617599,7.41442,4.7,179.0,228.0,1155.0,true,true,false,false,false,Frederick,Maryland,United States of America,US
1203227899,2017-09-24,2017-09-24T11:11:00Z,Morning Run,Run,6313.9,3.923276,1646,1757,23.3,76.444,3.835905,6.992456,4.3,176.0,189.0,529.0,true,false,false,false,false,Frederick,Maryland,United States of America,US
1203227613,2017-09-25,2017-09-25T08:47:00Z,Morning Run,Run,5618.3,3.49105,1571,1571,38.7,126.969,3.576257,7.500132,4.4,177.0,192.0,472.0,true,false,false,false,false,Frederick,Maryland,United States of America,US
1204122862,2017-09-27,2017-09-27T09:45:00Z,Morning Run,Run,3215.0,1.997708,860,863,30.8,101.05,3.738372,7.174888,3.9,43.0,184.0,272.0,false,false,false,false,false,Frederick,Maryland,United States of America,US
1204122568,2017-09-27,2017-09-27T10:01:00Z,Morning Run,Run,4029.3,2.503691,1064,1073,36.1,118.438,3.786936,7.082876,4.2,,,339.0,false,false,false,false,false,Frederick,Maryland,United States of America,US
13906984160,2017-10-11,2017-10-11T10:36:01Z,Frederick,Run,6504.9,4.041957,1744,1810,38.4,125.984,3.729874,7.191235,5.56,178.0,199.0,393.0,true,false,false,false,false,Frederick,Maryland,United States of America,US
13906981494,2017-10-12,2017-10-12T10:25:48Z,Frederick,Run,6630.2,4.119815,1805,1850,37.3,122.375,3.673241,7.302107,4.8,173.0,194.0,400.0,true,false,false,false,false,Frederick,Maryland,United States of America,US
13906978502,2017-10-14,2017-10-14T17:12:46Z,Frederick,Run,6652.3,4.133548,1827,1960,31.2,102.362,3.641106,7.366554,5.48,175.0,193.0,409.0,true,false,false,false,false,Frederick,Maryland,United States of America,US
13906975585,2017-10-16,2017-10-16T10:00:56Z,Frederick,Run,16188.4,10.059005,4553,5085,81.3,266.732,3.555546,7.543821,6.2,174.0,190.0,1007.0,true,true,false,false,false,Frederick,Maryland,United States of America,US
13906971715,2017-10-18,2017-10-18T10:34:54Z,Frederick,Run,13120.3,8.152576,3765,4343,78.5,257.546,3.484807,7.696953,5.24,174.0,192.0,815.0,true,true,false,false,false,Frederick,Maryland,United States of America,US
13906963277,2017-10-19,2017-10-19T10:33:32Z,Frederick,Run,6915.2,4.296906,1931,2116,41.7,136.811,3.58115,7.489885,7.0,175.0,189.0,427.0,true,false,false,false,false,Frederick,Maryland,United States of America,US
13906982989,2017-10-20,2017-10-20T10:34:48Z,Frederick,Run,6543.5,4.065942,1807,1811,36.8,120.735,3.621195,7.407057,4.8,172.0,206.0,398.0,true,false,false,false,false,Frederick,Maryland,United States of America,US
13906980249,2017-10-23,2017-10-23T10:57:35Z,Frederick,Run,6539.5,4.063457,1816,1886,37.1,121.719,3.601046,7.448502,5.02,177.0,194.0,398.0,true,false,false,false,false,Frederick,Maryland,United States of America,US
13906978135,2017-10-24,2017-10-24T11:12:35Z,Frederick,Run,6673.0,4.14641,1816,2002,34.0,111.549,3.674559,7.299487,5.9,179.0,198.0,410.0,true,false,false,false,false,Frederick,Maryland,United States of America,US
13906973686,2017-10-25,2017-10-25T20:34:34Z,Frederick,Run,6534.7,4.060474,1847,2121,29.9,98.097,3.538008,7.581216,4.76,177.0,194.0,410.0,true,false,false,false,false,Frederick,Maryland,United States of America,US
13906967866,2017-10-29,2017-10-29T12:48:35Z,Waterfall / Wells Tannery,Run,21765.2,13.524268,5954,5969,259.5,851.378,3.655559,7.337427,5.46,177.0,197.0,1301.0,true,true,true,false,false,Township of Taylor,Pennsylvania,United States of America,US
13906978409,2017-11-03,2017-11-03T10:24:17Z,Frederick,Run,6475.6,4.023751,1854,1913,32.3,105.971,3.492772,7.679401,4.82,173.0,186.0,402.0,true,false,false,false,false,Frederick,Maryland,United States of America,US
13906975402,2017-11-06,2017-11-06T12:12:51Z,Frederick,Run,6530.6,4.057927,1802,1883,38.5,126.312,3.624084,7.401152,4.74,173.0,192.0,392.0,true,false,false,false,false,Frederick,Maryland,United States of America,US
13906971390,2017-11-07,2017-11-07T12:08:51Z,Frederick,Run,6546.6,4.067869,1810,1877,36.3,119.094,3.616906,7.415841,4.88,173.0,180.0,389.0,true,false,false,false,false,Frederick,Maryland,United States of America,US
13906962956,2017-11-10,2017-11-10T12:19:50Z,Frederick,Run,6553.3,4.072032,1820,1944,29.3,96.129,3.600714,7.449189,5.75,174.0,185.0,391.0,true,false,false,false,false,Frederick,Maryland,United States of America,US
13906982856,2017-11-11,2017-11-11T20:43:04Z,"Frederick / Frederick, The Shops at Monocacy",Run,4875.4,3.029433,1406,1733,17.6,57.743,3.467568,7.735221,6.42,178.0,191.0,310.0,false,false,false,false,false,Frederick,Maryland,United States of America,US
13906980054,2017-11-12,2017-11-12T16:09:38Z,"Frederick / Frederick, Rivermist Park",Run,6533.1,4.05948,1868,2195,20.0,65.617,3.497377,7.669291,5.98,173.0,187.0,412.0,true,false,false,false,false,Frederick,Maryland,United States of America,US
13906977096,2017-11-13,2017-11-13T21:19:53Z,Frederick,Run,6538.9,4.063084,1919,2304,37.1,121.719,3.407452,7.871689,6.84,175.0,187.0,404.0,true,false,false,false,false,Frederick,Maryland,United States of America,US
13906973488,2017-11-14,2017-11-14T21:47:49Z,Frederick,Run,6486.8,4.030711,1898,2275,32.4,106.299,3.417703,7.848078,5.78,177.0,196.0,405.0,true,false,false,false,false,Frederick,Maryland,United States of America,US
13906967264,2017-11-19,2017-11-19T16:05:34Z,"Frederick / Frederick, Riverside Park",Run,6555.4,4.073337,1799,1959,16.8,55.118,3.643913,7.360878,6.24,178.0,192.0,400.0,true,false,false,false,false,Frederick,Maryland,United States of America,US
13906984246,2017-11-21,2017-11-21T21:48:53Z,Frederick,Run,2881.4,1.790419,797,1180,14.6,47.9,3.615307,7.41912,5.82,176.0,188.0,173.0,false,false,false,false,false,Frederick,Maryland,United States of America,US
13906981581,2017-11-21,2017-11-21T22:10:53Z,Frederick,Run,925.1,0.57483,273,276,6.1,20.013,3.388645,7.915377,4.28,177.0,183.0,58.0,false,false,false,false,false,Frederick,Maryland,United States of America,US
13906978608,2017-11-23,2017-11-23T13:40:42Z,"Frederick / Frederick, Riverside Park",Run,8899.6,5.529955,2467,2915,29.2,95.801,3.607458,7.435262,5.18,174.0,190.0,539.0,true,false,false,false,false,Frederick,Maryland,United States of America,US
13906975488,2017-11-24,2017-11-24T21:08:43Z,"Frederick / Frederick, Rivermist Park",Run,6554.1,4.072529,1782,2163,16.8,55.118,3.677946,7.292766,5.16,165.0,191.0,404.0,true,false,false,false,false,Frederick,Maryland,United States of America,US
13906971714,2017-11-26,2017-11-26T13:01:34Z,"Frederick / Frederick, Rivermist Park",Run,8251.6,5.127307,2344,2969,25.8,84.646,3.520307,7.619335,6.86,175.0,194.0,510.0,true,false,false,false,false,Frederick,Maryland,United States of America,US
13906963400,2017-11-30,2017-11-30T20:50:02Z,"Frederick / Frederick, Riverside Park",Run,6540.1,4.06383,1814,2148,15.7,51.509,3.605347,7.439616,5.52,180.0,197.0,408.0,true,false,false,false,false,Frederick,Maryland,United States of America,US
13906966878,2017-12-01,2017-12-01T21:11:29Z,"Frederick / Frederick, Riverside Park",Run,6722.4,4.177106,1780,1938,16.9,55.446,3.776629,7.102206,5.52,178.0,188.0,409.0,true,false,false,false,false,Frederick,Maryland,United States of America,US
13906984143,2017-12-03,2017-12-03T16:08:35Z,"Frederick / Frederick, Riverside Park",Run,4872.0,3.02732,1330,1702,17.4,57.087,3.663158,7.322207,5.58,177.0,191.0,292.0,false,false,false,false,false,Frederick,Maryland,United States of America,US
13906981486,2017-12-04,2017-12-04T21:06:02Z,Frederick,Run,6552.1,4.071286,1863,2131,53.4,175.197,3.516962,7.626583,7.64,181.0,199.0,400.0,true,false,false,false,false,Frederick,Maryland,United States of America,US
13906978511,2017-12-06,2017-12-06T21:02:00Z,Frederick,Run,6525.4,4.054696,1795,1837,29.3,96.129,3.63532,7.378277,4.9,176.0,189.0,391.0,true,false,false,false,false,Frederick,Maryland,United States of America,US
13906975395,2017-12-07,2017-12-07T21:16:55Z,Frederick,Run,6487.4,4.031083,1792,1846,28.4,93.176,3.620201,7.409092,5.86,174.0,186.0,387.0,true,false,false,false,false,Frederick,Maryland,United States of America,US
13906971503,2017-12-10,2017-12-10T15:37:43Z,Frederick,Run,6578.3,4.087566,1828,1931,29.5,96.785,3.598632,7.453498,4.94,178.0,194.0,396.0,true,false,false,false,false,Frederick,Maryland,United States of America,US
13906963204,2017-12-13,2017-12-13T21:17:51Z,"Frederick / Frederick, Riverside Park",Run,6501.9,4.040093,1843,2061,18.1,59.383,3.527889,7.60296,5.02,172.0,188.0,390.0,true,false,false,false,false,Frederick,Maryland,United States of America,US
13906982893,2017-12-17,2017-12-17T19:45:46Z,Frederick,Run,8114.6,5.042179,2263,2468,40.7,133.53,3.585771,7.480232,6.06,176.0,192.0,489.0,true,false,false,false,false,Frederick,Maryland,United States of America,US
13906980183,2017-12-19,2017-12-19T20:49:33Z,Frederick,Run,8119.6,5.045286,2261,2330,42.6,139.764,3.591154,7.469019,5.02,174.0,201.0,484.0,true,false,false,false,false,Frederick,Maryland,United States of America,US
13906977159,2017-12-20,2017-12-20T21:10:10Z,Frederick,Run,6553.2,4.07197,1854,1958,28.1,92.192,3.534628,7.588465,5.4,178.0,192.0,391.0,true,false,false,false,false,Frederick,Maryland,United States of America,US
13906973574,2017-12-22,2017-12-22T20:59:19Z,"Frederick / Frederick, Rivermist Park",Run,6556.6,4.074082,1826,1987,17.6,57.743,3.59069,7.469985,7.24,171.0,189.0,396.0,true,false,false,false,false,Frederick,Maryland,United States of America,US
13906967353,2017-12-23,2017-12-23T19:23:40Z,Frederick,Run,6579.6,4.088374,1811,2309,29.8,97.769,3.633131,7.382723,5.66,176.0,188.0,390.0,true,false,false,false,false,Frederick,Maryland,United States of America,US
13906984373,2017-12-26,2017-12-26T21:11:34Z,"Frederick / Frederick, Riverside Park",Run,6544.4,4.066502,1847,2026,16.8,55.118,3.543259,7.569979,4.7,176.0,186.0,393.0,true,false,false,false,false,Frederick,Maryland,United States of America,US
13906978619,2018-01-02,2018-01-02T20:45:18Z,Frederick,Run,6643.0,4.127769,1933,2340,35.3,115.814,3.436627,7.804862,4.98,175.0,194.0,407.0,true,false,false,false,false,Frederick,Maryland,United States of America,US
1799064551,2018-01-02,2018-01-02T20:45:20Z,Frederick / Frederick,Run,6646.5,4.129944,1933,2340,45.9,150.591,3.438438,7.800752,4.1,174.0,194.0,407.0,true,false,false,false,false,Frederick,Maryland,United States of America,US
1799064320,2018-01-21,2018-01-21T16:32:42Z,Frederick / Frederick,Run,508.6,0.316029,170,426,2.8,9.186,2.991765,8.965411,3.8,154.0,181.0,37.0,false,false,false,false,false,Frederick,Maryland,United States of America,US
13906975360,2018-01-21,2018-01-21T16:32:42Z,Frederick,Run,508.0,0.315657,170,426,2.6,8.53,2.988235,8.976,4.38,,,37.0,false,false,false,false,false,Frederick,Maryland,United States of America,US
1799064410,2018-01-21,2018-01-21T16:40:55Z,Frederick / Frederick,Run,430.4,0.267438,144,203,0.0,0.0,2.988889,8.974037,3.9,171.0,181.0,29.0,false,false,false,false,false,Frederick,Maryland,United States of America,US
1799064576,2018-01-23,2018-01-23T21:00:05Z,Frederick / Frederick,Run,4869.6,3.025829,1441,1658,23.8,78.084,3.37932,7.937218,4.5,173.0,201.0,309.0,false,false,false,false,false,Frederick,Maryland,United States of America,US
13906963407,2018-01-23,2018-01-23T21:00:05Z,"Frederick / Frederick, Skate Frederick",Run,4867.6,3.024586,1441,1658,19.9,65.289,3.377932,7.94048,4.44,174.0,201.0,309.0,false,false,false,false,false,Frederick,Maryland,United States of America,US
1799064631,2018-01-30,2018-01-30T21:00:28Z,"Frederick, Dearbought Park / Frederick",Run,4866.2,3.023716,1532,1561,20.8,68.241,3.176371,8.444354,4.8,179.0,199.0,312.0,false,false,false,false,false,Frederick,Maryland,United States of America,US
13906982970,2018-01-30,2018-01-30T21:00:28Z,"Frederick, Rivermist Park",Run,4865.7,3.023406,1540,1561,19.3,63.32,3.159545,8.489322,5.2,178.0,199.0,312.0,false,false,false,false,false,Frederick,Maryland,United States of America,US
1799064642,2018-02-02,2018-02-02T21:04:57Z,Frederick / Frederick,Run,4927.0,3.061496,1430,1434,23.3,76.444,3.445455,7.784865,4.6,178.0,185.0,309.0,false,false,false,false,false,Frederick,Maryland,United States of America,US
13906982869,2018-02-06,2018-02-06T20:54:07Z,"Frederick / Frederick, Skate Frederick",Run,4919.9,3.057084,1452,1547,18.6,61.024,3.388361,7.91604,4.7,177.0,184.0,297.0,false,false,false,false,false,Frederick,Maryland,United States of America,US
1799064677,2018-02-06,2018-02-06T20:54:10Z,Frederick / Frederick,Run,4918.5,3.056214,1452,1547,19.2,62.992,3.387397,7.918293,4.4,175.0,184.0,297.0,false,false,false,false,false,Frederick,Maryland,United States of America,US
13906979984,2018-02-10,2018-02-10T15:50:52Z,Frederick,Run,429.3,0.266755,146,182,0.0,0.0,2.940411,9.12199,4.0,141.0,153.0,26.0,false,false,false,false,false,Frederick,Maryland,United States of America,US
1799064599,2018-02-10,2018-02-10T15:50:54Z,Frederick / Frederick,Run,429.4,0.266817,154,180,0.0,0.0,2.788312,9.619585,3.7,144.0,153.0,26.0,false,false,false,false,false,Frederick,Maryland,United States of America,US
1799064636,2018-02-11,2018-02-11T20:46:06Z,Frederick / Frederick,Run,4929.1,3.062801,1413,1539,23.1,75.787,3.488393,7.689041,4.3,169.0,187.0,308.0,false,false,false,false,false,Frederick,Maryland,United States of America,US
13906977149,2018-02-11,2018-02-11T20:46:07Z,"Frederick / Frederick, Rivermist Park",Run,4926.1,3.060937,1413,1539,12.0,39.37,3.48627,7.693723,6.24,167.0,187.0,308.0,false,false,false,false,false,Frederick,Maryland,United States of America,US
13906973475,2018-02-21,2018-02-21T20:48:13Z,Frederick,Run,4859.1,3.019305,1484,1625,16.1,52.822,3.274326,8.191731,4.9,174.0,185.0,301.0,false,false,false,false,false,Frederick,Maryland,United States of America,US
1799064718,2018-02-21,2018-02-21T20:48:17Z,Frederick / Frederick,Run,4859.4,3.019491,1484,1625,33.2,108.924,3.274528,8.191226,4.5,173.0,185.0,301.0,false,false,false,false,false,Frederick,Maryland,United States of America,US
13906967279,2018-02-24,2018-02-24T19:47:04Z,Frederick,Run,6497.1,4.037111,1933,2195,28.6,93.832,3.361148,7.980129,4.7,174.0,187.0,407.0,true,false,false,false,false,Frederick,Maryland,United States of America,US
1799064771,2018-02-24,2018-02-24T19:47:06Z,Frederick / Frederick,Run,6497.3,4.037235,1933,2195,45.6,149.606,3.361252,7.979884,5.0,173.0,187.0,407.0,true,false,false,false,false,Frederick,Maryland,United States of America,US
1799064775,2018-02-26,2018-02-26T21:14:05Z,Frederick / Frederick,Run,4871.6,3.027072,1420,1474,40.6,133.202,3.430704,7.818336,4.6,174.0,192.0,305.0,false,false,false,false,false,Frederick,Maryland,United States of America,US
13906981718,2018-02-28,2018-02-28T21:11:06Z,Frederick,Run,6481.9,4.027666,1905,2041,26.6,87.27,3.402572,7.882978,4.66,174.0,186.0,400.0,true,false,false,false,false,Frederick,Maryland,United States of America,US
1799064743,2018-02-28,2018-02-28T21:11:08Z,Frederick / Frederick,Run,6482.7,4.028163,1905,2041,47.1,154.528,3.402992,7.882005,5.8,173.0,186.0,400.0,true,false,false,false,false,Frederick,Maryland,United States of America,US
1799064935,2018-03-03,2018-03-03T21:06:23Z,Frederick / Frederick,Run,5097.1,3.167191,1476,1532,35.8,117.454,3.45332,7.767135,4.2,163.0,181.0,314.0,true,false,false,false,false,Frederick,Maryland,United States of America,US
13906982748,2018-03-03,2018-03-03T21:06:24Z,Frederick,Run,5095.8,3.166383,1476,1532,26.1,85.63,3.452439,7.769116,4.88,161.0,181.0,314.0,true,false,false,false,false,Frederick,Maryland,United States of America,US
1799064840,2018-03-05,2018-03-05T21:19:42Z,Frederick / Frederick,Run,4873.1,3.028004,1416,1761,29.2,95.801,3.441455,7.793913,4.7,166.0,185.0,296.0,false,false,false,false,false,Frederick,Maryland,United States of America,US
13906979916,2018-03-05,2018-03-05T21:19:42Z,Frederick,Run,4870.7,3.026513,1416,1761,14.7,48.228,3.43976,7.797754,7.25,168.0,185.0,296.0,false,false,false,false,false,Frederick,Maryland,United States of America,US
1799064868,2018-03-07,2018-03-07T21:03:29Z,Frederick / Frederick,Run,4911.9,3.052113,1407,1583,34.1,111.877,3.491045,7.683201,5.2,174.0,190.0,297.0,false,false,false,false,false,Frederick,Maryland,United States of America,US
13906977066,2018-03-07,2018-03-07T21:03:29Z,Frederick,Run,4908.2,3.049814,1407,1583,21.3,69.882,3.488415,7.688993,4.9,175.0,190.0,297.0,false,false,false,false,false,Frederick,Maryland,United States of America,US
13906973246,2018-03-09,2018-03-09T21:19:46Z,Frederick,Run,4961.9,3.083182,1395,1478,13.5,44.291,3.556918,7.540911,5.9,174.0,185.0,307.0,false,false,false,false,false,Frederick,Maryland,United States of America,US
1799064857,2018-03-09,2018-03-09T21:19:49Z,Frederick / Frederick,Run,4964.5,3.084797,1395,1478,25.9,84.974,3.558781,7.536962,7.1,174.0,185.0,307.0,false,false,false,false,false,Frederick,Maryland,United States of America,US
13906966872,2018-03-11,2018-03-11T19:48:39Z,"Frederick / Frederick, Skate Frederick",Run,5500.6,3.417914,1554,1668,21.3,69.882,3.53964,7.577721,5.48,177.0,187.0,344.0,true,false,false,false,false,Frederick,Maryland,United States of America,US
1799064901,2018-03-11,2018-03-11T19:48:42Z,Frederick / Frederick,Run,5502.0,3.418784,1554,1668,22.4,73.491,3.540541,7.575792,4.5,177.0,187.0,344.0,true,false,false,false,false,Frederick,Maryland,United States of America,US
13906984134,2018-03-12,2018-03-12T20:20:22Z,Frederick,Run,4839.2,3.006939,1345,1425,18.6,61.024,3.597918,7.454978,4.74,176.0,189.0,300.0,false,false,false,false,false,Frederick,Maryland,United States of America,US
1799064878,2018-03-12,2018-03-12T20:20:28Z,Frederick / Frederick,Run,4835.3,3.004516,1345,1425,36.1,118.438,3.595019,7.460991,4.9,173.0,189.0,300.0,false,false,false,false,false,Frederick,Maryland,United States of America,US
13906981692,2018-03-15,2018-03-15T20:17:23Z,Frederick,Run,4843.1,3.009363,1370,1561,23.7,77.756,3.535109,7.587431,6.1,178.0,194.0,302.0,false,false,false,false,false,Frederick,Maryland,United States of America,US
1799065017,2018-03-15,2018-03-15T20:17:27Z,Frederick / Frederick,Run,4844.6,3.010295,1370,1561,42.5,139.436,3.536204,7.585082,4.8,174.0,194.0,302.0,false,false,false,false,false,Frederick,Maryland,United States of America,US
1799064982,2018-03-17,2018-03-17T15:00:31Z,Frederick / Frederick,Run,4880.6,3.032664,1356,1452,41.0,134.514,3.599263,7.452193,4.6,175.0,193.0,302.0,false,false,false,false,false,Frederick,Maryland,United States of America,US
13906978498,2018-03-17,2018-03-17T15:00:31Z,Frederick,Run,4877.0,3.030427,1356,1452,23.7,77.756,3.596608,7.457694,5.22,176.0,193.0,302.0,false,false,false,false,false,Frederick,Maryland,United States of America,US
1799064940,2018-03-18,2018-03-18T19:44:53Z,Frederick / Frederick,Run,5002.4,3.108347,1426,1532,20.8,68.241,3.507994,7.646078,4.5,172.0,185.0,306.0,true,false,false,false,false,Frederick,Maryland,United States of America,US
13906975365,2018-03-18,2018-03-18T19:44:53Z,Frederick,Run,5000.3,3.107042,1426,1532,18.0,59.055,3.506522,7.64929,5.3,173.0,185.0,306.0,true,false,false,false,false,Frederick,Maryland,United States of America,US
1799064945,2018-03-22,2018-03-22T20:18:01Z,Frederick / Frederick,Run,2864.9,1.780166,812,901,13.8,45.276,3.528202,7.602286,4.6,180.0,188.0,184.0,false,false,false,false,false,Frederick,Maryland,United States of America,US
13906971471,2018-03-22,2018-03-22T20:18:01Z,Frederick,Run,2864.5,1.779918,812,901,10.6,34.777,3.527709,7.603347,4.96,183.0,188.0,184.0,false,false,false,false,false,Frederick,Maryland,United States of America,US
13906963158,2018-03-22,2018-03-22T20:33:01Z,Frederick,Run,1675.1,1.040859,469,514,4.0,13.123,3.571642,7.509824,5.4,168.0,182.0,102.0,false,false,false,false,false,Frederick,Maryland,United States of America,US
1799064871,2018-03-22,2018-03-22T20:33:02Z,Frederick / Frederick,Run,1676.7,1.041853,469,514,10.7,35.105,3.575053,7.502657,4.3,170.0,182.0,102.0,false,false,false,false,false,Frederick,Maryland,United States of America,US
13906982984,2018-03-24,2018-03-24T15:02:58Z,Frederick,Run,6537.7,4.062338,1846,2303,26.9,88.255,3.541549,7.573635,4.7,179.0,200.0,409.0,true,false,false,false,false,Frederick,Maryland,United States of America,US
1799065030,2018-03-24,2018-03-24T15:03:00Z,Frederick / Frederick,Run,6538.3,4.062711,1846,2303,45.6,149.606,3.541874,7.57294,5.3,177.0,200.0,409.0,true,false,false,false,false,Frederick,Maryland,United States of America,US
13906980199,2018-03-26,2018-03-26T19:54:45Z,"Frederick / Frederick, Riverside Park",Run,6520.9,4.051899,1815,2119,16.8,55.118,3.592782,7.465634,6.3,173.0,193.0,401.0,true,false,false,false,false,Frederick,Maryland,United States of America,US
1799065005,2018-03-26,2018-03-26T19:54:46Z,Frederick / Frederick,Run,6524.5,4.054136,1815,2119,28.1,92.192,3.594766,7.461515,5.5,172.0,193.0,401.0,true,false,false,false,false,Frederick,Maryland,United States of America,US
1799064943,2018-04-04,2018-04-04T20:12:12Z,Frederick / Frederick,Run,2579.2,1.602641,755,837,9.5,31.168,3.416159,7.851625,4.5,174.0,186.0,171.0,false,false,false,false,false,Frederick,Maryland,United States of America,US
13906978390,2018-04-04,2018-04-04T20:26:36Z,"Frederick, Rivermist Park",Run,2533.5,1.574244,747,750,11.5,37.73,3.391566,7.908558,4.8,165.0,183.0,161.0,false,false,false,false,false,Frederick,Maryland,United States of America,US
1799064965,2018-04-04,2018-04-04T20:26:37Z,"Frederick, Dearbought Park / Frederick, Dearbought Park",Run,2533.8,1.57443,748,748,16.0,52.493,3.387433,7.918208,4.4,167.0,183.0,161.0,false,false,false,false,false,Frederick,Maryland,United States of America,US
13906975361,2018-04-07,2018-04-07T18:21:15Z,"Frederick / Frederick, Riverside Park",Run,6545.2,4.066999,1786,1970,17.0,55.774,3.664726,7.319074,5.38,174.0,192.0,434.0,true,false,false,false,false,Frederick,Maryland,United States of America,US
1799065081,2018-04-07,2018-04-07T18:21:17Z,Frederick / Frederick,Run,6547.8,4.068614,1786,1970,26.4,86.614,3.666181,7.316168,5.5,173.0,192.0,434.0,true,false,false,false,false,Frederick,Maryland,United States of America,US
1799065127,2018-04-09,2018-04-09T09:30:03Z,Frederick / Frederick,Run,6600.0,4.10105,1893,2049,49.6,162.73,3.486529,7.693152,4.5,173.0,201.0,428.0,true,false,false,false,false,Frederick,Maryland,United States of America,US
13906971407,2018-04-09,2018-04-09T09:30:03Z,Frederick,Run,6599.9,4.100988,1893,2049,28.3,92.848,3.486476,7.693269,5.06,173.0,201.0,428.0,true,false,false,false,false,Frederick,Maryland,United States of America,US
13906962951,2018-04-10,2018-04-10T09:52:17Z,Frederick,Run,6588.0,4.093593,1843,2022,22.8,74.803,3.574607,7.503595,4.94,177.0,198.0,426.0,true,false,false,false,false,Frederick,Maryland,United States of America,US
1799065129,2018-04-10,2018-04-10T09:52:18Z,Frederick / Frederick,Run,6591.8,4.095955,1843,2022,46.5,152.559,3.576668,7.499269,4.5,172.0,198.0,426.0,true,false,false,false,false,Frederick,Maryland,United States of America,US
13906982870,2018-04-13,2018-04-13T09:43:08Z,Frederick,Run,6587.3,4.093158,1864,1991,28.2,92.52,3.533959,7.589901,5.0,175.0,187.0,424.0,true,false,false,false,false,Frederick,Maryland,United States of America,US
1799065140,2018-04-13,2018-04-13T09:43:10Z,Frederick / Frederick,Run,6588.1,4.093656,1864,1991,43.4,142.388,3.534388,7.588979,4.9,176.0,187.0,424.0,true,false,false,false,false,Frederick,Maryland,United States of America,US
13906980058,2018-04-15,2018-04-15T10:23:10Z,"Frederick / Frederick, Riverside Park",Run,6520.1,4.051402,1843,1928,27.0,88.583,3.537765,7.581737,5.12,171.0,201.0,424.0,true,false,false,false,false,Frederick,Maryland,United States of America,US
1799065076,2018-04-15,2018-04-15T10:23:12Z,Frederick / Frederick,Run,6520.9,4.051899,1843,1928,49.8,163.386,3.538199,7.580807,5.0,172.0,200.0,424.0,true,false,false,false,false,Frederick,Maryland,United States of America,US
1799065105,2018-04-17,2018-04-17T10:03:30Z,Frederick / Frederick,Run,6546.7,4.067931,1837,2057,45.5,149.278,3.5638,7.526349,4.8,175.0,190.0,431.0,true,false,false,false,false,Frederick,Maryland,United States of America,US
13906973473,2018-04-19,2018-04-19T13:39:31Z,"Frederick / Frederick, Riverside Park",Run,6524.3,4.054012,1760,1886,17.3,56.759,3.706989,7.23563,5.8,175.0,197.0,427.0,true,false,false,false,false,Frederick,Maryland,United States of America,US
1799065131,2018-04-19,2018-04-19T13:39:33Z,Frederick / Frederick,Run,6525.8,4.054944,1760,1886,35.2,115.486,3.707841,7.233967,4.7,175.0,197.0,427.0,true,false,false,false,false,Frederick,Maryland,United States of America,US
13906967086,2018-04-21,2018-04-21T10:18:17Z,"Frederick / Frederick, Riverside Park",Run,6572.3,4.083838,1793,2327,16.8,55.118,3.665533,7.317463,5.5,172.0,192.0,432.0,true,false,false,false,false,Frederick,Maryland,United States of America,US
1799065181,2018-04-21,2018-04-21T10:18:19Z,Frederick / Frederick,Run,6572.5,4.083962,1793,2327,28.0,91.864,3.665644,7.317241,4.7,168.0,192.0,432.0,true,false,false,false,false,Frederick,Maryland,United States of America,US
1799065171,2018-04-23,2018-04-23T10:20:46Z,Frederick / Frederick,Run,6575.7,4.085951,1835,2096,42.9,140.748,3.583488,7.484998,4.8,174.0,185.0,436.0,true,false,false,false,false,Frederick,Maryland,United States of America,US
1799065276,2018-04-24,2018-04-24T09:50:58Z,Frederick / Frederick,Run,6790.7,4.219545,1948,1951,54.2,177.822,3.485986,7.694352,4.5,171.0,187.0,443.0,true,false,false,false,false,Frederick,Maryland,United States of America,US
1799065178,2018-04-30,2018-04-30T10:03:34Z,Frederick / Frederick,Run,6617.3,4.1118,1868,1974,60.9,199.803,3.542452,7.571705,4.6,175.0,192.0,434.0,true,false,false,false,false,Frederick,Maryland,United States of America,US
1799065247,2018-05-01,2018-05-01T10:03:43Z,Frederick / Frederick,Run,6618.6,4.112607,1828,1993,34.4,112.861,3.620678,7.408115,5.2,152.0,196.0,424.0,true,false,false,false,false,Frederick,Maryland,United States of America,US
13906979936,2018-05-01,2018-05-01T10:03:43Z,"Frederick / Frederick, Riverside Park",Run,6618.0,4.112235,1828,1993,16.8,55.118,3.62035,7.408786,6.1,169.0,196.0,424.0,true,false,false,false,false,Frederick,Maryland,United States of America,US
13906976944,2018-05-04,2018-05-04T09:49:32Z,"Frederick / Frederick, Riverside Park",Run,6569.1,4.081849,1807,2041,16.8,55.118,3.635362,7.378191,7.96,167.0,194.0,420.0,true,false,false,false,false,Frederick,Maryland,United States of America,US
1799065241,2018-05-04,2018-05-04T09:49:34Z,Frederick / Frederick,Run,6572.5,4.083962,1807,2041,28.3,92.848,3.637244,7.374375,4.3,170.0,194.0,420.0,true,false,false,false,false,Frederick,Maryland,United States of America,US
1799065193,2018-05-06,2018-05-06T18:50:05Z,Frederick / Frederick,Run,5065.5,3.147556,1430,1434,40.4,132.546,3.542308,7.572013,4.8,175.0,193.0,318.0,true,false,false,false,false,Frederick,Maryland,United States of America,US
13906966905,2018-05-07,2018-05-07T10:02:57Z,Frederick,Run,6538.8,4.063022,1818,2102,27.3,89.567,3.5967,7.457503,5.12,178.0,197.0,416.0,true,false,false,false,false,Frederick,Maryland,United States of America,US
1799065219,2018-05-07,2018-05-07T10:02:59Z,Frederick / Frederick,Run,6542.6,4.065383,1818,2102,46.3,151.903,3.59879,7.453172,4.2,170.0,197.0,416.0,true,false,false,false,false,Frederick,Maryland,United States of America,US
1799065231,2018-05-12,2018-05-12T14:02:01Z,Frederick / Frederick,Run,8214.4,5.104192,2318,2668,65.7,215.551,3.543745,7.568943,4.6,174.0,195.0,517.0,true,false,false,false,false,Frederick,Maryland,United States of America,US
13906981478,2018-05-14,2018-05-14T20:14:33Z,Frederick,Run,5005.0,3.109963,1421,1515,22.6,74.147,3.522167,7.615311,4.78,178.0,193.0,307.0,true,false,false,false,false,Frederick,Maryland,United States of America,US
1799065185,2018-05-14,2018-05-14T20:14:36Z,Frederick / Frederick,Run,5007.9,3.111765,1421,1515,39.0,127.953,3.524208,7.610901,4.1,177.0,194.0,307.0,true,false,false,false,false,Frederick,Maryland,United States of America,US
1799065259,2018-05-17,2018-05-17T20:40:00Z,Frederick / Frederick,Run,6507.0,4.043262,1841,1980,49.7,163.058,3.534492,7.588756,5.5,176.0,200.0,412.0,true,false,false,false,false,Frederick,Maryland,United States of America,US
13906978521,2018-05-17,2018-05-17T20:40:00Z,Frederick,Run,6504.6,4.041771,1841,1980,28.4,93.176,3.533188,7.591556,5.06,175.0,200.0,412.0,true,false,false,false,false,Frederick,Maryland,United States of America,US
1799065305,2018-05-19,2018-05-19T19:15:00Z,Frederick / Frederick,Run,8103.2,5.035095,2260,2540,68.5,224.738,3.585487,7.480825,4.8,179.0,197.0,510.0,true,false,false,false,false,Frederick,Maryland,United States of America,US
13906975367,2018-05-19,2018-05-19T19:15:00Z,Frederick,Run,8101.0,5.033728,2260,2540,35.2,115.486,3.584513,7.482857,5.38,180.0,197.0,510.0,true,false,false,false,false,Frederick,Maryland,United States of America,US
13906971372,2018-05-20,2018-05-20T16:41:20Z,Frederick,Run,4917.6,3.055655,1415,1695,18.8,61.68,3.475336,7.717931,6.4,176.0,189.0,318.0,false,false,false,false,false,Frederick,Maryland,United States of America,US
1799065275,2018-05-20,2018-05-20T16:41:22Z,Frederick / Frederick,Run,4918.8,3.056401,1415,1695,42.5,139.436,3.476184,7.716048,4.7,175.0,189.0,318.0,false,false,false,false,false,Frederick,Maryland,United States of America,US
13906963184,2018-05-24,2018-05-24T20:34:52Z,"Frederick / Frederick, Riverside Park",Run,4911.9,3.052113,1400,1502,12.9,42.323,3.5085,7.644976,5.22,174.0,185.0,310.0,false,false,false,false,false,Frederick,Maryland,United States of America,US
1799065298,2018-05-24,2018-05-24T20:34:55Z,Frederick / Frederick,Run,4913.1,3.052859,1400,1502,24.9,81.693,3.509357,7.643109,4.6,176.0,185.0,310.0,false,false,false,false,false,Frederick,Maryland,United States of America,US
13906982910,2018-05-26,2018-05-26T12:43:16Z,Frederick,Run,6463.3,4.016108,1805,2277,27.1,88.911,3.580776,7.490668,6.78,176.0,188.0,407.0,true,false,false,false,false,Frederick,Maryland,United States of America,US
1799065293,2018-05-26,2018-05-26T12:43:19Z,Frederick / Frederick,Run,6464.1,4.016606,1805,2277,51.2,167.979,3.581219,7.489741,4.3,175.0,188.0,407.0,true,false,false,false,false,Frederick,Maryland,United States of America,US
13906980044,2018-05-28,2018-05-28T15:03:30Z,Frederick,Run,3229.3,2.006594,885,891,14.1,46.26,3.648927,7.350765,6.02,175.0,189.0,192.0,false,false,false,false,false,Frederick,Maryland,United States of America,US
1799065232,2018-05-28,2018-05-28T15:03:33Z,Frederick / Frederick,Run,3231.5,2.007961,888,888,20.8,68.241,3.639077,7.370661,4.8,175.0,189.0,192.0,false,false,false,false,false,Frederick,Maryland,United States of America,US
13906977139,2018-05-28,2018-05-28T15:20:15Z,Frederick,Run,3292.3,2.04574,902,952,15.2,49.869,3.65,7.348603,4.72,177.0,201.0,203.0,false,false,false,false,false,Frederick,Maryland,United States of America,US
1799065283,2018-05-28,2018-05-28T15:20:16Z,Frederick / Frederick,Run,3293.2,2.0463,902,952,22.8,74.803,3.650998,7.346594,4.8,179.0,201.0,203.0,false,false,false,false,false,Frederick,Maryland,United States of America,US
13906971304,2018-06-02,2018-06-02T17:56:33Z,Frederick,Run,6462.9,4.01586,1828,2069,36.2,118.766,3.535503,7.586586,5.82,179.0,191.0,409.0,true,false,false,false,false,Frederick,Maryland,United States of America,US
1799065406,2018-06-02,2018-06-02T17:56:36Z,Frederick / Frederick,Run,6462.4,4.015549,1828,2069,38.9,127.625,3.53523,7.587173,4.7,179.0,191.0,409.0,true,false,false,false,false,Frederick,Maryland,United States of America,US
1799065430,2018-06-07,2018-06-07T20:24:34Z,Frederick / Frederick,Run,6470.2,4.020396,1867,2596,48.9,160.433,3.46556,7.739702,4.4,175.0,187.0,409.0,true,false,false,false,false,Frederick,Maryland,United States of America,US
13906962875,2018-06-07,2018-06-07T20:24:34Z,Frederick,Run,6466.5,4.018097,1867,2596,39.0,127.953,3.463578,7.744131,6.02,176.0,187.0,409.0,true,false,false,false,false,Frederick,Maryland,United States of America,US
1799065397,2018-06-09,2018-06-09T17:49:28Z,Frederick / Frederick,Run,4910.7,3.051368,1394,1748,43.7,143.373,3.52274,7.614072,4.2,178.0,190.0,296.0,false,false,false,false,false,Frederick,Maryland,United States of America,US
13906982743,2018-06-09,2018-06-09T17:49:28Z,Frederick,Run,4910.1,3.050995,1394,1748,20.4,66.929,3.52231,7.615003,5.6,178.0,190.0,296.0,false,false,false,false,false,Frederick,Maryland,United States of America,US
1799065435,2018-06-12,2018-06-12T20:27:23Z,Frederick / Frederick,Run,4860.4,3.020113,1370,1595,36.5,119.751,3.547737,7.560425,4.5,171.0,186.0,300.0,false,false,false,false,false,Frederick,Maryland,United States of America,US
1799065360,2018-06-17,2018-06-17T18:09:44Z,Frederick / Frederick,Run,5055.0,3.141031,1406,1706,34.6,113.517,3.595306,7.460395,4.5,171.0,191.0,312.0,true,false,false,false,false,Frederick,Maryland,United States of America,US
13906977062,2018-06-17,2018-06-17T18:09:44Z,Frederick,Run,5054.7,3.140845,1406,1706,20.0,65.617,3.595092,7.460837,8.66,172.0,191.0,312.0,true,false,false,false,false,Frederick,Maryland,United States of America,US
13906973580,2018-06-20,2018-06-20T20:21:35Z,Frederick,Run,5009.6,3.112821,1446,1646,19.7,64.633,3.464454,7.742173,4.7,177.0,185.0,321.0,true,false,false,false,false,Frederick,Maryland,United States of America,US
1799065375,2018-06-20,2018-06-20T20:21:38Z,Frederick / Frederick,Run,5010.4,3.113318,1446,1646,36.6,120.079,3.465007,7.740937,4.5,176.0,185.0,321.0,true,false,false,false,false,Frederick,Maryland,United States of America,US
1799065508,2018-06-23,2018-06-23T14:22:11Z,Frederick / Frederick,Run,4888.0,3.037262,1351,1455,30.2,99.081,3.618061,7.413474,4.9,177.0,195.0,313.0,false,false,false,false,false,Frederick,Maryland,United States of America,US
13906966859,2018-06-23,2018-06-23T14:22:11Z,"Frederick / Frederick, Skate Frederick",Run,4889.9,3.038443,1351,1455,26.2,85.958,3.619467,7.410594,6.0,176.0,195.0,313.0,false,false,false,false,false,Frederick,Maryland,United States of America,US
1799065414,2018-06-24,2018-06-24T18:08:03Z,Frederick / Frederick,Run,4886.6,3.036392,1429,1750,27.4,89.895,3.419594,7.843738,4.3,172.0,185.0,311.0,false,false,false,false,false,Frederick,Maryland,United States of America,US
1799065450,2018-06-26,2018-06-26T20:32:19Z,"Frederick / Frederick, Dearbought Park",Run,4912.0,3.052175,1343,1468,23.2,76.115,3.657483,7.333567,4.6,178.0,197.0,313.0,false,false,false,false,false,Frederick,Maryland,United States of America,US
13906981457,2018-06-26,2018-06-26T20:32:19Z,"Frederick / Frederick, Rivermist Park",Run,4908.9,3.050249,1343,1468,12.5,41.01,3.655175,7.338199,5.38,179.0,197.0,313.0,false,false,false,false,false,Frederick,Maryland,United States of America,US
1799065473,2018-06-29,2018-06-29T14:53:26Z,Frederick / Frederick,Run,4909.9,3.05087,1370,1566,24.0,78.74,3.583869,7.484203,4.3,173.0,190.0,305.0,false,false,false,false,false,Frederick,Maryland,United States of America,US
13906975461,2018-06-30,2018-06-30T14:25:56Z,"Frederick / Frederick, Riverside Park",Run,4950.7,3.076222,1383,1654,12.0,39.37,3.579682,7.492956,5.32,173.0,194.0,309.0,false,false,false,false,false,Frederick,Maryland,United States of America,US
1799065454,2018-06-30,2018-06-30T14:25:59Z,Frederick / Frederick,Run,4952.7,3.077465,1383,1654,24.2,79.396,3.581128,7.489931,4.3,174.0,194.0,309.0,false,false,false,false,false,Frederick,Maryland,United States of America,US
13906979925,2018-07-01,2018-07-01T17:18:51Z,"Frederick / Frederick, Riverside Park",Run,5125.8,3.185024,1416,1507,12.1,39.698,3.619915,7.409676,5.78,174.0,185.0,320.0,true,false,false,false,false,Frederick,Maryland,United States of America,US
1799065483,2018-07-01,2018-07-01T17:18:54Z,Frederick / Frederick,Run,5127.3,3.185957,1416,1507,23.3,76.444,3.620975,7.407509,4.7,175.0,185.0,320.0,true,false,false,false,false,Frederick,Maryland,United States of America,US
1799065469,2018-07-04,2018-07-04T14:15:36Z,Frederick / Frederick,Run,5086.8,3.160791,1384,1552,24.3,79.724,3.675434,7.297751,4.4,178.0,190.0,314.0,true,false,false,false,false,Frederick,Maryland,United States of America,US
13906976830,2018-07-04,2018-07-04T14:15:37Z,"Frederick / Frederick, Riverside Park",Run,5084.0,3.159051,1384,1552,12.0,39.37,3.67341,7.301771,5.4,179.0,190.0,314.0,true,false,false,false,false,Frederick,Maryland,United States of America,US
1799065601,2018-07-08,2018-07-08T18:23:09Z,Frederick / Frederick,Run,6515.3,4.04842,1856,2015,43.4,142.388,3.510399,7.640841,4.5,176.0,191.0,410.0,true,false,false,false,false,Frederick,Maryland,United States of America,US
13906973161,2018-07-08,2018-07-08T18:23:09Z,Frederick,Run,6513.5,4.047301,1856,2015,26.7,87.598,3.509429,7.642953,4.92,176.0,191.0,410.0,true,false,false,false,false,Frederick,Maryland,United States of America,US
13906966614,2018-07-10,2018-07-10T20:24:49Z,Frederick,Run,6495.4,4.036054,1915,2597,47.3,155.184,3.391854,7.907888,5.2,180.0,192.0,418.0,true,false,false,false,false,Frederick,Maryland,United States of America,US
1799065633,2018-07-10,2018-07-10T20:24:52Z,Frederick / Frederick,Run,6498.0,4.03767,1915,2597,45.0,147.638,3.393211,7.904724,5.1,176.0,203.0,418.0,true,false,false,false,false,Frederick,Maryland,United States of America,US
13906984058,2018-07-14,2018-07-14T11:37:00Z,Frederick,Run,9722.9,6.04153,2722,3011,69.4,227.69,3.571969,7.509135,6.16,176.0,197.0,611.0,true,false,false,false,false,Frederick,Maryland,United States of America,US
1799065620,2018-07-14,2018-07-14T11:37:03Z,Frederick / Frederick,Run,9727.2,6.044202,2722,3011,83.2,272.966,3.573549,7.505816,4.9,175.0,197.0,611.0,true,false,false,false,false,Frederick,Maryland,United States of America,US
1799065593,2018-07-16,2018-07-16T10:39:18Z,Frederick / Frederick,Run,4938.5,3.068642,1351,1354,42.1,138.123,3.65544,7.337666,4.7,176.0,194.0,304.0,false,false,false,false,false,Frederick,Maryland,United States of America,US
1799065613,2018-07-17,2018-07-17T10:48:01Z,Frederick / Frederick,Run,4873.8,3.028439,1348,1441,40.4,132.546,3.615579,7.418564,4.6,173.0,194.0,305.0,false,false,false,false,false,Frederick,Maryland,United States of America,US
13906978506,2018-07-17,2018-07-17T10:48:01Z,Frederick,Run,4872.6,3.027693,1348,1441,23.9,78.412,3.614688,7.420391,5.16,173.0,194.0,305.0,false,false,false,false,false,Frederick,Maryland,United States of America,US
13906975362,2018-07-18,2018-07-18T10:29:44Z,Frederick,Run,4919.3,3.056711,1346,1429,22.4,73.491,3.654755,7.339042,5.1,177.0,185.0,304.0,false,false,false,false,false,Frederick,Maryland,United States of America,US
1799065623,2018-07-18,2018-07-18T10:29:45Z,Frederick / Frederick,Run,4922.4,3.058638,1346,1429,34.6,113.517,3.657058,7.33442,4.8,164.0,185.0,304.0,false,false,false,false,false,Frederick,Maryland,United States of America,US
13906971401,2018-07-20,2018-07-20T10:50:07Z,"Frederick / Frederick, Skate Frederick",Run,4945.5,3.072991,1342,1417,20.9,68.57,3.685171,7.278467,5.34,180.0,203.0,306.0,false,false,false,false,false,Frederick,Maryland,United States of America,US
1799065677,2018-07-20,2018-07-20T10:50:08Z,Frederick / Frederick,Run,4946.5,3.073613,1342,1417,25.1,82.349,3.685917,7.276996,4.6,180.0,203.0,306.0,false,false,false,false,false,Frederick,Maryland,United States of America,US
1799065680,2018-07-22,2018-07-22T11:45:56Z,Frederick / Frederick,Run,8153.1,5.066101,2256,2477,65.6,215.223,3.613963,7.421881,4.9,174.0,193.0,514.0,true,false,false,false,false,Frederick,Maryland,United States of America,US
13906982848,2018-07-25,2018-07-25T11:09:13Z,Frederick,Run,4920.7,3.057581,1377,1384,22.3,73.163,3.573493,7.505933,4.84,178.0,194.0,307.0,false,false,false,false,false,Frederick,Maryland,United States of America,US
1799065651,2018-07-25,2018-07-25T11:09:16Z,Frederick / Frederick,Run,4922.2,3.058513,1371,1378,36.8,120.735,3.590226,7.47095,4.3,178.0,194.0,307.0,false,false,false,false,false,Frederick,Maryland,United States of America,US
1799065649,2018-07-26,2018-07-26T10:45:38Z,Frederick / Frederick,Run,4945.1,3.072743,1433,1510,28.7,94.16,3.450872,7.772643,4.5,177.0,185.0,306.0,false,false,false,false,false,Frederick,Maryland,United States of America,US
13906980033,2018-07-26,2018-07-26T10:45:38Z,"Frederick / Frederick, Skate Frederick",Run,4944.4,3.072308,1433,1510,22.3,73.163,3.450384,7.773744,5.8,177.0,185.0,306.0,false,false,false,false,false,Frederick,Maryland,United States of America,US
13906977078,2018-07-27,2018-07-27T10:57:10Z,Frederick,Run,4880.7,3.032726,1372,1410,23.2,76.115,3.557362,7.53997,5.8,176.0,186.0,304.0,false,false,false,false,false,Frederick,Maryland,United States of America,US
1799065684,2018-07-27,2018-07-27T10:57:12Z,Frederick / Frederick,Run,4881.7,3.033348,1372,1410,38.2,125.328,3.55809,7.538426,4.8,175.0,186.0,304.0,false,false,false,false,false,Frederick,Maryland,United States of America,US
1799065871,2018-07-29,2018-07-29T11:12:30Z,Frederick / Frederick,Run,11339.7,7.046163,3164,3666,98.6,323.491,3.583976,7.483979,4.6,172.0,191.0,720.0,true,true,false,false,false,Frederick,Maryland,United States of America,US
13906973607,2018-07-29,2018-07-29T11:12:30Z,Frederick,Run,11338.0,7.045107,3164,3666,91.8,301.181,3.583439,7.485101,5.74,175.0,191.0,720.0,true,true,false,false,false,Frederick,Maryland,United States of America,US
13906975052,2018-08-03,2018-08-03T10:52:17Z,Frederick,Run,4954.9,3.078832,1410,1442,19.9,65.289,3.514113,7.632764,5.14,166.0,193.0,306.0,false,false,false,false,false,Frederick,Maryland,United States of America,US
1798534771,2018-08-03,2018-08-03T10:52:21Z,Frederick / Frederick,Run,4955.7,3.079329,1410,1442,34.0,111.549,3.514681,7.631532,4.7,168.0,193.0,306.0,false,false,false,false,false,Frederick,Maryland,United States of America,US
1798534866,2018-08-05,2018-08-05T11:22:11Z,Frederick / Frederick,Run,12926.3,8.03203,3722,4162,70.9,232.612,3.472945,7.723244,4.7,173.0,187.0,804.0,true,true,false,false,false,Frederick,Maryland,United States of America,US
13906962863,2018-08-07,2018-08-07T10:41:37Z,"Frederick / Frederick, Skate Frederick",Run,4912.2,3.0523,1397,1439,25.8,84.646,3.516249,7.628128,4.6,178.0,190.0,306.0,false,false,false,false,false,Frederick,Maryland,United States of America,US
1798534680,2018-08-07,2018-08-07T10:41:39Z,Frederick / Frederick,Run,4912.2,3.0523,1397,1439,24.3,79.724,3.516249,7.628128,4.2,176.0,192.0,306.0,false,false,false,false,false,Frederick,Maryland,United States of America,US
13906982732,2018-08-09,2018-08-09T10:53:21Z,Frederick,Run,4900.6,3.045092,1333,1340,21.0,68.898,3.676369,7.295894,5.06,178.0,191.0,303.0,false,false,false,false,false,Frederick,Maryland,United States of America,US
1798534651,2018-08-09,2018-08-09T10:53:23Z,Frederick / Frederick,Run,4900.7,3.045154,1333,1337,38.2,125.328,3.676444,7.295745,4.5,178.0,191.0,303.0,false,false,false,false,false,Frederick,Maryland,United States of America,US
13906979926,2018-08-10,2018-08-10T10:55:54Z,"Frederick / Frederick, Skate Frederick",Run,4912.0,3.052175,1409,1488,26.6,87.27,3.48616,7.693966,4.76,168.0,183.0,306.0,false,false,false,false,false,Frederick,Maryland,United States of America,US
1798534637,2018-08-10,2018-08-10T10:55:57Z,Frederick / Frederick,Run,4912.0,3.052175,1409,1488,24.1,79.068,3.48616,7.693966,4.4,170.0,185.0,306.0,false,false,false,false,false,Frederick,Maryland,United States of America,US
1798534647,2018-08-13,2018-08-13T11:00:42Z,Frederick / Frederick,Run,4926.9,3.061434,1341,1348,34.8,114.173,3.674049,7.300501,4.6,180.0,193.0,300.0,false,false,false,false,false,Frederick,Maryland,United States of America,US
13906973252,2018-08-15,2018-08-15T10:55:13Z,"Frederick / Frederick, Skate Frederick",Run,4918.2,3.056028,1383,1429,22.8,74.803,3.556182,7.542471,5.58,178.0,197.0,302.0,false,false,false,false,false,Frederick,Maryland,United States of America,US
1798534600,2018-08-15,2018-08-15T10:55:16Z,Frederick / Frederick,Run,4919.9,3.057084,1383,1429,25.5,83.661,3.557411,7.539864,4.5,178.0,197.0,302.0,false,false,false,false,false,Frederick,Maryland,United States of America,US
13906966801,2018-08-17,2018-08-17T10:50:02Z,Frederick,Run,4888.3,3.037449,1337,1340,23.6,77.428,3.656171,7.3362,5.6,176.0,186.0,298.0,false,false,false,false,false,Frederick,Maryland,United States of America,US
1798534558,2018-08-17,2018-08-17T10:50:04Z,Frederick / Frederick,Run,4890.8,3.039002,1338,1338,38.6,126.64,3.655306,7.337935,4.5,175.0,186.0,298.0,false,false,false,false,false,Frederick,Maryland,United States of America,US
1798534653,2018-08-21,2018-08-21T09:49:24Z,Virginia Beach / Virginia Beach,Run,6508.8,4.044381,1779,2086,6.0,19.685,3.658685,7.331159,5.3,174.0,210.0,409.0,true,false,false,false,false,Virginia Beach,Virginia,United States of America,US
13906981466,2018-08-25,2018-08-25T11:12:56Z,"Frederick / Frederick, Skate Frederick",Run,4920.8,3.057643,1368,1371,18.9,62.008,3.597076,7.456723,5.84,183.0,199.0,309.0,false,false,false,false,false,Frederick,Maryland,United States of America,US
1798534595,2018-08-25,2018-08-25T11:12:57Z,Frederick / Frederick,Run,4922.4,3.058638,1362,1369,16.3,53.478,3.614097,7.421605,4.7,182.0,199.0,309.0,false,false,false,false,false,Frederick,Maryland,United States of America,US
13906978709,2018-08-26,2018-08-26T10:57:30Z,Frederick,Run,11427.7,7.100844,3149,3671,79.2,259.843,3.628993,7.391141,4.94,177.0,197.0,725.0,true,true,false,false,false,Frederick,Maryland,United States of America,US
1798534722,2018-08-26,2018-08-26T10:57:33Z,Frederick / Frederick,Run,11428.0,7.10103,3149,3671,74.5,244.423,3.629089,7.390947,4.3,177.0,197.0,725.0,true,true,false,false,false,Frederick,Maryland,United States of America,US
13906975354,2018-08-29,2018-08-29T10:59:20Z,Frederick,Run,4904.9,3.047764,1355,1628,20.0,65.617,3.619852,7.409805,7.22,171.0,185.0,313.0,false,false,false,false,false,Frederick,Maryland,United States of America,US
1805087329,2018-08-29,2018-08-29T10:59:22Z,Frederick / Frederick,Run,4908.5,3.05,1355,1628,32.9,107.94,3.622509,7.40437,6.8,168.0,185.0,313.0,false,false,false,false,false,Frederick,Maryland,United States of America,US
13906971522,2018-08-30,2018-08-30T10:57:30Z,Frederick,Run,4871.9,3.027258,1350,1586,22.2,72.835,3.608815,7.432468,6.52,166.0,185.0,306.0,false,false,false,false,false,Frederick,Maryland,United States of America,US
1807286847,2018-08-30,2018-08-30T10:57:31Z,Frederick / Frederick,Run,4873.2,3.028066,1350,1586,34.6,113.517,3.609778,7.430485,4.8,169.0,185.0,306.0,false,false,false,false,false,Frederick,Maryland,United States of America,US
13906973304,2018-09-02,2018-09-02T11:23:23Z,"Frederick / Frederick, Mullinix Park",Run,14616.5,9.082272,4065,4518,65.0,213.255,3.595695,7.459587,6.14,177.0,192.0,922.0,true,true,false,false,false,Frederick,Maryland,United States of America,US
1814226231,2018-09-02,2018-09-02T11:23:27Z,"Frederick / Frederick, Mullinix Park",Run,14616.9,9.082521,4065,4518,67.0,219.816,3.595793,7.459383,4.7,177.0,192.0,922.0,true,true,false,false,false,Frederick,Maryland,United States of America,US
13906966429,2018-09-04,2018-09-04T10:47:08Z,"Frederick / Frederick, Riverside Park",Run,4926.7,3.061309,1359,1359,12.5,41.01,3.625239,7.398795,5.24,176.0,203.0,310.0,false,false,false,false,false,Frederick,Maryland,United States of America,US
1818422256,2018-09-04,2018-09-04T10:47:12Z,Frederick / Frederick,Run,4927.0,3.061496,1355,1355,21.5,70.538,3.636162,7.376568,5.8,175.0,203.0,310.0,false,false,false,false,false,Frederick,Maryland,United States of America,US
13906984023,2018-09-06,2018-09-06T10:52:55Z,Frederick,Run,4934.9,3.066405,1335,1486,22.6,74.147,3.696554,7.256055,5.12,176.0,187.0,307.0,false,false,false,false,false,Frederick,Maryland,United States of America,US
1823074290,2018-09-06,2018-09-06T10:52:57Z,Frederick / Frederick,Run,4936.2,3.067212,1335,1486,35.8,117.454,3.697528,7.254144,5.1,175.0,187.0,307.0,false,false,false,false,false,Frederick,Maryland,United States of America,US
13906981477,2018-09-07,2018-09-07T10:55:33Z,"Frederick / Frederick, Skate Frederick",Run,4970.8,3.088712,1367,1371,24.5,80.381,3.636284,7.376322,4.96,178.0,191.0,310.0,false,false,false,false,false,Frederick,Maryland,United States of America,US
1825036119,2018-09-07,2018-09-07T10:55:36Z,Frederick / Frederick,Run,4971.3,3.089023,1367,1367,28.0,91.864,3.63665,7.37558,4.9,177.0,191.0,310.0,false,false,false,false,false,Frederick,Maryland,United States of America,US
13906978392,2018-09-12,2018-09-12T14:44:42Z,Frederick,Run,4918.9,3.056463,1359,1466,23.7,77.756,3.6195,7.410527,5.26,183.0,195.0,315.0,false,false,false,false,false,Frederick,Maryland,United States of America,US
1837004787,2018-09-12,2018-09-12T14:44:44Z,Frederick / Frederick,Run,4919.4,3.056773,1359,1466,38.6,126.64,3.619868,7.409774,4.7,179.0,195.0,315.0,false,false,false,false,false,Frederick,Maryland,United States of America,US
13906975259,2018-09-14,2018-09-14T10:57:47Z,Frederick,Run,4898.4,3.043725,1344,1347,21.2,69.554,3.644643,7.359404,4.96,176.0,194.0,306.0,false,false,false,false,false,Frederick,Maryland,United States of America,US
1840696266,2018-09-14,2018-09-14T10:57:48Z,Frederick / Frederick,Run,4899.1,3.04416,1342,1347,33.8,110.892,3.650596,7.347403,4.7,176.0,194.0,306.0,false,false,false,false,false,Frederick,Maryland,United States of America,US
13906971487,2018-09-16,2018-09-16T11:41:32Z,Frederick,Run,13126.0,8.156118,3707,5488,71.3,233.924,3.540869,7.57509,6.08,175.0,194.0,850.0,true,true,false,false,false,Frederick,Maryland,United States of America,US
1845458107,2018-09-16,2018-09-16T11:41:36Z,Frederick / Frederick,Run,13128.7,8.157796,3707,5488,70.9,232.612,3.541597,7.573533,4.4,175.0,194.0,850.0,true,true,false,false,false,Frederick,Maryland,United States of America,US
1851823075,2018-09-19,2018-09-19T10:55:26Z,Frederick,Run,5057.6,3.142647,1344,1410,38.3,125.656,3.763095,7.127749,4.6,178.0,194.0,355.0,true,false,false,false,false,Frederick,Maryland,United States of America,US
13906962957,2018-09-19,2018-09-19T10:55:27Z,Frederick,Run,5056.3,3.141839,1344,1410,24.0,78.74,3.762128,7.129582,5.62,177.0,194.0,355.0,true,false,false,false,false,Frederick,Maryland,United States of America,US
1856049567,2018-09-21,2018-09-21T11:00:57Z,Frederick,Run,4928.7,3.062552,1367,1440,19.9,65.289,3.605486,7.439329,4.6,162.0,184.0,352.0,false,false,false,false,false,Frederick,Maryland,United States of America,US
13906982769,2018-09-21,2018-09-21T11:00:58Z,"Frederick / Frederick, The Shops at Monocacy",Run,4927.4,3.061744,1367,1440,21.3,69.882,3.604535,7.441292,5.44,145.0,184.0,352.0,false,false,false,false,false,Frederick,Maryland,United States of America,US
13906980114,2018-09-23,2018-09-23T11:02:46Z,Frederick,Run,16334.9,10.150036,4561,4742,76.6,251.312,3.58143,7.4893,5.52,181.0,192.0,1162.0,true,true,false,false,false,Frederick,Maryland,United States of America,US
1860537699,2018-09-23,2018-09-23T11:02:49Z,Frederick,Run,16287.2,10.120397,4561,4742,78.3,256.89,3.570971,7.511234,4.9,180.0,192.0,1162.0,true,true,false,false,false,Frederick,Maryland,United States of America,US
13906977067,2018-09-27,2018-09-27T10:50:03Z,"Frederick / Frederick, Skate Frederick",Run,5133.3,3.189685,1422,1452,21.6,70.866,3.609916,7.430201,5.5,183.0,187.0,364.0,true,false,false,false,false,Frederick,Maryland,United States of America,US
1868801859,2018-09-27,2018-09-27T10:50:04Z,Frederick,Run,5112.4,3.176698,1422,1452,23.1,75.787,3.595218,7.460577,4.3,179.0,187.0,364.0,true,false,false,false,false,Frederick,Maryland,United States of America,US
13906973333,2018-09-28,2018-09-28T11:27:49Z,"Frederick / Frederick, Skate Frederick",Run,4903.9,3.047142,1364,1370,21.5,70.538,3.595235,7.460542,4.68,173.0,180.0,347.0,false,false,false,false,false,Frederick,Maryland,United States of America,US
1870812964,2018-09-28,2018-09-28T11:27:50Z,Frederick,Run,4889.7,3.038319,1364,1370,19.6,64.304,3.584824,7.482208,4.3,173.0,180.0,347.0,false,false,false,false,false,Frederick,Maryland,United States of America,US
13906967144,2018-09-29,2018-09-29T11:15:33Z,Frederick,Run,18151.8,11.279006,5127,5380,90.6,297.244,3.540433,7.576022,5.78,177.0,189.0,1283.0,true,true,false,false,false,Frederick,Maryland,United States of America,US
1872903026,2018-09-29,2018-09-29T11:15:36Z,Only in Frederick do you go for a run and find a new brewery 🍺 (House Cat),Run,18117.0,11.257382,5127,5380,99.0,324.803,3.533645,7.590575,4.7,177.0,189.0,1283.0,true,true,false,false,false,Frederick,Maryland,United States of America,US
1877338380,2018-10-01,2018-10-01T10:50:40Z,Frederick,Run,6472.2,4.021639,1759,1855,43.6,143.045,3.679477,7.289732,4.4,164.0,182.0,458.0,true,false,false,false,false,Frederick,Maryland,United States of America,US
13906978346,2018-10-03,2018-10-03T10:54:10Z,Frederick,Run,6570.2,4.082533,1769,1846,29.4,96.457,3.714076,7.221824,4.66,171.0,185.0,465.0,true,false,false,false,false,Frederick,Maryland,United States of America,US
1881298878,2018-10-03,2018-10-03T10:54:11Z,Frederick,Run,6549.8,4.069857,1769,1846,44.1,144.685,3.702544,7.244317,4.9,168.0,185.0,465.0,true,false,false,false,false,Frederick,Maryland,United States of America,US
13906975048,2018-10-04,2018-10-04T10:54:52Z,Frederick,Run,6566.8,4.08042,1757,1975,29.3,96.129,3.737507,7.176548,5.68,168.0,178.0,467.0,true,false,false,false,false,Frederick,Maryland,United States of America,US
1883410513,2018-10-04,2018-10-04T10:54:53Z,Frederick,Run,6532.5,4.059107,1757,1975,43.8,143.701,3.717985,7.21423,4.5,164.0,178.0,467.0,true,false,false,false,false,Frederick,Maryland,United States of America,US
13906971453,2018-10-07,2018-10-07T11:55:22Z,Frederick,Run,21193.0,13.16872,6273,7201,91.8,301.181,3.378447,7.939268,10.58,175.0,189.0,1505.0,true,true,true,false,false,Frederick,Maryland,United States of America,US
1890181088,2018-10-07,2018-10-07T11:55:31Z,"Frederick / Frederick, Maryland School for the Deaf",Run,21127.2,13.127833,6273,7201,97.3,319.226,3.367958,7.963995,4.6,,,1505.0,true,true,true,false,false,Frederick,Maryland,United States of America,US
1893751861,2018-10-09,2018-10-09T10:53:07Z,Frederick,Run,6541.4,4.064638,1786,1860,57.7,189.304,3.662598,7.323326,4.6,171.0,182.0,465.0,true,false,false,false,false,Frederick,Maryland,United States of America,US
13906962843,2018-10-09,2018-10-09T10:53:09Z,Frederick,Run,6543.8,4.066129,1786,1860,27.4,89.895,3.663942,7.32064,4.62,171.0,182.0,465.0,true,false,false,false,false,Frederick,Maryland,United States of America,US
13906982752,2018-10-10,2018-10-10T10:55:41Z,Frederick,Run,6740.5,4.188353,1868,1926,37.8,124.016,3.608405,7.433313,6.4,169.0,182.0,481.0,true,false,false,false,false,Frederick,Maryland,United States of America,US
1895995813,2018-10-10,2018-10-10T10:55:42Z,Frederick,Run,6731.3,4.182636,1868,1926,52.3,171.588,3.60348,7.443472,4.6,168.0,182.0,481.0,true,false,false,false,false,Frederick,Maryland,United States of America,US
1899804337,2018-10-12,2018-10-12T10:55:46Z,Frederick,Run,6536.8,4.061779,1797,4711,48.1,157.808,3.637618,7.373616,4.6,166.0,185.0,470.0,true,false,false,false,false,Frederick,Maryland,United States of America,US
13906979945,2018-10-12,2018-10-12T10:55:48Z,Frederick,Run,6542.1,4.065072,1797,4711,29.3,96.129,3.640568,7.367642,5.68,168.0,185.0,470.0,true,false,false,false,false,Frederick,Maryland,United States of America,US
13906977154,2018-10-13,2018-10-13T11:04:02Z,"Frederick / Frederick, Mullinix Park",Run,16244.4,10.093802,4519,5015,73.7,241.798,3.594689,7.461675,6.64,170.0,192.0,1153.0,true,true,false,false,false,Frederick,Maryland,United States of America,US
1901891865,2018-10-13,2018-10-13T11:04:03Z,"Frederick / Frederick, Mullinix Park",Run,16186.9,10.058073,4519,5015,76.5,250.984,3.581965,7.48818,5.0,167.0,192.0,1153.0,true,true,false,false,false,Frederick,Maryland,United States of America,US
13906973296,2018-10-16,2018-10-16T10:52:05Z,Frederick,Run,6739.0,4.18742,1865,1974,35.1,115.157,3.613405,7.423027,5.1,169.0,176.0,477.0,true,false,false,false,false,Frederick,Maryland,United States of America,US
1908117574,2018-10-16,2018-10-16T10:52:07Z,Frederick,Run,6733.9,4.184251,1865,1974,51.8,169.948,3.61067,7.428648,5.1,169.0,176.0,477.0,true,false,false,false,false,Frederick,Maryland,United States of America,US
1910124184,2018-10-17,2018-10-17T10:55:55Z,Frederick,Run,6487.8,4.031332,1765,1939,43.9,144.029,3.675807,7.297009,4.6,171.0,186.0,457.0,true,false,false,false,false,Frederick,Maryland,United States of America,US
13906966568,2018-10-17,2018-10-17T10:55:57Z,Frederick,Run,6498.9,4.038229,1765,1939,29.5,96.785,3.682096,7.284546,5.7,176.0,186.0,457.0,true,false,false,false,false,Frederick,Maryland,United States of America,US
1916644308,2018-10-20,2018-10-20T13:45:39Z,Baltimore,Run,21576.6,13.407078,6063,6068,203.3,666.995,3.558733,7.537064,5.7,182.0,194.0,1619.0,true,true,true,false,false,Baltimore,Maryland,United States of America,US
13906984306,2018-10-20,2018-10-20T13:45:41Z,Baltimore,Run,21575.4,13.406332,6019,6063,194.1,636.811,3.584549,7.482783,5.94,182.0,194.0,1619.0,true,true,true,false,false,Baltimore,Maryland,United States of America,US
1924396977,2018-10-24,2018-10-24T10:46:37Z,Frederick,Run,4928.0,3.062117,1393,1398,18.0,59.055,3.537688,7.5819,4.4,169.0,173.0,354.0,false,false,false,false,false,Frederick,Maryland,United States of America,US
13906981468,2018-10-24,2018-10-24T10:46:45Z,"Frederick / Frederick, Skate Frederick",Run,4927.4,3.061744,1393,1393,22.2,72.835,3.537258,7.582823,4.98,168.0,173.0,354.0,false,false,false,false,false,Frederick,Maryland,United States of America,US
1928150572,2018-10-26,2018-10-26T10:59:38Z,Frederick,Run,4938.3,3.068517,1381,1388,23.2,76.115,3.575887,7.500908,5.6,173.0,181.0,356.0,false,false,false,false,false,Frederick,Maryland,United States of America,US
1932911245,2018-10-28,2018-10-28T17:32:47Z,Frederick,Run,13755.4,8.547209,3854,4101,72.9,239.173,3.569123,7.515123,4.5,174.0,200.0,1001.0,true,true,false,false,false,Frederick,Maryland,United States of America,US
1935561739,2018-10-30,2018-10-30T11:06:11Z,Frederick,Run,6535.6,4.061034,1804,1917,32.0,104.987,3.622838,7.403698,5.0,171.0,183.0,472.0,true,false,false,false,false,Frederick,Maryland,United States of America,US
13906971502,2018-10-30,2018-10-30T11:06:13Z,Frederick,Run,6534.6,4.060412,1804,1917,29.4,96.457,3.622284,7.404831,5.02,172.0,183.0,472.0,true,false,false,false,false,Frederick,Maryland,United States of America,US
1937531541,2018-10-31,2018-10-31T11:00:29Z,Frederick,Run,8094.8,5.029876,2181,2301,47.2,154.856,3.711508,7.226819,5.1,165.0,181.0,592.0,true,false,false,false,false,Frederick,Maryland,United States of America,US
1941088322,2018-11-02,2018-11-02T10:54:17Z,Frederick,Run,6552.7,4.071659,1819,1915,26.1,85.63,3.602364,7.445777,4.6,,,472.0,true,false,false,false,false,Frederick,Maryland,United States of America,US
1953037273,2018-11-08,2018-11-08T11:20:49Z,Frederick,Run,4906.7,3.048882,1362,1477,21.9,71.85,3.60257,7.445352,4.9,175.0,184.0,357.0,false,false,false,false,false,Frederick,Maryland,United States of America,US
13906984151,2018-11-08,2018-11-08T11:20:51Z,"Frederick / Frederick, Skate Frederick",Run,4905.2,3.04795,1362,1477,21.0,68.898,3.601468,7.447629,5.68,183.0,184.0,357.0,false,false,false,false,false,Frederick,Maryland,United States of America,US
1958585963,2018-11-11,2018-11-11T11:49:59Z,Frederick,Run,8307.3,5.161917,2281,2490,56.1,184.055,3.641955,7.364835,4.8,177.0,193.0,614.0,true,false,false,false,false,Frederick,Maryland,United States of America,US
13906981376,2018-11-11,2018-11-11T11:50:14Z,Frederick,Run,8306.7,5.161544,2281,2490,67.4,221.129,3.641692,7.365367,5.1,178.0,193.0,614.0,true,false,false,false,false,Frederick,Maryland,United States of America,US
1960542509,2018-11-12,2018-11-12T14:17:57Z,Frederick,Run,4937.9,3.068269,1363,1572,16.5,54.134,3.622817,7.403741,4.1,168.0,187.0,354.0,false,false,false,false,false,Frederick,Maryland,United States of America,US
1965981511,2018-11-15,2018-11-15T11:52:02Z,Frederick,Run,6566.6,4.080296,1808,1947,26.8,87.927,3.631969,7.385085,4.6,178.0,189.0,475.0,true,false,false,false,false,Frederick,Maryland,United States of America,US
1972303795,2018-11-18,2018-11-18T12:58:53Z,Frederick,Run,9741.6,6.05315,2671,3028,61.2,200.787,3.647173,7.354298,4.4,172.0,194.0,721.0,true,false,false,false,false,Frederick,Maryland,United States of America,US
1976005344,2018-11-20,2018-11-20T12:00:29Z,Frederick,Run,6580.0,4.088622,1838,1843,23.8,78.084,3.579978,7.492336,4.7,179.0,193.0,479.0,true,false,false,false,false,Frederick,Maryland,United States of America,US
1976957612,2018-11-21,2018-11-21T12:05:00Z,Frederick,Run,6504.3,4.041585,1826,1920,24.6,80.709,3.562048,7.53005,4.5,165.0,187.0,472.0,true,false,false,false,false,Frederick,Maryland,United States of America,US
1978720954,2018-11-22,2018-11-22T13:01:31Z,Frederick,Run,9768.0,6.069554,2684,2819,66.9,219.488,3.639344,7.370119,4.8,174.0,195.0,720.0,true,false,false,false,false,Frederick,Maryland,United States of America,US
1982303068,2018-11-24,2018-11-24T14:04:55Z,Frederick,Run,9741.0,6.052777,2723,2991,66.4,217.848,3.577304,7.497936,4.8,,,726.0,true,false,false,false,false,Frederick,Maryland,United States of America,US
1984435996,2018-11-25,2018-11-25T14:30:19Z,Frederick,Run,9825.2,6.105096,2697,3095,64.9,212.927,3.643011,7.362701,4.7,169.0,185.0,727.0,true,false,false,false,false,Frederick,Maryland,United States of America,US
13906967078,2018-11-29,2018-11-29T11:55:40Z,Frederick,Run,6511.2,4.045872,1797,2041,29.4,96.457,3.623372,7.402607,4.84,168.0,193.0,465.0,true,false,false,false,false,Frederick,Maryland,United States of America,US
1990965706,2018-11-29,2018-11-29T11:55:42Z,Frederick,Run,6485.0,4.029592,1797,2041,24.5,80.381,3.608792,7.432514,4.6,172.0,193.0,465.0,true,false,false,false,false,Frederick,Maryland,United States of America,US
1992549938,2018-11-30,2018-11-30T11:52:41Z,Frederick,Run,6544.2,4.066377,1789,1903,28.6,93.832,3.658021,7.332489,4.5,174.0,189.0,475.0,true,false,false,false,false,Frederick,Maryland,United States of America,US
1996373298,2018-12-02,2018-12-02T13:12:11Z,Frederick,Run,10089.4,6.269263,2763,3174,71.5,234.58,3.651611,7.345362,4.5,169.0,186.0,752.0,true,true,false,false,false,Frederick,Maryland,United States of America,US
1999590935,2018-12-04,2018-12-04T12:04:02Z,Frederick,Run,6554.7,4.072902,1810,1908,28.5,93.504,3.621381,7.406677,4.8,178.0,197.0,476.0,true,false,false,false,false,Frederick,Maryland,United States of America,US
13906979831,2018-12-04,2018-12-04T12:04:03Z,Frederick,Run,6553.5,4.072156,1810,1908,29.6,97.113,3.620718,7.408033,5.08,177.0,197.0,476.0,true,false,false,false,false,Frederick,Maryland,United States of America,US
13906976974,2018-12-06,2018-12-06T11:39:55Z,Frederick,Run,6539.7,4.063581,1793,1941,29.3,96.129,3.647351,7.35394,4.7,167.0,190.0,473.0,true,false,false,false,false,Frederick,Maryland,United States of America,US
2003077811,2018-12-06,2018-12-06T11:39:56Z,Frederick,Run,6532.0,4.058797,1793,1941,26.6,87.27,3.643056,7.362609,4.7,173.0,190.0,473.0,true,false,false,false,false,Frederick,Maryland,United States of America,US
2008312389,2018-12-08,2018-12-08T13:24:00Z,Frederick,Run,6490.4,4.032948,1768,1944,31.0,101.706,3.671041,7.306484,4.6,171.0,202.0,468.0,true,false,false,false,false,Frederick,Maryland,United States of America,US
13906973158,2018-12-08,2018-12-08T13:26:14Z,Frederick,Run,6502.3,4.040342,1768,1944,24.5,80.381,3.677771,7.293112,4.9,168.0,202.0,468.0,true,false,false,false,false,Frederick,Maryland,United States of America,US
2008312388,2018-12-09,2018-12-09T11:55:10Z,Frederick,Run,9741.4,6.053025,2786,3083,61.4,201.444,3.496554,7.671095,4.5,,,724.0,true,false,false,false,false,Frederick,Maryland,United States of America,US
2009894418,2018-12-10,2018-12-10T11:25:59Z,Frederick,Run,6474.6,4.02313,1837,1895,23.8,78.084,3.524551,7.610161,4.5,161.0,182.0,467.0,true,false,false,false,false,Frederick,Maryland,United States of America,US
13906984020,2018-12-10,2018-12-10T11:26:00Z,Frederick,Run,6480.9,4.027045,1837,1895,26.7,87.598,3.52798,7.602763,4.88,157.0,182.0,467.0,true,false,false,false,false,Frederick,Maryland,United States of America,US
13906981379,2018-12-11,2018-12-11T11:41:09Z,Frederick,Run,6490.2,4.032823,1798,2025,26.4,86.614,3.609677,7.430692,5.36,170.0,191.0,463.0,true,false,false,false,false,Frederick,Maryland,United States of America,US
2011573408,2018-12-11,2018-12-11T11:41:10Z,Frederick,Run,6470.2,4.020396,1798,2025,24.2,79.396,3.598554,7.453661,4.6,171.0,191.0,463.0,true,false,false,false,false,Frederick,Maryland,United States of America,US
2013368470,2018-12-12,2018-12-12T11:45:14Z,Frederick,Run,6577.0,4.086758,1799,1945,26.5,86.942,3.65592,7.336703,4.5,167.0,183.0,478.0,true,false,false,false,false,Frederick,Maryland,United States of America,US
13906978497,2018-12-12,2018-12-12T11:45:25Z,Frederick,Run,6590.2,4.09496,1799,1945,29.2,95.801,3.663257,7.322008,4.98,166.0,182.0,478.0,true,false,false,false,false,Frederick,Maryland,United States of America,US
13906975382,2018-12-16,2018-12-16T18:52:58Z,"Frederick / Frederick, Skate Frederick",Run,6526.4,4.055317,1828,1944,25.3,83.005,3.570241,7.512771,5.1,172.0,180.0,477.0,true,false,false,false,false,Frederick,Maryland,United States of America,US
13906971378,2018-12-18,2018-12-18T12:01:37Z,Frederick,Run,6503.9,4.041336,1814,1906,26.7,87.598,3.585391,7.481024,4.6,178.0,192.0,471.0,true,false,false,false,false,Frederick,Maryland,United States of America,US
2023208141,2018-12-18,2018-12-18T12:01:42Z,Frederick,Run,6488.9,4.032016,1814,1906,23.8,78.084,3.577122,7.498318,4.7,178.0,192.0,471.0,true,false,false,false,false,Frederick,Maryland,United States of America,US
13906962946,2018-12-29,2018-12-29T14:14:36Z,Frederick,Run,6516.3,4.049041,1812,2010,27.0,88.583,3.596192,7.458556,5.06,176.0,201.0,470.0,true,false,false,false,false,Frederick,Maryland,United States of America,US
13906982885,2018-12-30,2018-12-30T14:24:35Z,Frederick,Run,6544.5,4.066564,1826,1976,31.0,101.706,3.584064,7.483796,4.78,170.0,186.0,471.0,true,false,false,false,false,Frederick,Maryland,United States of America,US
2044572388,2018-12-30,2018-12-30T14:24:36Z,Frederick,Run,6522.9,4.053142,1826,1976,29.4,96.457,3.572234,7.508578,4.4,171.0,186.0,471.0,true,false,false,false,false,Frederick,Maryland,United States of America,US
2050246286,2019-01-02,2019-01-02T11:34:12Z,Frederick,Run,6601.0,4.101671,1824,1843,30.6,100.394,3.618969,7.411613,4.5,175.0,184.0,484.0,true,false,false,false,false,Frederick,Maryland,United States of America,US
13906982751,2019-01-04,2019-01-04T11:37:39Z,Frederick,Run,6534.2,4.060164,1842,1918,28.5,93.504,3.54734,7.561272,4.46,137.0,186.0,472.0,true,false,false,false,false,Frederick,Maryland,United States of America,US
2054750656,2019-01-04,2019-01-04T11:37:40Z,Frederick,Run,6528.3,4.056498,1842,1918,29.8,97.769,3.544137,7.568105,4.7,156.0,186.0,472.0,true,false,false,false,false,Frederick,Maryland,United States of America,US
2057319410,2019-01-05,2019-01-05T13:50:16Z,Frederick,Run,6615.5,4.110681,1803,1950,30.5,100.066,3.669163,7.310224,4.8,116.0,172.0,478.0,true,false,false,false,false,Frederick,Maryland,United States of America,US
13906979937,2019-01-05,2019-01-05T13:50:19Z,Frederick,Run,6616.6,4.111365,1803,1950,29.0,95.144,3.669773,7.309009,5.08,95.0,117.0,478.0,true,false,false,false,false,Frederick,Maryland,United States of America,US
2060087559,2019-01-06,2019-01-06T14:35:28Z,Frederick,Run,6525.1,4.054509,1825,2124,28.9,94.816,3.575397,7.501936,4.6,158.0,178.0,475.0,true,false,false,false,false,Frederick,Maryland,United States of America,US
13906976959,2019-01-06,2019-01-06T14:35:30Z,Frederick,Run,6526.5,4.055379,1825,2124,33.2,108.924,3.576164,7.500326,4.74,155.0,178.0,475.0,true,false,false,false,false,Frederick,Maryland,United States of America,US
2064045906,2019-01-08,2019-01-08T11:42:44Z,Frederick,Run,6563.3,4.078246,1885,2177,30.8,101.05,3.481857,7.703476,4.3,146.0,178.0,476.0,true,false,false,false,false,Frederick,Maryland,United States of America,US
13906973260,2019-01-08,2019-01-08T11:43:07Z,Frederick,Run,6581.4,4.089492,1885,2177,29.2,95.801,3.491459,7.68229,4.78,141.0,174.0,476.0,true,false,false,false,false,Frederick,Maryland,United States of America,US
13906966885,2019-01-19,2019-01-19T20:04:44Z,Frederick,Run,6535.3,4.060847,1793,1956,23.6,77.428,3.644897,7.358891,5.16,161.0,176.0,474.0,true,false,false,false,false,Frederick,Maryland,United States of America,US
2090046900,2019-01-19,2019-01-19T20:04:46Z,Frederick,Run,6527.6,4.056063,1793,1956,27.5,90.223,3.640602,7.367572,4.6,163.0,176.0,474.0,true,false,false,false,false,Frederick,Maryland,United States of America,US
13906984153,2019-01-23,2019-01-23T11:42:27Z,Frederick,Run,6464.3,4.01673,1850,2060,29.3,96.129,3.494216,7.676228,4.52,155.0,182.0,468.0,true,false,false,false,false,Frederick,Maryland,United States of America,US
2098043725,2019-01-23,2019-01-23T11:42:28Z,Frederick,Run,6444.6,4.004489,1850,2060,25.6,83.99,3.483568,7.699693,4.4,134.0,182.0,468.0,true,false,false,false,false,Frederick,Maryland,United States of America,US
2106715072,2019-01-27,2019-01-27T11:57:51Z,Frederick,Run,6538.8,4.063022,1825,2021,32.1,105.315,3.582904,7.486218,4.2,127.0,166.0,469.0,true,false,false,false,false,Frederick,Maryland,United States of America,US
13906981471,2019-01-27,2019-01-27T11:57:53Z,Frederick,Run,6543.4,4.06588,1825,2021,28.0,91.864,3.585425,7.480955,5.1,109.0,109.0,469.0,true,false,false,false,false,Frederick,Maryland,United States of America,US
2117020885,2019-02-01,2019-02-01T11:38:52Z,Morning Run,Run,2696.1,1.675279,848,1405,0.0,0.0,3.179363,8.436406,4.1,129.0,189.0,191.0,false,false,false,false,false,,,,
13906978237,2019-02-03,2019-02-03T18:49:51Z,Frederick,Run,6512.8,4.046866,1805,2136,29.2,95.801,3.608199,7.433735,4.6,143.0,206.0,474.0,true,false,false,false,false,Frederick,Maryland,United States of America,US
2122454185,2019-02-03,2019-02-03T18:49:53Z,Frederick,Run,6499.4,4.03854,1805,2136,29.0,95.144,3.600776,7.449062,4.5,144.0,206.0,474.0,true,false,false,false,false,Frederick,Maryland,United States of America,US
13906974846,2019-02-05,2019-02-05T11:43:48Z,Frederick,Run,6505.0,4.04202,1807,1906,26.4,86.614,3.599889,7.450896,4.98,195.0,195.0,472.0,true,false,false,false,false,Frederick,Maryland,United States of America,US
2125576889,2019-02-05,2019-02-05T11:43:49Z,Frederick,Run,6503.7,4.041212,1807,1906,25.6,83.99,3.59917,7.452385,4.6,143.0,195.0,472.0,true,false,false,false,false,Frederick,Maryland,United States of America,US
2127897527,2019-02-06,2019-02-06T11:53:57Z,Frederick,Run,6516.4,4.049103,1834,1876,21.3,69.882,3.553108,7.548997,4.7,184.0,210.0,471.0,true,false,false,false,false,Frederick,Maryland,United States of America,US
13906962740,2019-02-09,2019-02-09T11:39:36Z,Frederick,Run,6605.3,4.104343,1868,2063,28.6,93.832,3.536028,7.585461,5.04,123.0,181.0,486.0,true,false,false,false,false,Frederick,Maryland,United States of America,US
2134143856,2019-02-09,2019-02-09T11:39:40Z,Frederick,Run,6602.6,4.102665,1868,2063,28.9,94.816,3.534582,7.588563,4.5,145.0,181.0,486.0,true,false,false,false,false,Frederick,Maryland,United States of America,US
13906982694,2019-02-10,2019-02-10T18:19:24Z,Frederick,Run,9849.3,6.120071,2800,3178,77.0,252.625,3.517607,7.625184,6.18,150.0,198.0,723.0,true,false,false,false,false,Frederick,Maryland,United States of America,US
2137713365,2019-02-10,2019-02-10T18:19:25Z,Frederick,Run,9818.3,6.100809,2800,3178,62.9,206.365,3.506536,7.649259,5.2,156.0,198.0,723.0,true,false,false,false,false,Frederick,Maryland,United States of America,US
2150437856,2019-02-15,2019-02-15T11:48:07Z,Frederick,Run,6610.9,4.107823,1881,1965,30.8,101.05,3.514567,7.63178,4.3,175.0,189.0,477.0,true,false,false,false,false,Frederick,Maryland,United States of America,US
13906979736,2019-02-15,2019-02-15T11:48:07Z,Frederick,Run,6617.4,4.111862,1881,1965,27.4,89.895,3.518022,7.624284,4.967,171.0,189.0,477.0,true,false,false,false,false,Frederick,Maryland,United States of America,US
2154774528,2019-02-16,2019-02-16T19:05:15Z,Afternoon Run,Run,9696.9,6.025374,2781,3177,55.5,182.087,3.486839,7.692468,4.6,167.0,200.0,716.0,true,false,false,false,false,Frederick,Maryland,United States of America,US
2155411594,2019-02-17,2019-02-17T12:10:26Z,Frederick,Run,6616.0,4.110992,1884,2078,32.4,106.299,3.511677,7.638059,4.5,151.0,191.0,478.0,true,false,false,false,false,Frederick,Maryland,United States of America,US
2158751532,2019-02-18,2019-02-18T12:04:15Z,Morning Run,Run,6592.3,4.096265,1876,2197,35.7,117.126,3.514019,7.632969,4.1,151.0,175.0,475.0,true,false,false,false,false,Frederick,Maryland,United States of America,US
2159940555,2019-02-19,2019-02-19T11:42:03Z,Morning Run,Run,6587.8,4.093469,1851,2000,30.4,99.738,3.559049,7.536395,4.5,136.0,155.0,473.0,true,false,false,false,false,Frederick,Maryland,United States of America,US
13906981395,2019-02-20,2019-02-20T11:37:27Z,"Frederick / Frederick, Skate Frederick",Run,4976.0,3.091943,1407,1492,24.2,79.396,3.536603,7.584228,5.1,113.0,113.0,354.0,false,false,false,false,false,Frederick,Maryland,United States of America,US
2162284021,2019-02-20,2019-02-20T11:37:28Z,Beat the snow!,Run,4968.1,3.087034,1407,1492,26.5,86.942,3.530988,7.596288,4.7,142.0,169.0,354.0,false,false,false,false,false,Frederick,Maryland,United States of America,US
13906978396,2019-02-22,2019-02-22T11:53:12Z,Frederick,Run,6577.5,4.087069,1822,1902,28.5,93.504,3.610044,7.429937,5.02,161.0,181.0,473.0,true,false,false,false,false,Frederick,Maryland,United States of America,US
2166823224,2019-02-22,2019-02-22T11:53:14Z,Frederick,Run,6572.1,4.083714,1822,1902,32.4,106.299,3.60708,7.436042,4.6,166.0,181.0,473.0,true,false,false,false,false,Frederick,Maryland,United States of America,US
2169196221,2019-02-23,2019-02-23T12:19:02Z,Frederick,Run,6485.6,4.029965,1814,2013,29.3,96.129,3.575303,7.502133,4.5,168.0,191.0,471.0,true,false,false,false,false,Frederick,Maryland,United States of America,US
13906971311,2019-02-24,2019-02-24T18:33:03Z,Frederick,Run,6464.6,4.016916,1782,2051,29.3,96.129,3.627722,7.393732,4.7,113.0,171.0,470.0,true,false,false,false,false,Frederick,Maryland,United States of America,US
2173079771,2019-02-24,2019-02-24T18:33:05Z,Frederick,Run,6455.5,4.011262,1782,2051,30.5,100.066,3.622615,7.404154,4.8,136.0,171.0,470.0,true,false,false,false,false,Frederick,Maryland,United States of America,US
2176574918,2019-02-26,2019-02-26T11:41:58Z,Frederick,Run,6721.5,4.176546,1862,1992,30.0,98.425,3.609828,7.430381,5.0,129.0,175.0,484.0,true,false,false,false,false,Frederick,Maryland,United States of America,US
13906982750,2019-02-27,2019-02-27T11:39:22Z,Frederick,Run,6484.8,4.029468,1817,2021,27.2,89.239,3.56896,7.515467,5.5,164.0,190.0,472.0,true,false,false,false,false,Frederick,Maryland,United States of America,US
2179001499,2019-02-27,2019-02-27T11:39:24Z,Frederick,Run,6469.4,4.019899,1817,2021,31.3,102.69,3.560484,7.533357,4.7,168.0,190.0,472.0,true,false,false,false,false,Frederick,Maryland,United States of America,US
13906980040,2019-02-28,2019-02-28T11:46:31Z,Frederick,Run,6524.1,4.053888,1836,2016,15.9,52.165,3.553431,7.54831,4.967,175.0,198.0,470.0,true,false,false,false,false,Frederick,Maryland,United States of America,US
2192193943,2019-02-28,2019-02-28T11:46:34Z,Frederick,Run,6507.1,4.043324,1836,2016,15.8,51.837,3.544172,7.56803,4.5,152.0,198.0,470.0,true,false,false,false,false,Frederick,Maryland,United States of America,US
13906976779,2019-03-03,2019-03-03T12:31:54Z,Frederick,Run,9805.5,6.092855,2730,3213,77.9,255.577,3.591758,7.467763,5.16,139.0,183.0,724.0,true,false,false,false,false,Frederick,Maryland,United States of America,US
2192194060,2019-03-03,2019-03-03T12:31:55Z,Frederick,Run,9769.8,6.070672,2730,3213,60.5,198.491,3.578681,7.495051,4.6,154.0,183.0,724.0,true,false,false,false,false,Frederick,Maryland,United States of America,US
13906973350,2019-03-07,2019-03-07T11:38:15Z,Frederick,Run,6520.9,4.051899,1838,2090,28.6,93.832,3.547824,7.56024,4.68,167.0,203.0,475.0,true,false,false,false,false,Frederick,Maryland,United States of America,US
2196892452,2019-03-07,2019-03-07T11:38:16Z,Frederick,Run,6515.5,4.048544,1838,2090,32.4,106.299,3.544886,7.566506,4.6,174.0,203.0,475.0,true,false,false,false,false,Frederick,Maryland,United States of America,US
13906966240,2019-03-08,2019-03-08T11:38:39Z,Frederick,Run,6531.1,4.058237,1800,1925,28.3,92.848,3.628389,7.392372,6.2,181.0,194.0,470.0,true,false,false,false,false,Frederick,Maryland,United States of America,US
2199225830,2019-03-08,2019-03-08T11:38:40Z,Frederick,Run,6532.0,4.058797,1800,1925,32.1,105.315,3.628889,7.391353,4.6,180.0,194.0,470.0,true,false,false,false,false,Frederick,Maryland,United States of America,US
2204450903,2019-03-10,2019-03-10T14:52:48Z,Frederick,Run,10585.0,6.577214,2993,3634,62.7,205.709,3.536585,7.584265,4.5,158.0,196.0,783.0,true,true,false,false,false,Frederick,Maryland,United States of America,US
13906981167,2019-03-12,2019-03-12T10:58:43Z,Frederick,Run,6901.2,4.288207,1931,2033,34.1,111.877,3.5739,7.505079,6.3,127.0,186.0,481.0,true,false,false,false,false,Frederick,Maryland,United States of America,US
2208117562,2019-03-12,2019-03-12T10:58:45Z,Frederick,Run,6901.6,4.288455,1931,2033,37.9,124.344,3.574107,7.504644,4.8,154.0,186.0,481.0,true,false,false,false,false,Frederick,Maryland,United States of America,US
2212523284,2019-03-14,2019-03-14T10:45:26Z,Frederick,Run,6585.4,4.091978,1867,1977,32.2,105.643,3.527263,7.60431,4.6,171.0,181.0,484.0,true,false,false,false,false,Frederick,Maryland,United States of America,US
13906975068,2019-03-15,2019-03-15T10:47:01Z,Frederick,Run,6512.7,4.046804,1862,1966,27.3,89.567,3.497691,7.668603,4.78,178.0,198.0,483.0,true,false,false,false,false,Frederick,Maryland,United States of America,US
2214617044,2019-03-15,2019-03-15T10:47:02Z,Frederick,Run,6508.6,4.044257,1862,1966,30.4,99.738,3.495489,7.673433,4.6,179.0,198.0,483.0,true,false,false,false,false,Frederick,Maryland,United States of America,US
13906971104,2019-03-17,2019-03-17T11:17:47Z,Frederick,Run,9767.8,6.06943,2752,2879,65.1,213.583,3.549346,7.556998,5.04,179.0,190.0,748.0,true,false,false,false,false,Frederick,Maryland,United States of America,US
2219462901,2019-03-17,2019-03-17T11:17:49Z,Frederick,Run,9761.6,6.065577,2752,2879,66.4,217.848,3.547093,7.561798,6.2,178.0,190.0,748.0,true,false,false,false,false,Frederick,Maryland,United States of America,US
13906962958,2019-03-19,2019-03-19T10:39:57Z,Frederick,Run,6511.5,4.046059,1839,1969,27.6,90.551,3.540783,7.575274,4.9,127.0,149.0,484.0,true,false,false,false,false,Frederick,Maryland,United States of America,US
2224091053,2019-03-19,2019-03-19T10:39:58Z,Frederick,Run,6502.7,4.04059,1839,1969,30.7,100.722,3.535998,7.585525,4.5,155.0,168.0,484.0,true,false,false,false,false,Frederick,Maryland,United States of America,US
13906982684,2019-03-20,2019-03-20T10:47:32Z,Frederick,Run,6636.6,4.123792,1831,1934,29.4,96.457,3.624577,7.400147,4.9,168.0,181.0,494.0,true,false,false,false,false,Frederick,Maryland,United States of America,US
2226648083,2019-03-20,2019-03-20T10:47:33Z,Frederick,Run,6629.6,4.119442,1831,1934,30.8,101.05,3.620754,7.40796,4.7,171.0,181.0,494.0,true,false,false,false,false,Frederick,Maryland,United States of America,US
13906979947,2019-03-22,2019-03-22T10:47:51Z,Frederick,Run,6536.7,4.061717,1876,2069,29.4,96.457,3.484382,7.697894,4.9,142.0,196.0,482.0,true,false,false,false,false,Frederick,Maryland,United States of America,US
2231464568,2019-03-22,2019-03-22T10:47:53Z,Frederick,Run,6529.3,4.057119,1876,2069,30.8,101.05,3.480437,7.706618,4.4,173.0,196.0,482.0,true,false,false,false,false,Frederick,Maryland,United States of America,US
13906976960,2019-03-23,2019-03-23T17:18:09Z,Frederick,Run,6619.8,4.113353,1866,2150,27.3,89.567,3.547588,7.560742,4.64,147.0,172.0,486.0,true,false,false,false,false,Frederick,Maryland,United States of America,US
2234921674,2019-03-23,2019-03-23T17:18:10Z,Frederick,Run,6619.8,4.113353,1866,2150,30.4,99.738,3.547588,7.560742,4.5,155.0,172.0,486.0,true,false,false,false,false,Frederick,Maryland,United States of America,US
13906973288,2019-03-24,2019-03-24T15:22:54Z,Frederick,Run,9729.8,6.045817,2776,3242,66.3,217.52,3.504971,7.652673,5.26,162.0,178.0,719.0,true,false,false,false,false,Frederick,Maryland,United States of America,US
2237733176,2019-03-24,2019-03-24T15:22:56Z,Frederick,Run,9704.7,6.030221,2776,3242,63.5,208.333,3.495929,7.672466,4.3,163.0,178.0,719.0,true,false,false,false,false,Frederick,Maryland,United States of America,US
13906966585,2019-03-26,2019-03-26T10:52:11Z,Frederick,Run,6573.2,4.084397,1844,1936,28.5,93.504,3.564642,7.52457,4.74,157.0,181.0,480.0,true,false,false,false,false,Frederick,Maryland,United States of America,US
2241642174,2019-03-26,2019-03-26T10:52:12Z,Frederick,Run,6566.9,4.080482,1844,1936,32.5,106.627,3.561226,7.531789,4.4,166.0,181.0,480.0,true,false,false,false,false,Frederick,Maryland,United States of America,US
13906984016,2019-03-27,2019-03-27T10:56:54Z,Frederick,Run,6631.7,4.120747,1845,1994,29.4,96.457,3.594417,7.462239,4.68,166.0,185.0,483.0,true,false,false,false,false,Frederick,Maryland,United States of America,US
2244165313,2019-03-27,2019-03-27T10:56:56Z,Frederick,Run,6618.4,4.112483,1845,1994,28.6,93.832,3.587209,7.477234,4.3,168.0,185.0,483.0,true,false,false,false,false,Frederick,Maryland,United States of America,US
2249032608,2019-03-29,2019-03-29T11:03:50Z,Frederick,Run,6532.3,4.058983,1812,1894,30.4,99.738,3.605022,7.440287,4.5,173.0,190.0,475.0,true,false,false,false,false,Frederick,Maryland,United States of America,US
13906978505,2019-03-30,2019-03-30T14:34:52Z,"Frederick / Frederick, Riverside Park",Run,6889.1,4.280688,1944,2090,16.9,55.446,3.543776,7.568876,5.06,167.0,187.0,499.0,true,false,false,false,false,Frederick,Maryland,United States of America,US
2252735611,2019-03-30,2019-03-30T14:34:53Z,Frederick,Run,6883.3,4.277084,1944,2090,19.2,62.992,3.540792,7.575254,4.4,166.0,187.0,499.0,true,false,false,false,false,Frederick,Maryland,United States of America,US
13906981034,2019-04-01,2019-04-01T10:44:28Z,Frederick,Run,7312.5,4.543777,2078,2103,31.6,103.675,3.519009,7.622147,4.9,,,535.0,true,false,false,false,false,Frederick,Maryland,United States of America,US
2256942549,2019-04-01,2019-04-01T10:44:29Z,Frederick,Run,7307.8,4.540856,2078,2103,34.7,113.845,3.516747,7.627049,4.5,169.0,173.0,535.0,true,false,false,false,false,Frederick,Maryland,United States of America,US
13906978251,2019-04-02,2019-04-02T10:58:20Z,Frederick,Run,8096.1,5.030683,2221,2372,40.8,133.858,3.64525,7.358179,4.8,146.0,179.0,596.0,true,false,false,false,false,Frederick,Maryland,United States of America,US
2259366489,2019-04-02,2019-04-02T10:58:21Z,Frederick,Run,8075.5,5.017883,2221,2372,43.6,143.045,3.635975,7.376949,4.6,158.0,179.0,596.0,true,false,false,false,false,Frederick,Maryland,United States of America,US
13906975408,2019-04-04,2019-04-04T10:51:43Z,Frederick,Run,8213.5,5.103632,2272,2358,41.0,134.514,3.615097,7.419552,4.96,184.0,201.0,606.0,true,false,false,false,false,Frederick,Maryland,United States of America,US
2264202846,2019-04-04,2019-04-04T10:51:46Z,Frederick,Run,8204.6,5.098102,2272,2358,39.3,128.937,3.61118,7.427601,4.4,183.0,201.0,606.0,true,false,false,false,false,Frederick,Maryland,United States of America,US
13906970979,2019-04-06,2019-04-06T19:02:05Z,Frederick,Run,6541.9,4.064948,1843,2277,29.1,95.472,3.549593,7.556472,4.78,163.0,179.0,475.0,true,false,false,false,false,Frederick,Maryland,United States of America,US
2270129714,2019-04-06,2019-04-06T19:02:06Z,Frederick,Run,6528.5,4.056622,1843,2277,30.7,100.722,3.542322,7.571982,4.2,,,475.0,true,false,false,false,false,Frederick,Maryland,United States of America,US
13906962705,2019-04-07,2019-04-07T11:11:12Z,Frederick,Run,9842.6,6.115908,2772,3197,68.6,225.066,3.550722,7.55407,5.34,156.0,182.0,728.0,true,false,false,false,false,Frederick,Maryland,United States of America,US
2271872443,2019-04-07,2019-04-07T11:11:13Z,Frederick,Run,9815.7,6.099193,2772,3197,63.0,206.693,3.541017,7.574772,4.5,161.0,182.0,728.0,true,false,false,false,false,Frederick,Maryland,United States of America,US
2274323071,2019-04-08,2019-04-08T10:59:11Z,Frederick,Run,6638.5,4.124973,1799,1900,28.6,93.832,3.690106,7.268735,4.7,174.0,187.0,500.0,true,false,false,false,false,Frederick,Maryland,United States of America,US
13906979723,2019-04-10,2019-04-10T10:46:17Z,Frederick,Run,6560.4,4.076444,1813,2021,28.5,93.504,3.618533,7.412507,4.92,156.0,171.0,482.0,true,false,false,false,false,Frederick,Maryland,United States of America,US
2279162146,2019-04-10,2019-04-10T10:46:19Z,Frederick,Run,6543.2,4.065756,1813,2021,32.2,105.643,3.609046,7.431992,4.5,162.0,171.0,482.0,true,false,false,false,false,Frederick,Maryland,United States of America,US
13906976837,2019-04-11,2019-04-11T10:47:20Z,Frederick,Run,6538.3,4.062711,1853,2086,29.3,96.129,3.528494,7.601656,6.16,171.0,194.0,487.0,true,false,false,false,false,Frederick,Maryland,United States of America,US
2281585992,2019-04-11,2019-04-11T10:47:21Z,Frederick,Run,6530.6,4.057927,1853,2086,32.9,107.94,3.524339,7.610619,4.5,173.0,194.0,487.0,true,false,false,false,false,Frederick,Maryland,United States of America,US
13906973211,2019-04-14,2019-04-14T17:40:51Z,Frederick,Run,13233.7,8.22304,3792,4399,60.5,198.491,3.4899,7.685722,5.3,169.0,187.0,985.0,true,true,false,false,false,Frederick,Maryland,United States of America,US
2290370943,2019-04-14,2019-04-14T17:41:21Z,Frederick,Run,13201.6,8.203094,3792,4399,66.7,218.832,3.481435,7.70441,4.7,168.0,187.0,985.0,true,true,false,false,false,Frederick,Maryland,United States of America,US
13906966619,2019-04-16,2019-04-16T10:42:15Z,Frederick,Run,6608.5,4.106332,1818,2019,29.4,96.457,3.635039,7.378849,4.94,147.0,175.0,495.0,true,false,false,false,false,Frederick,Maryland,United States of America,US
2293739611,2019-04-16,2019-04-16T10:42:17Z,Frederick,Run,6586.2,4.092475,1818,2019,30.6,100.394,3.622772,7.403833,4.3,154.0,175.0,495.0,true,false,false,false,false,Frederick,Maryland,United States of America,US
2298990446,2019-04-18,2019-04-18T10:50:00Z,Frederick,Run,7298.9,4.535326,2041,2162,38.0,124.672,3.576139,7.500379,6.7,179.0,198.0,543.0,true,false,false,false,false,Frederick,Maryland,United States of America,US
13906983925,2019-04-18,2019-04-18T10:50:00Z,Frederick,Run,7305.4,4.539365,2041,2162,35.6,116.798,3.579324,7.493706,6.425,179.0,198.0,543.0,true,false,false,false,false,Frederick,Maryland,United States of America,US
13906981292,2019-04-19,2019-04-19T10:40:33Z,"Frederick / Frederick, Riverside Park",Run,6576.5,4.086448,1809,2017,20.0,65.617,3.635434,7.378046,4.98,175.0,201.0,485.0,true,false,false,false,false,Frederick,Maryland,United States of America,US
2301484662,2019-04-19,2019-04-19T10:40:35Z,Frederick,Run,6560.7,4.07663,1809,2017,22.1,72.507,3.6267,7.395815,4.7,176.0,201.0,485.0,true,false,false,false,false,Frederick,Maryland,United States of America,US
2304858958,2019-04-20,2019-04-20T14:12:17Z,Frederick,Run,6442.7,4.003308,1838,2228,29.7,97.441,3.505277,7.652005,4.2,173.0,186.0,482.0,true,false,false,false,false,Frederick,Maryland,United States of America,US
2309787212,2019-04-22,2019-04-22T10:42:23Z,Frederick,Run,6531.7,4.05861,1773,1898,31.5,103.346,3.683982,7.280817,4.8,176.0,191.0,490.0,true,false,false,false,false,Frederick,Maryland,United States of America,US
13906971172,2019-04-23,2019-04-23T10:50:19Z,Frederick,Run,6589.9,4.094774,1801,1891,28.6,93.832,3.659023,7.330482,4.58,142.0,177.0,489.0,true,false,false,false,false,Frederick,Maryland,United States of America,US
2312204344,2019-04-23,2019-04-23T10:50:21Z,Frederick,Run,6590.5,4.095147,1801,1891,30.2,99.081,3.659356,7.329814,4.6,172.0,177.0,489.0,true,false,false,false,false,Frederick,Maryland,United States of America,US
2317638712,2019-04-25,2019-04-25T10:50:53Z,Frederick,Run,6597.7,4.099621,1830,1946,30.9,101.378,3.605301,7.439713,4.6,175.0,188.0,491.0,true,false,false,false,false,Frederick,Maryland,United States of America,US
2320076637,2019-04-26,2019-04-26T10:54:59Z,Frederick,Run,6534.6,4.060412,1791,1881,28.1,92.192,3.648576,7.35147,4.3,180.0,186.0,488.0,true,false,false,false,false,Frederick,Maryland,United States of America,US
2327745945,2019-04-29,2019-04-29T10:46:23Z,Frederick,Run,6548.0,4.068739,1790,1900,31.3,102.69,3.658101,7.33233,4.1,171.0,185.0,488.0,true,false,false,false,false,Frederick,Maryland,United States of America,US
2330186059,2019-04-30,2019-04-30T10:50:02Z,Frederick,Run,6555.0,4.073088,1777,1949,28.3,92.848,3.688801,7.271305,4.6,178.0,188.0,490.0,true,false,false,false,false,Frederick,Maryland,United States of America,US
2336070411,2019-05-02,2019-05-02T10:46:30Z,Frederick,Run,6466.4,4.018035,1743,1908,12.0,39.37,3.709925,7.229903,4.7,173.0,181.0,479.0,true,false,false,false,false,Frederick,Maryland,United States of America,US
2343886168,2019-05-05,2019-05-05T11:19:55Z,Frederick,Run,21835.1,13.567702,6242,6245,109.0,357.612,3.498094,7.667719,4.5,176.0,187.0,1641.0,true,true,true,false,false,Frederick,Maryland,United States of America,US
13906978225,2019-05-08,2019-05-08T10:52:36Z,Frederick,Run,4904.9,3.047764,1362,1487,22.0,72.178,3.601248,7.448084,4.9,152.0,187.0,340.0,false,false,false,false,false,Frederick,Maryland,United States of America,US
2351226524,2019-05-08,2019-05-08T10:52:37Z,Frederick,Run,4904.1,3.047266,1362,1487,18.0,59.055,3.600661,7.449299,4.2,140.0,187.0,340.0,false,false,false,false,false,Frederick,Maryland,United States of America,US
2358617222,2019-05-11,2019-05-11T11:00:05Z,Frederick,Run,12898.0,8.014446,3648,4348,54.0,177.165,3.535636,7.586301,4.2,179.0,190.0,908.0,true,true,false,false,false,Frederick,Maryland,United States of America,US
13906970949,2019-05-13,2019-05-13T10:56:55Z,Frederick,Run,4947.8,3.07442,1383,1428,21.4,70.21,3.577585,7.497348,4.52,140.0,171.0,337.0,false,false,false,false,false,Frederick,Maryland,United States of America,US
2363936661,2019-05-13,2019-05-13T10:56:56Z,Frederick,Run,4936.6,3.067461,1383,1428,15.0,49.213,3.569487,7.514358,4.7,139.0,173.0,337.0,false,false,false,false,false,Frederick,Maryland,United States of America,US
13906962673,2019-05-14,2019-05-14T10:41:23Z,Frederick,Run,6679.5,4.150449,1814,1928,27.4,89.895,3.682194,7.284353,5.7,174.0,189.0,457.0,true,false,false,false,false,Frederick,Maryland,United States of America,US
2366451221,2019-05-14,2019-05-14T10:41:25Z,Frederick,Run,6667.8,4.143179,1814,1928,23.0,75.459,3.675744,7.297135,4.7,177.0,189.0,457.0,true,false,false,false,false,Frederick,Maryland,United States of America,US
13906982677,2019-05-15,2019-05-15T10:42:24Z,Frederick,Run,6569.7,4.082222,1789,1918,28.5,93.504,3.672275,7.304028,5.2,170.0,185.0,452.0,true,false,false,false,false,Frederick,Maryland,United States of America,US
2369313058,2019-05-15,2019-05-15T10:42:25Z,Frederick,Run,6561.1,4.076879,1789,1918,26.0,85.302,3.667468,7.313602,4.6,175.0,185.0,452.0,true,false,false,false,false,Frederick,Maryland,United States of America,US
13906980015,2019-05-18,2019-05-18T12:52:13Z,"Frederick / Frederick, Mullinix Park",Run,15415.2,9.578561,4407,5506,75.1,246.391,3.49789,7.668166,4.84,176.0,193.0,1057.0,true,true,false,false,false,Frederick,Maryland,United States of America,US
2377794397,2019-05-18,2019-05-18T12:52:15Z,Running,Run,15336.4,9.529597,4407,5506,48.0,157.48,3.480009,7.707566,4.5,178.0,193.0,1057.0,true,true,false,false,false,Frederick,Maryland,United States of America,US
13906976953,2019-05-21,2019-05-21T10:49:29Z,Frederick,Run,6567.4,4.080793,1804,1930,28.5,93.504,3.640466,7.367849,4.56,176.0,185.0,447.0,true,false,false,false,false,Frederick,Maryland,United States of America,US
2385013326,2019-05-21,2019-05-21T10:49:31Z,Frederick,Run,6559.6,4.075946,1804,1930,24.0,78.74,3.636142,7.37661,5.0,178.0,185.0,447.0,true,false,false,false,false,Frederick,Maryland,United States of America,US
13906973171,2019-05-22,2019-05-22T10:47:42Z,Frederick,Run,6575.1,4.085578,1808,1915,28.4,93.176,3.63667,7.375538,4.52,169.0,179.0,447.0,true,false,false,false,false,Frederick,Maryland,United States of America,US
2387811926,2019-05-22,2019-05-22T10:47:43Z,Frederick,Run,6562.7,4.077873,1808,1915,22.0,72.178,3.629812,7.389474,4.5,169.0,179.0,447.0,true,false,false,false,false,Frederick,Maryland,United States of America,US
13906966431,2019-05-23,2019-05-23T10:45:30Z,Frederick,Run,6540.0,4.063768,1763,1915,29.4,96.457,3.709586,7.230564,4.78,172.0,183.0,447.0,true,false,false,false,false,Frederick,Maryland,United States of America,US
2390410588,2019-05-23,2019-05-23T10:45:31Z,Frederick,Run,6531.1,4.058237,1763,1915,28.0,91.864,3.704538,7.240418,4.7,177.0,183.0,447.0,true,false,false,false,false,Frederick,Maryland,United States of America,US
2396535920,2019-05-25,2019-05-25T12:28:27Z,Frederick,Run,14507.1,9.014294,4064,5090,49.0,160.761,3.56966,7.513992,4.4,174.0,187.0,995.0,true,true,false,false,false,Frederick,Maryland,United States of America,US
2401667394,2019-05-27,2019-05-27T13:57:33Z,Frederick,Run,7809.9,4.852847,2127,2357,15.0,49.213,3.671791,7.30499,5.9,166.0,180.0,529.0,true,false,false,false,false,Frederick,Maryland,United States of America,US
2406119377,2019-05-29,2019-05-29T10:38:09Z,Frederick,Run,6477.7,4.025056,1763,1877,23.0,75.459,3.674248,7.300105,4.3,173.0,186.0,440.0,true,false,false,false,false,Frederick,Maryland,United States of America,US
13906975272,2019-05-31,2019-05-31T10:38:29Z,Frederick,Run,6546.2,4.06762,1771,1882,27.4,89.895,3.69633,7.256495,4.94,173.0,182.0,441.0,true,false,false,false,false,Frederick,Maryland,United States of America,US
2411355060,2019-05-31,2019-05-31T10:38:30Z,Frederick,Run,6531.2,4.0583,1771,1882,23.0,75.459,3.68786,7.273161,5.0,175.0,182.0,441.0,true,false,false,false,false,Frederick,Maryland,United States of America,US
13906982477,2019-06-01,2019-06-01T12:34:16Z,Frederick,Run,6531.1,4.058237,1756,1925,27.2,89.239,3.719305,7.211669,4.8,171.0,185.0,445.0,true,false,false,false,false,Frederick,Maryland,United States of America,US
2414308089,2019-06-01,2019-06-01T12:34:17Z,Frederick,Run,6517.9,4.050035,1756,1925,22.0,72.178,3.711788,7.226274,4.7,175.0,185.0,445.0,true,false,false,false,false,Frederick,Maryland,United States of America,US
2417612850,2019-06-02,2019-06-02T12:23:58Z,Frederick,Run,6509.0,4.044505,1791,2192,38.0,124.672,3.634283,7.380384,5.4,169.0,183.0,453.0,true,false,false,false,false,Frederick,Maryland,United States of America,US
13906976747,2019-06-03,2019-06-03T10:36:23Z,Frederick,Run,6542.0,4.06501,1747,1814,27.2,89.239,3.744705,7.162753,6.54,,,442.0,true,false,false,false,false,Frederick,Maryland,United States of America,US
2419998028,2019-06-03,2019-06-03T10:36:25Z,Frederick,Run,6536.5,4.061593,1747,1814,22.0,72.178,3.741557,7.16878,4.8,,114.0,442.0,true,false,false,false,false,Frederick,Maryland,United States of America,US
2422602254,2019-06-04,2019-06-04T10:46:12Z,Frederick,Run,6484.5,4.029281,1718,1868,24.0,78.74,3.774447,7.106312,4.6,172.0,184.0,441.0,true,false,false,false,false,Frederick,Maryland,United States of America,US
13906966263,2019-06-06,2019-06-06T10:46:03Z,Frederick,Run,6555.3,4.073275,1800,1972,27.2,89.239,3.641833,7.365082,4.68,168.0,186.0,438.0,true,false,false,false,false,Frederick,Maryland,United States of America,US
2428008837,2019-06-06,2019-06-06T10:46:05Z,Frederick,Run,6543.9,4.066191,1800,1972,19.0,62.336,3.6355,7.377912,4.6,172.0,186.0,438.0,true,false,false,false,false,Frederick,Maryland,United States of America,US
13906983928,2019-06-08,2019-06-08T12:51:27Z,Frederick,Run,6481.4,4.027355,1745,2005,28.1,92.192,3.714269,7.221447,5.04,165.0,181.0,440.0,true,false,false,false,false,Frederick,Maryland,United States of America,US
2433203538,2019-06-08,2019-06-08T12:51:28Z,Frederick,Run,6466.6,4.018159,1745,2005,21.0,68.898,3.705788,7.237975,4.3,168.0,181.0,440.0,true,false,false,false,false,Frederick,Maryland,United States of America,US
13906981302,2019-06-11,2019-06-11T10:39:23Z,Frederick,Run,6536.0,4.061282,1746,1866,28.4,93.176,3.743414,7.165225,4.88,182.0,186.0,440.0,true,false,false,false,false,Frederick,Maryland,United States of America,US
2441256507,2019-06-11,2019-06-11T10:39:24Z,Frederick,Run,6528.5,4.056622,1746,1866,28.0,91.864,3.739118,7.173456,4.5,173.0,186.0,440.0,true,false,false,false,false,Frederick,Maryland,United States of America,US
13906978341,2019-06-19,2019-06-19T10:38:50Z,Frederick,Run,6527.1,4.055752,1790,2157,27.2,89.239,3.646425,7.355808,4.6,158.0,182.0,449.0,true,false,false,false,false,Frederick,Maryland,United States of America,US
2462721739,2019-06-19,2019-06-19T10:38:51Z,Frederick,Run,6516.9,4.049414,1790,2157,15.0,49.213,3.640726,7.367321,4.5,155.0,182.0,449.0,true,false,false,false,false,Frederick,Maryland,United States of America,US
13906975061,2019-06-20,2019-06-20T10:45:45Z,Frederick,Run,6514.2,4.047736,1762,1851,27.2,89.239,3.697049,7.255084,6.3,177.0,196.0,444.0,true,false,false,false,false,Frederick,Maryland,United States of America,US
2465485879,2019-06-20,2019-06-20T10:45:46Z,Frederick,Run,6515.7,4.048668,1762,1851,16.0,52.493,3.6979,7.253414,5.8,181.0,196.0,444.0,true,false,false,false,false,Frederick,Maryland,United States of America,US
13906971163,2019-06-22,2019-06-22T12:48:53Z,Frederick,Run,6558.1,4.075014,1813,1967,24.7,81.037,3.617264,7.415107,5.48,174.0,191.0,446.0,true,false,false,false,false,Frederick,Maryland,United States of America,US
2470910080,2019-06-22,2019-06-22T12:48:54Z,Frederick,Run,6543.4,4.06588,1813,1967,19.0,62.336,3.609156,7.431765,5.4,173.0,191.0,446.0,true,false,false,false,false,Frederick,Maryland,United States of America,US
13906962850,2019-06-24,2019-06-24T10:42:50Z,Frederick,Run,6503.0,4.040777,1766,1910,28.5,93.504,3.682333,7.284078,4.64,173.0,192.0,447.0,true,false,false,false,false,Frederick,Maryland,United States of America,US
2476463249,2019-06-24,2019-06-24T10:42:51Z,Frederick,Run,6500.6,4.039286,1766,1910,22.0,72.178,3.680974,7.286767,4.4,168.0,192.0,447.0,true,false,false,false,false,Frederick,Maryland,United States of America,US
13906982759,2019-06-26,2019-06-26T10:49:01Z,Frederick,Run,6513.2,4.047115,1768,1844,28.4,93.176,3.683937,7.280907,5.04,147.0,181.0,443.0,true,false,false,false,false,Frederick,Maryland,United States of America,US
2481774370,2019-06-26,2019-06-26T10:49:03Z,Frederick,Run,6512.0,4.046369,1768,1844,25.0,82.021,3.683258,7.282249,4.6,170.0,181.0,443.0,true,false,false,false,false,Frederick,Maryland,United States of America,US
13906979923,2019-06-28,2019-06-28T10:58:10Z,Frederick,Run,6504.2,4.041523,1792,1986,27.0,88.583,3.629576,7.389954,5.08,172.0,185.0,448.0,true,false,false,false,false,Frederick,Maryland,United States of America,US
2487012253,2019-06-28,2019-06-28T10:58:12Z,Frederick,Run,6485.1,4.029654,1792,1986,18.0,59.055,3.618917,7.411719,4.4,176.0,185.0,448.0,true,false,false,false,false,Frederick,Maryland,United States of America,US
13906976956,2019-06-29,2019-06-29T12:49:40Z,Frederick,Run,6491.7,4.033755,1766,1936,16.8,55.118,3.675934,7.296757,5.48,172.0,187.0,445.0,true,false,false,false,false,Frederick,Maryland,United States of America,US
2489941577,2019-06-29,2019-06-29T12:49:42Z,Frederick,Run,6491.7,4.033755,1766,1936,10.0,32.808,3.675934,7.296757,4.7,172.0,187.0,445.0,true,false,false,false,false,Frederick,Maryland,United States of America,US
13906973255,2019-06-30,2019-06-30T14:11:27Z,"Frederick / Frederick, Riverside Park",Run,6568.5,4.081477,1772,1954,16.9,55.446,3.706828,7.235943,5.12,158.0,181.0,449.0,true,false,false,false,false,Frederick,Maryland,United States of America,US
2492896215,2019-06-30,2019-06-30T14:11:28Z,Frederick,Run,6555.5,4.073399,1772,1954,7.0,22.966,3.699492,7.250293,4.5,166.0,181.0,449.0,true,false,false,false,false,Frederick,Maryland,United States of America,US
2540212737,2019-07-02,2019-07-02T10:48:59Z,Frederick,Run,6603.7,4.103349,1755,1895,24.0,78.74,3.762792,7.128324,4.8,174.0,182.0,451.0,true,false,false,false,false,Frederick,Maryland,United States of America,US
2540212756,2019-07-03,2019-07-03T10:51:21Z,Frederick,Run,6499.6,4.038664,1763,1881,24.0,78.74,3.68667,7.275508,4.5,162.0,171.0,449.0,true,false,false,false,false,Frederick,Maryland,United States of America,US
2540212751,2019-07-04,2019-07-04T13:03:06Z,Frederick,Run,8838.5,5.491989,2456,2841,36.0,118.11,3.598738,7.45328,4.5,170.0,188.0,612.0,true,false,false,false,false,Frederick,Maryland,United States of America,US
2540212685,2019-07-07,2019-07-07T13:23:45Z,Frederick,Run,8187.0,5.087166,2304,2618,46.0,150.919,3.553385,7.548407,4.7,170.0,185.0,561.0,true,false,false,false,false,Frederick,Maryland,United States of America,US
13906975162,2019-07-09,2019-07-09T10:45:49Z,Frederick,Run,6543.6,4.066005,1807,1913,28.4,93.176,3.621251,7.406944,4.46,138.0,167.0,436.0,true,false,false,false,false,Frederick,Maryland,United States of America,US
2540212647,2019-07-09,2019-07-09T10:45:50Z,Frederick,Run,6532.9,4.059356,1807,1913,21.0,68.898,3.615329,7.419075,4.4,162.0,167.0,436.0,true,false,false,false,false,Frederick,Maryland,United States of America,US
2540212506,2019-07-10,2019-07-10T10:48:18Z,Frederick,Run,6534.1,4.060102,1814,1949,21.0,68.898,3.60204,7.446448,4.8,168.0,178.0,437.0,true,false,false,false,false,Frederick,Maryland,United States of America,US
2540212438,2019-07-11,2019-07-11T10:43:54Z,Frederick,Run,6516.9,4.049414,1789,1937,21.0,68.898,3.642761,7.363205,4.2,169.0,177.0,437.0,true,false,false,false,false,Frederick,Maryland,United States of America,US
2540212427,2019-07-13,2019-07-13T13:40:58Z,Frederick,Run,8108.1,5.03814,2288,2731,40.0,131.234,3.54375,7.568931,4.7,168.0,184.0,544.0,true,false,false,false,false,Frederick,Maryland,United States of America,US
13906979748,2019-07-14,2019-07-14T13:38:22Z,Frederick,Run,8144.1,5.060509,2293,2535,56.7,186.024,3.551723,7.551941,5.12,149.0,174.0,551.0,true,false,false,false,false,Frederick,Maryland,United States of America,US
2540212345,2019-07-14,2019-07-14T13:38:23Z,Frederick,Run,8136.3,5.055662,2293,2535,49.0,160.761,3.548321,7.559181,4.4,159.0,174.0,551.0,true,false,false,false,false,Frederick,Maryland,United States of America,US
13906976832,2019-07-17,2019-07-17T10:45:12Z,Frederick,Run,6525.2,4.054571,1775,1899,27.1,88.911,3.676169,7.296291,5.45,174.0,189.0,434.0,true,false,false,false,false,Frederick,Maryland,United States of America,US
2540212233,2019-07-17,2019-07-17T10:45:14Z,Frederick,Run,6520.6,4.051713,1775,1899,21.0,68.898,3.673577,7.301439,4.7,172.0,189.0,434.0,true,false,false,false,false,Frederick,Maryland,United States of America,US
2658992552,2019-07-19,2019-07-19T10:40:23Z,Frederick,Run,6521.5,4.052272,1765,1783,21.0,68.898,3.694901,7.259302,4.8,178.0,194.0,435.0,true,false,false,false,false,Frederick,Maryland,United States of America,US
13906973106,2019-07-19,2019-07-19T10:40:23Z,Frederick,Run,6520.1,4.051402,1760,1765,27.4,89.895,3.704602,7.240291,5.4,179.0,194.0,435.0,true,false,false,false,false,Frederick,Maryland,United States of America,US
13906966419,2019-07-20,2019-07-20T13:00:59Z,"Frederick / Frederick, Riverside Park",Run,6490.7,4.033134,1759,1888,19.2,62.992,3.689994,7.268954,4.94,152.0,177.0,433.0,true,false,false,false,false,Frederick,Maryland,United States of America,US
2658992471,2019-07-20,2019-07-20T13:01:01Z,Frederick,Run,6487.4,4.031083,1759,1888,10.0,32.808,3.688118,7.272652,5.0,168.0,177.0,433.0,true,false,false,false,false,Frederick,Maryland,United States of America,US
2658992419,2019-07-22,2019-07-22T10:39:04Z,Frederick,Run,6503.9,4.041336,1771,1773,25.0,82.021,3.672445,7.30369,4.6,172.0,191.0,439.0,true,false,false,false,false,Frederick,Maryland,United States of America,US
13906984011,2019-07-22,2019-07-22T10:39:07Z,Frederick,Run,6503.1,4.040839,1768,1771,29.3,96.129,3.678224,7.292215,5.22,179.0,191.0,439.0,true,false,false,false,false,Frederick,Maryland,United States of America,US
13906981391,2019-07-26,2019-07-26T10:53:12Z,Frederick,Run,6538.2,4.062649,1800,1935,28.2,92.52,3.632333,7.384344,4.78,173.0,175.0,439.0,true,false,false,false,false,Frederick,Maryland,United States of America,US
2658992362,2019-07-26,2019-07-26T10:53:13Z,Frederick,Run,6527.2,4.055814,1800,1935,24.0,78.74,3.626222,7.396789,4.3,171.0,175.0,439.0,true,false,false,false,false,Frederick,Maryland,United States of America,US
13906978403,2019-07-27,2019-07-27T13:14:08Z,Frederick,Run,6487.3,4.031021,1774,2020,47.0,154.199,3.656877,7.334783,6.0,144.0,183.0,449.0,true,false,false,false,false,Frederick,Maryland,United States of America,US
2658992333,2019-07-27,2019-07-27T13:14:09Z,Frederick,Run,6474.3,4.022944,1774,2020,36.0,118.11,3.649549,7.349511,6.4,163.0,183.0,449.0,true,false,false,false,false,Frederick,Maryland,United States of America,US
2658992328,2019-07-28,2019-07-28T13:39:39Z,Frederick,Run,11393.3,7.079468,3231,5972,70.0,229.659,3.526246,7.606503,4.6,169.0,188.0,780.0,true,true,false,false,false,Frederick,Maryland,United States of America,US
13906975311,2019-07-28,2019-07-28T13:39:40Z,Frederick,Run,11417.5,7.094506,3231,5972,76.0,249.344,3.533736,7.590381,5.02,163.0,188.0,780.0,true,true,false,false,false,Frederick,Maryland,United States of America,US
13906971303,2019-07-31,2019-07-31T10:44:21Z,Frederick,Run,6553.2,4.07197,1735,1824,29.4,96.457,3.777061,7.101395,5.0,173.0,183.0,441.0,true,false,false,false,false,Frederick,Maryland,United States of America,US
2658992252,2019-07-31,2019-07-31T10:44:23Z,Frederick,Run,6542.1,4.065072,1735,1824,24.0,78.74,3.770663,7.113444,4.6,170.0,183.0,441.0,true,false,false,false,false,Frederick,Maryland,United States of America,US
2658992229,2019-08-03,2019-08-03T13:10:44Z,"Frederick, Frederick County Career and Technology Center / Frederick",Run,6625.8,4.117081,1805,2006,31.0,101.706,3.670803,7.306956,4.4,175.0,189.0,448.0,true,false,false,false,false,Frederick,Maryland,United States of America,US
13906962687,2019-08-03,2019-08-03T13:10:45Z,"Frederick, Frederick Community College / Frederick",Run,6654.3,4.13479,1805,2006,39.3,128.937,3.686593,7.275661,5.92,165.0,189.0,448.0,true,false,false,false,false,Frederick,Maryland,United States of America,US
2658992179,2019-08-24,2019-08-24T13:02:33Z,Frederick,Run,6481.1,4.027169,1781,2076,9.0,29.528,3.639023,7.37077,4.2,185.0,197.0,432.0,true,false,false,false,false,Frederick,Maryland,United States of America,US
13906982662,2019-08-24,2019-08-24T13:04:00Z,"Frederick / Frederick, Riverside Park",Run,6560.0,4.076195,1781,2076,16.9,55.446,3.683324,7.282118,4.22,,,432.0,true,false,false,false,false,Frederick,Maryland,United States of America,US
2658992136,2019-08-26,2019-08-26T10:41:31Z,Frederick,Run,6639.7,4.125718,1849,2023,16.0,52.493,3.590968,7.469406,4.4,185.0,192.0,440.0,true,false,false,false,false,Frederick,Maryland,United States of America,US
13906979822,2019-08-26,2019-08-26T10:41:47Z,"Frederick / Frederick, Riverside Park",Run,6586.0,4.092351,1849,2023,19.2,62.992,3.561925,7.530309,4.1,,,440.0,true,false,false,false,false,Frederick,Maryland,United States of America,US
2658992144,2019-08-27,2019-08-27T10:42:59Z,Frederick,Run,6648.8,4.131373,1839,2009,12.0,39.37,3.615443,7.418842,4.7,184.0,193.0,441.0,true,false,false,false,false,Frederick,Maryland,United States of America,US
13906976941,2019-08-27,2019-08-27T10:43:00Z,"Frederick / Frederick, Riverside Park",Run,6610.7,4.107699,1839,2009,19.6,64.304,3.594725,7.461599,4.28,,,441.0,true,false,false,false,false,Frederick,Maryland,United States of America,US
2658992011,2019-08-28,2019-08-28T10:45:30Z,Frederick,Run,6695.8,4.160577,1868,2055,15.0,49.213,3.584475,7.482936,4.8,179.0,191.0,443.0,true,false,false,false,false,Frederick,Maryland,United States of America,US
13906973240,2019-08-28,2019-08-28T10:45:31Z,"Frederick / Frederick, Riverside Park",Run,6594.5,4.097632,1868,2055,18.0,59.055,3.530246,7.597884,4.08,,,443.0,true,false,false,false,false,Frederick,Maryland,United States of America,US
2687309035,2019-08-31,2019-08-31T17:33:08Z,Frederick,Run,8115.8,5.042924,2373,2684,42.0,137.795,3.420059,7.842672,4.4,177.0,187.0,548.0,true,false,false,false,false,Frederick,Maryland,United States of America,US
13906966900,2019-08-31,2019-08-31T17:33:10Z,Frederick,Run,7877.5,4.894852,2373,2684,52.0,170.604,3.319638,8.079918,4.3,,,548.0,true,false,false,false,false,Frederick,Maryland,United States of America,US
13906965472,2019-09-02,2019-09-02T11:04:22Z,"Frederick / Frederick, Riverside Park",Run,6583.0,4.090487,1844,1991,17.9,58.727,3.569957,7.513369,4.24,,,435.0,true,false,false,false,false,Frederick,Maryland,United States of America,US
2687308899,2019-09-02,2019-09-02T11:04:24Z,Running,Run,6610.9,4.107823,1844,1991,11.0,36.089,3.585087,7.48166,4.3,174.0,181.0,435.0,true,false,false,false,false,Frederick,Maryland,United States of America,US
13906983725,2019-09-03,2019-09-03T10:45:32Z,"Frederick / Frederick, Riverside Park",Run,6509.6,4.044878,1826,2014,18.0,59.055,3.564951,7.523919,6.407,,,435.0,true,false,false,false,false,Frederick,Maryland,United States of America,US
2687308877,2019-09-03,2019-09-03T10:45:34Z,Frederick,Run,6605.4,4.104405,1826,2014,8.0,26.247,3.617415,7.414797,4.3,175.0,185.0,435.0,true,false,false,false,false,Frederick,Maryland,United States of America,US
13906981060,2019-09-05,2019-09-05T10:45:31Z,"Frederick / Frederick, Riverside Park",Run,6334.6,3.936138,1848,1853,16.9,55.446,3.427814,7.824929,4.44,,,430.0,true,false,false,false,false,Frederick,Maryland,United States of America,US
2687308883,2019-09-05,2019-09-05T10:45:32Z,Frederick,Run,6517.1,4.049538,1848,1853,11.0,36.089,3.526569,7.605806,4.6,174.0,182.0,430.0,true,false,false,false,false,Frederick,Maryland,United States of America,US
13906978578,2019-09-07,2019-09-07T10:33:50Z,"Frederick / Frederick, Riverside Park",Run,6328.6,3.93241,1790,1792,16.9,55.446,3.535531,7.586527,4.14,,,428.0,true,false,false,false,false,Frederick,Maryland,United States of America,US
2687308815,2019-09-07,2019-09-07T10:33:51Z,Frederick,Run,6513.5,4.047301,1790,1792,9.0,29.528,3.638827,7.371167,6.0,169.0,185.0,428.0,true,false,false,false,false,Frederick,Maryland,United States of America,US
13906974787,2019-09-08,2019-09-08T10:44:15Z,"Frederick / Frederick, Skate Frederick",Run,8116.9,5.043608,2311,2461,28.3,92.848,3.512289,7.636729,4.814,,,549.0,true,false,false,false,false,Frederick,Maryland,United States of America,US
2692322658,2019-09-08,2019-09-08T10:44:17Z,Running,Run,8311.1,5.164278,2311,2461,17.0,55.774,3.596322,7.458287,4.5,170.0,182.0,549.0,true,false,false,false,false,Frederick,Maryland,United States of America,US
2693873184,2019-09-09,2019-09-09T15:24:20Z,Frederick,Run,6515.4,4.048482,1742,1828,15.0,49.213,3.740184,7.171412,4.6,173.0,182.0,435.0,true,false,false,false,false,Frederick,Maryland,United States of America,US
13906962411,2019-09-10,2019-09-10T10:41:19Z,"Frederick / Frederick, Riverside Park",Run,6405.0,3.979882,1790,3466,16.9,55.446,3.578212,7.496034,4.34,,,433.0,true,false,false,false,false,Frederick,Maryland,United States of America,US
2695845851,2019-09-10,2019-09-10T10:41:21Z,Frederick,Run,6570.5,4.082719,1790,3466,14.0,45.932,3.67067,7.307221,6.8,168.0,192.0,433.0,true,false,false,false,false,Frederick,Maryland,United States of America,US
2710906879,2019-09-15,2019-09-15T11:10:47Z,Frederick,Run,8083.8,5.02304,2232,2296,21.0,68.898,3.621774,7.405873,5.0,170.0,176.0,541.0,true,false,false,false,false,Frederick,Maryland,United States of America,US
13906982553,2019-09-15,2019-09-15T11:10:48Z,"Frederick / Frederick, Skate Frederick",Run,7901.0,4.909454,2232,2296,25.5,83.661,3.539875,7.577218,4.2,,,541.0,true,false,false,false,false,Frederick,Maryland,United States of America,US
2716133638,2019-09-17,2019-09-17T10:43:11Z,Frederick,Run,6555.6,4.073461,1833,1904,23.0,75.459,3.576432,7.499765,5.9,173.0,192.0,429.0,true,false,false,false,false,Frederick,Maryland,United States of America,US
13906976762,2019-09-19,2019-09-19T10:26:58Z,"Frederick / Frederick, Skate Frederick",Run,7934.3,4.930145,2176,2267,25.4,83.333,3.646278,7.356105,4.4,,,538.0,true,false,false,false,false,Frederick,Maryland,United States of America,US
2721941662,2019-09-19,2019-09-19T10:27:00Z,Frederick,Run,8116.5,5.043359,2176,2267,19.0,62.336,3.730009,7.190974,4.9,178.0,189.0,538.0,true,false,false,false,false,Frederick,Maryland,United States of America,US
13906973090,2019-09-20,2019-09-20T10:50:26Z,"Frederick / Frederick, Riverside Park",Run,6511.8,4.046245,1780,1882,16.9,55.446,3.658315,7.331901,4.3,,,436.0,true,false,false,false,false,Frederick,Maryland,United States of America,US
2740844853,2019-09-20,2019-09-20T10:50:27Z,Frederick,Run,6614.6,4.110122,1780,1882,9.0,29.528,3.716067,7.217953,4.4,175.0,192.0,436.0,true,false,false,false,false,Frederick,Maryland,United States of America,US
2740844810,2019-09-21,2019-09-21T13:15:16Z,Frederick,Run,8998.7,5.591533,2426,2589,54.0,177.165,3.709275,7.231171,4.7,170.0,185.0,606.0,true,false,false,false,false,Frederick,Maryland,United States of America,US
13906966388,2019-09-21,2019-09-21T13:15:17Z,Frederick,Run,8805.8,5.47167,2426,2589,66.9,219.488,3.629761,7.389578,4.42,,,606.0,true,false,false,false,false,Frederick,Maryland,United States of America,US
2740844824,2019-09-23,2019-09-23T10:26:09Z,Frederick,Run,8150.2,5.064299,2265,2361,36.0,118.11,3.598322,7.454141,4.6,176.0,186.0,546.0,true,false,false,false,false,Frederick,Maryland,United States of America,US
2740845009,2019-09-24,2019-09-24T10:41:24Z,Frederick,Run,8083.6,5.022916,2271,2490,25.0,82.021,3.559489,7.535463,4.2,171.0,186.0,554.0,true,false,false,false,false,Frederick,Maryland,United States of America,US
13906981319,2019-09-24,2019-09-24T10:41:26Z,Frederick,Run,7928.7,4.926666,2271,2490,24.2,79.396,3.491281,7.682681,4.12,,,554.0,true,false,false,false,false,Frederick,Maryland,United States of America,US
2741094413,2019-09-26,2019-09-26T10:49:59Z,Frederick,Run,8118.7,5.044726,2230,2368,19.0,62.336,3.640673,7.36743,4.2,167.0,175.0,559.0,true,false,false,false,false,Frederick,Maryland,United States of America,US
2924108106,2019-09-28,2019-09-28T12:57:56Z,Frederick,Run,8174.3,5.079275,2215,2409,17.0,55.774,3.690429,7.268098,4.5,167.0,185.0,566.0,true,false,false,false,false,Frederick,Maryland,United States of America,US
2924108114,2019-09-29,2019-09-29T12:53:18Z,Frederick,Run,6490.3,4.032885,1771,1903,8.0,26.247,3.664766,7.318995,5.2,168.0,178.0,444.0,true,false,false,false,false,Frederick,Maryland,United States of America,US
2924108111,2019-09-30,2019-09-30T10:48:03Z,Frederick,Run,8164.0,5.072874,2226,2318,37.0,121.391,3.667565,7.313408,4.3,169.0,176.0,566.0,true,false,false,false,false,Frederick,Maryland,United States of America,US
2924108086,2019-10-01,2019-10-01T10:50:06Z,"Frederick / Frederick, Skate Frederick",Run,8123.0,5.047398,2223,2296,19.0,62.336,3.654071,7.340416,4.4,170.0,180.0,561.0,true,false,false,false,false,Frederick,Maryland,United States of America,US
2924108123,2019-10-02,2019-10-02T10:54:51Z,Frederick,Run,8120.6,5.045907,2247,2359,36.0,118.11,3.613974,7.421857,4.6,168.0,183.0,563.0,true,false,false,false,false,Frederick,Maryland,United States of America,US
2924108110,2019-10-03,2019-10-03T10:35:55Z,Frederick,Run,6532.5,4.059107,1802,1947,18.0,59.055,3.625139,7.399,4.7,167.0,176.0,448.0,true,false,false,false,false,Frederick,Maryland,United States of America,US
13906972862,2019-10-08,2019-10-08T10:56:41Z,Frederick,Run,6352.9,3.947509,1783,1925,28.4,93.176,3.56304,7.527954,4.2,,,457.0,true,false,false,false,false,Frederick,Maryland,United States of America,US
2924108058,2019-10-08,2019-10-08T10:56:43Z,Frederick,Run,6545.2,4.066999,1783,1925,29.0,95.144,3.670892,7.30678,4.4,174.0,180.0,457.0,true,false,false,false,false,Frederick,Maryland,United States of America,US
2924108060,2019-10-10,2019-10-10T11:00:46Z,Frederick,Run,6542.1,4.065072,1780,1784,27.0,88.583,3.675337,7.297943,5.2,178.0,187.0,455.0,true,false,false,false,false,Frederick,Maryland,United States of America,US
2924108057,2019-10-11,2019-10-11T10:48:16Z,Frederick,Run,8206.6,5.099345,2259,2287,39.0,127.953,3.632846,7.383301,4.8,175.0,200.0,577.0,true,false,false,false,false,Frederick,Maryland,United States of America,US
2924108064,2019-10-14,2019-10-14T11:09:14Z,"Frederick / Frederick, Skate Frederick",Run,8230.2,5.114009,2251,2365,20.0,65.617,3.656242,7.336058,4.3,172.0,182.0,572.0,true,false,false,false,false,Frederick,Maryland,United States of America,US
2924108076,2019-10-16,2019-10-16T10:59:44Z,Frederick,Run,6577.4,4.087007,1781,1884,24.0,78.74,3.693094,7.262854,4.2,173.0,187.0,456.0,true,false,false,false,false,Frederick,Maryland,United States of America,US
2924108048,2019-10-17,2019-10-17T10:52:15Z,Frederick,Run,6543.7,4.066067,1802,1818,24.0,78.74,3.631354,7.386336,4.5,169.0,185.0,451.0,true,false,false,false,false,Frederick,Maryland,United States of America,US
2924108035,2019-10-18,2019-10-18T10:53:51Z,Frederick,Run,6527.6,4.056063,1796,1896,22.0,72.178,3.634521,7.379899,4.3,180.0,205.0,452.0,true,false,false,false,false,Frederick,Maryland,United States of America,US
2924108101,2019-10-21,2019-10-21T10:47:49Z,Frederick,Run,8096.6,5.030994,2231,2292,39.0,127.953,3.629135,7.390852,4.2,170.0,178.0,571.0,true,false,false,false,false,Frederick,Maryland,United States of America,US
2924108046,2019-10-23,2019-10-23T10:44:49Z,Running,Run,8076.6,5.018567,2254,2326,38.0,124.672,3.58323,7.485537,4.7,172.0,180.0,565.0,true,false,false,false,false,Frederick,Maryland,United States of America,US
2924108084,2019-10-25,2019-10-25T10:57:10Z,Frederick,Run,8149.9,5.064113,2236,2321,41.0,134.514,3.644857,7.358972,5.0,174.0,190.0,575.0,true,false,false,false,false,Frederick,Maryland,United States of America,US
2924108054,2019-10-27,2019-10-27T17:29:14Z,Frederick,Run,6485.0,4.029592,1856,2188,22.0,72.178,3.494073,7.676542,4.0,167.0,180.0,453.0,true,false,false,false,false,Frederick,Maryland,United States of America,US
2924108104,2019-10-28,2019-10-28T10:53:05Z,Frederick,Run,8094.1,5.029441,2265,2358,40.0,131.234,3.573554,7.505805,4.7,169.0,185.0,567.0,true,false,false,false,false,Frederick,Maryland,United States of America,US
2924108018,2019-10-29,2019-10-29T10:58:15Z,Frederick,Run,6584.6,4.091481,1843,2014,21.0,68.898,3.572762,7.507469,4.7,163.0,184.0,456.0,true,false,false,false,false,Frederick,Maryland,United States of America,US
2924108033,2019-10-30,2019-10-30T10:51:49Z,Frederick,Run,8098.6,5.032237,2289,2530,41.0,134.514,3.538052,7.581122,6.4,169.0,186.0,570.0,true,false,false,false,false,Frederick,Maryland,United States of America,US
2924108011,2019-11-01,2019-11-01T11:03:09Z,Frederick,Run,6539.8,4.063643,1835,1838,29.0,95.144,3.563924,7.526087,4.9,176.0,190.0,453.0,true,false,false,false,false,Frederick,Maryland,United States of America,US
13906970479,2019-11-04,2019-11-04T11:45:58Z,Frederick,Run,7928.8,4.926728,2192,2311,31.7,104.003,3.617153,7.415334,4.36,,,569.0,true,false,false,false,false,Frederick,Maryland,United States of America,US
2924108005,2019-11-04,2019-11-04T11:46:01Z,Frederick,Run,8113.8,5.041682,2192,2311,28.0,91.864,3.701551,7.24626,4.5,169.0,182.0,569.0,true,false,false,false,false,Frederick,Maryland,United States of America,US
2924108032,2019-11-05,2019-11-05T11:46:46Z,Frederick,Run,8095.5,5.03031,2199,2289,36.0,118.11,3.681446,7.285833,4.8,171.0,183.0,572.0,true,false,false,false,false,Frederick,Maryland,United States of America,US
2924107998,2019-11-06,2019-11-06T11:55:59Z,"Frederick / Frederick, Riverside Park",Run,6499.7,4.038726,1734,1804,12.0,39.37,3.748385,7.155721,4.5,171.0,196.0,452.0,true,false,false,false,false,Frederick,Maryland,United States of America,US
2924108017,2019-11-07,2019-11-07T11:47:55Z,"Frederick / Frederick, Skate Frederick",Run,6505.9,4.042579,1784,1995,22.0,72.178,3.646805,7.355041,4.5,174.0,198.0,454.0,true,false,false,false,false,Frederick,Maryland,United States of America,US
2924108021,2019-11-10,2019-11-10T14:54:47Z,Frederick,Run,8220.0,5.107671,2230,2383,50.0,164.042,3.686099,7.276636,4.7,169.0,181.0,580.0,true,false,false,false,false,Frederick,Maryland,United States of America,US
2924108051,2019-11-11,2019-11-11T14:28:51Z,Frederick,Run,10559.5,6.561369,2943,3612,54.0,177.165,3.588005,7.475574,4.4,166.0,185.0,754.0,true,true,false,false,false,Frederick,Maryland,United States of America,US
2924108023,2019-11-13,2019-11-13T11:38:51Z,Frederick,Run,8197.2,5.093504,2322,2424,48.0,157.48,3.530233,7.597913,4.5,171.0,183.0,584.0,true,false,false,false,false,Frederick,Maryland,United States of America,US
2924108000,2019-11-14,2019-11-14T11:42:33Z,Frederick,Run,8127.0,5.049884,2251,2422,45.0,147.638,3.610395,7.429214,4.4,170.0,203.0,579.0,true,false,false,false,false,Frederick,Maryland,United States of America,US
2924107984,2019-11-16,2019-11-16T13:42:50Z,Frederick,Run,9751.8,6.059488,2699,2794,76.0,249.344,3.613116,7.42362,4.5,173.0,194.0,711.0,true,false,false,false,false,Frederick,Maryland,United States of America,US
13906978354,2019-11-18,2019-11-18T11:46:43Z,Frederick,Run,7819.7,4.858936,2265,2411,41.9,137.467,3.452406,7.76919,4.08,,,575.0,true,false,false,false,false,Frederick,Maryland,United States of America,US
2924107978,2019-11-18,2019-11-18T11:46:44Z,Frederick,Run,8094.0,5.029378,2265,2411,43.0,141.076,3.57351,7.505898,4.2,167.0,184.0,575.0,true,false,false,false,false,Frederick,Maryland,United States of America,US
2924108003,2019-11-19,2019-11-19T12:04:12Z,Frederick,Run,6579.0,4.088001,1809,1884,26.0,85.302,3.636816,7.375243,4.2,172.0,193.0,467.0,true,false,false,false,false,Frederick,Maryland,United States of America,US
2924108007,2019-11-22,2019-11-22T11:52:35Z,Frederick,Run,8150.3,5.064362,2260,2432,41.0,134.514,3.606327,7.437594,4.4,181.0,200.0,582.0,true,false,false,false,false,Frederick,Maryland,United States of America,US
2924107997,2019-11-26,2019-11-26T11:41:27Z,Frederick,Run,8078.9,5.019996,2247,2342,41.0,134.514,3.595416,7.460166,4.5,169.0,173.0,573.0,true,false,false,false,false,Frederick,Maryland,United States of America,US
13906982658,2019-11-30,2019-11-30T12:28:38Z,"Frederick / Frederick, Riverside Park",Run,6486.4,4.030462,1822,2066,17.1,56.102,3.560044,7.534289,5.907,,,459.0,true,false,false,false,false,Frederick,Maryland,United States of America,US
2924107967,2019-11-30,2019-11-30T12:28:40Z,"Frederick / Frederick, Riverside Park",Run,6578.5,4.08769,1822,2066,8.0,26.247,3.610593,7.428808,4.8,155.0,191.0,459.0,true,false,false,false,false,Frederick,Maryland,United States of America,US
13906981040,2019-12-03,2019-12-03T11:52:34Z,Frederick,Run,7819.5,4.858812,2266,2332,41.8,137.139,3.450794,7.772819,6.16,,,574.0,true,false,false,false,false,Frederick,Maryland,United States of America,US
2924108013,2019-12-03,2019-12-03T11:52:36Z,Frederick,Run,8082.4,5.022171,2266,2332,48.0,157.48,3.566814,7.519989,4.2,178.0,193.0,574.0,true,false,false,false,false,Frederick,Maryland,United States of America,US
2924107995,2019-12-04,2019-12-04T11:58:07Z,Frederick,Run,8117.7,5.044105,2285,2383,40.0,131.234,3.552604,7.550068,4.3,175.0,182.0,581.0,true,false,false,false,false,Frederick,Maryland,United States of America,US
2924106289,2019-12-08,2019-12-08T11:54:29Z,Frederick,Run,8091.5,5.027825,2224,2427,32.0,104.987,3.638264,7.372306,4.6,175.0,183.0,567.0,true,false,false,false,false,Frederick,Maryland,United States of America,US
2943053123,2019-12-12,2019-12-12T11:58:20Z,Frederick,Run,8138.3,5.056905,2312,2427,44.0,144.357,3.520026,7.619944,4.6,178.0,196.0,580.0,true,false,false,false,false,Frederick,Maryland,United States of America,US
2943053128,2019-12-15,2019-12-15T15:39:11Z,Frederick,Run,8364.3,5.197335,2346,2705,41.0,134.514,3.565345,7.523086,4.7,172.0,190.0,589.0,true,false,false,false,false,Frederick,Maryland,United States of America,US
2943053134,2019-12-18,2019-12-18T12:00:59Z,Frederick,Run,8918.5,5.541699,2542,2728,78.2,256.562,3.508458,7.645068,4.4,178.0,198.0,628.0,true,false,false,false,false,Frederick,Maryland,United States of America,US
2943053132,2019-12-19,2019-12-19T12:02:30Z,Frederick,Run,8309.5,5.163284,2393,2594,47.0,154.199,3.47242,7.724412,4.3,171.0,178.0,592.0,true,false,false,false,false,Frederick,Maryland,United States of America,US
13906977098,2019-12-20,2019-12-20T11:50:22Z,Frederick,Run,7886.3,4.90032,2308,2429,35.9,117.782,3.416941,7.849828,4.0,,,569.0,true,false,false,false,false,Frederick,Maryland,United States of America,US
2947107903,2019-12-20,2019-12-20T11:50:23Z,Frederick,Run,8104.5,5.035903,2308,2429,36.0,118.11,3.511482,7.638485,4.3,172.0,182.0,569.0,true,false,false,false,false,Frederick,Maryland,United States of America,US
2947107880,2019-12-21,2019-12-21T14:01:08Z,Frederick,Run,8148.4,5.063181,2309,2574,30.0,98.425,3.528974,7.600624,4.4,170.0,185.0,581.0,true,false,false,false,false,Frederick,Maryland,United States of America,US
3056337149,2019-12-27,2019-12-27T14:15:22Z,Running,Run,6596.4,4.098813,1834,1970,38.0,124.672,3.596728,7.457444,4.6,172.0,184.0,467.0,true,false,false,false,false,Frederick,Maryland,United States of America,US
13906984024,2019-12-29,2019-12-29T14:15:16Z,Frederick,Run,6347.8,3.94434,1796,1868,28.5,93.504,3.53441,7.588933,4.167,,,459.0,true,false,false,false,false,Frederick,Maryland,United States of America,US
3056337111,2019-12-29,2019-12-29T14:15:17Z,Running,Run,6519.4,4.050967,1796,1868,38.7,126.969,3.629955,7.389182,4.4,170.0,177.0,459.0,true,false,false,false,false,Frederick,Maryland,United States of America,US
3056337122,2019-12-31,2019-12-31T11:57:52Z,Running,Run,6874.0,4.271306,1935,2071,35.4,116.142,3.552455,7.550385,4.2,141.0,176.0,481.0,true,false,false,false,false,Frederick,Maryland,United States of America,US
13906976742,2020-01-01,2020-01-01T15:19:28Z,Frederick,Run,7933.9,4.929897,2269,2347,37.7,123.688,3.496651,7.670884,3.94,,,583.0,true,false,false,false,false,Frederick,Maryland,United States of America,US
3056337119,2020-01-01,2020-01-01T15:19:30Z,Running,Run,8122.7,5.047212,2269,2347,65.6,215.223,3.579859,7.492586,4.9,174.0,182.0,583.0,true,false,false,false,false,Frederick,Maryland,United States of America,US
13906972891,2020-01-02,2020-01-02T11:56:44Z,Frederick,Run,7801.3,4.847503,2324,2330,38.3,125.656,3.356842,7.990368,3.86,,,578.0,true,false,false,false,false,Frederick,Maryland,United States of America,US
3056337191,2020-01-02,2020-01-02T11:56:45Z,Running,Run,8070.0,5.014466,2324,2330,65.4,214.567,3.472461,7.724319,4.0,168.0,182.0,578.0,true,false,false,false,false,Frederick,Maryland,United States of America,US
3056337100,2020-01-09,2020-01-09T11:40:29Z,Running,Run,8114.3,5.041992,2353,2484,56.5,185.367,3.448491,7.77801,4.0,174.0,187.0,580.0,true,false,false,false,false,Frederick,Maryland,United States of America,US
13906983845,2020-01-11,2020-01-11T14:14:54Z,Frederick,Run,9527.7,5.920238,2741,2909,48.7,159.777,3.475994,7.716469,4.721,,,686.0,true,false,false,false,false,Frederick,Maryland,United States of America,US
3056337093,2020-01-11,2020-01-11T14:14:56Z,Frederick,Run,9723.9,6.042151,2741,2909,81.4,267.06,3.547574,7.560773,4.0,175.0,188.0,686.0,true,false,false,false,false,Frederick,Maryland,United States of America,US
3056337102,2020-01-23,2020-01-23T11:40:42Z,Frederick,Run,8109.5,5.03901,2353,2529,63.7,208.99,3.446451,7.782614,4.1,173.0,185.0,571.0,true,false,false,false,false,Frederick,Maryland,United States of America,US
13906978675,2020-01-24,2020-01-24T11:43:51Z,Frederick,Run,7962.3,4.947544,2331,2488,40.7,133.53,3.41583,7.852381,3.96,,,569.0,true,false,false,false,false,Frederick,Maryland,United States of America,US
3056337081,2020-01-24,2020-01-24T11:43:54Z,Frederick,Run,8115.5,5.042738,2331,2488,63.7,208.99,3.481553,7.704148,4.7,175.0,199.0,569.0,true,false,false,false,false,Frederick,Maryland,United States of America,US
3056337163,2020-01-26,2020-01-26T14:54:51Z,Frederick,Run,12897.0,8.013824,3654,4228,70.4,230.971,3.529557,7.599368,4.6,173.0,194.0,925.0,true,true,false,false,false,Frederick,Maryland,United States of America,US
3056337087,2020-01-28,2020-01-28T11:39:42Z,Frederick,Run,8226.9,5.111959,2340,7486,62.0,203.412,3.515769,7.62917,4.1,170.0,193.0,591.0,true,false,false,false,false,Frederick,Maryland,United States of America,US
13906962686,2020-01-29,2020-01-29T11:52:32Z,Frederick,Run,7093.1,4.407448,2086,2215,37.7,123.688,3.400336,7.888163,3.94,,,530.0,true,false,false,false,false,Frederick,Maryland,United States of America,US
3056337103,2020-01-29,2020-01-29T11:52:34Z,Frederick,Run,7251.5,4.505873,2086,2215,61.5,201.772,3.47627,7.715856,4.5,178.0,194.0,530.0,true,false,false,false,false,Frederick,Maryland,United States of America,US
3056337069,2020-01-30,2020-01-30T11:42:20Z,Frederick,Run,8066.2,5.012104,2335,2721,61.7,202.428,3.454475,7.764536,4.2,175.0,186.0,580.0,true,false,false,false,false,Frederick,Maryland,United States of America,US
13906982679,2020-01-30,2020-01-30T11:42:25Z,Frederick,Run,8022.2,4.984764,2335,2721,40.7,133.53,3.435632,7.807123,3.88,,,580.0,true,false,false,false,false,Frederick,Maryland,United States of America,US
3066336332,2020-01-31,2020-01-31T11:34:24Z,Frederick,Run,8217.5,5.106118,2300,2628,61.0,200.131,3.572826,7.507334,4.3,168.0,187.0,585.0,true,false,false,false,false,Frederick,Maryland,United States of America,US
3066336425,2020-02-02,2020-02-02T14:40:03Z,Frederick,Run,13420.6,8.339174,3853,4635,67.5,221.457,3.483156,7.700603,4.3,169.0,200.0,963.0,true,true,false,false,false,Frederick,Maryland,United States of America,US
13906976841,2020-02-05,2020-02-05T11:43:21Z,Frederick,Run,8107.4,5.037705,2400,2511,40.8,133.858,3.378083,7.940124,4.02,,,597.0,true,false,false,false,false,Frederick,Maryland,United States of America,US
13906972971,2020-02-20,2020-02-20T11:53:11Z,Frederick,Run,6309.0,3.920231,1869,1899,27.3,89.567,3.375602,7.945961,3.9,,,468.0,true,false,false,false,false,Frederick,Maryland,United States of America,US
13906966247,2020-02-21,2020-02-21T11:41:13Z,Frederick,Run,7970.6,4.952701,2335,2495,40.7,133.53,3.413533,7.857665,4.0,,,578.0,true,false,false,false,false,Frederick,Maryland,United States of America,US
13906983934,2020-02-22,2020-02-22T19:46:45Z,Frederick,Run,8174.1,5.07915,2250,2588,37.6,123.36,3.632933,7.383125,4.32,,,581.0,true,false,false,false,false,Frederick,Maryland,United States of America,US
13906981299,2020-02-24,2020-02-24T11:36:12Z,Frederick,Run,6355.1,3.948876,1810,1934,28.4,93.176,3.511105,7.639304,4.34,,,464.0,true,false,false,false,false,Frederick,Maryland,United States of America,US
13906978339,2020-02-29,2020-02-29T15:11:36Z,Frederick,Run,8039.1,4.995265,2309,2531,37.5,123.031,3.481637,7.703962,4.02,,,592.0,true,false,false,false,false,Frederick,Maryland,United States of America,US
13906976678,2020-03-02,2020-03-02T11:40:10Z,Frederick,Run,8009.2,4.976686,2306,2566,40.8,133.858,3.4732,7.722676,4.02,,,586.0,true,false,false,false,false,Frederick,Maryland,United States of America,US
3256185353,2020-03-02,2020-03-02T11:40:13Z,Frederick,Run,8064.5,5.011048,2306,2566,47.1,154.528,3.497181,7.66972,4.3,141.0,189.0,586.0,true,false,false,false,false,Frederick,Maryland,United States of America,US
13906972867,2020-03-05,2020-03-05T11:46:54Z,Frederick,Run,8155.1,5.067344,2289,2657,37.6,123.36,3.562735,7.528598,5.279,,,585.0,true,false,false,false,false,Frederick,Maryland,United States of America,US
3256185329,2020-03-05,2020-03-05T11:46:57Z,Frederick,Run,8056.6,5.006139,2289,2657,45.5,149.278,3.519703,7.620643,4.5,173.0,197.0,585.0,true,false,false,false,false,Frederick,Maryland,United States of America,US
13906965762,2020-03-08,2020-03-08T13:54:22Z,Frederick,Run,7961.9,4.947295,2276,2366,37.7,123.688,3.498199,7.667489,4.16,,,590.0,true,false,false,false,false,Frederick,Maryland,United States of America,US
3256185328,2020-03-08,2020-03-08T13:54:23Z,Frederick,Run,8170.2,5.076727,2276,2366,43.3,142.06,3.589719,7.472006,4.3,177.0,196.0,590.0,true,false,false,false,false,Frederick,Maryland,United States of America,US
13906983826,2020-03-10,2020-03-10T10:50:43Z,Frederick,Run,7866.7,4.888141,2370,2549,42.2,138.451,3.319283,8.080782,3.86,,,593.0,true,false,false,false,false,Frederick,Maryland,United States of America,US
3256185318,2020-03-10,2020-03-10T10:50:46Z,Frederick,Run,8058.3,5.007195,2370,2549,39.4,129.265,3.400127,7.888647,4.6,173.0,194.0,593.0,true,false,false,false,false,Frederick,Maryland,United States of America,US
3256185321,2020-03-11,2020-03-11T10:38:39Z,Frederick,Run,8080.6,5.021052,2363,2578,42.4,139.108,3.419636,7.843642,4.1,165.0,196.0,586.0,true,false,false,false,false,Frederick,Maryland,United States of America,US
13906978343,2020-03-15,2020-03-15T13:32:04Z,Frederick,Run,8056.5,5.006077,2291,2507,37.7,123.688,3.516587,7.627396,6.4,,,585.0,true,false,false,false,false,Frederick,Maryland,United States of America,US
3256185310,2020-03-15,2020-03-15T13:32:07Z,Frederick,Run,8100.8,5.033604,2291,2507,46.0,150.919,3.535923,7.585685,4.3,169.0,190.0,585.0,true,false,false,false,false,Frederick,Maryland,United States of America,US
3256185316,2020-03-17,2020-03-17T10:35:14Z,Frederick,Run,8089.9,5.026831,2289,2540,45.4,148.95,3.534251,7.589275,4.3,175.0,184.0,583.0,true,false,false,false,false,Frederick,Maryland,United States of America,US
3256185313,2020-03-18,2020-03-18T10:48:19Z,Frederick,Run,8151.9,5.065356,2297,2459,45.3,148.622,3.548933,7.557876,4.1,171.0,206.0,588.0,true,false,false,false,false,Frederick,Maryland,United States of America,US
3256185311,2020-03-20,2020-03-20T10:47:31Z,Frederick,Run,8120.7,5.045969,2264,2436,45.3,148.622,3.586882,7.477916,4.3,169.0,186.0,588.0,true,false,false,false,false,Frederick,Maryland,United States of America,US
3256185290,2020-03-22,2020-03-22T13:26:31Z,Frederick,Run,8159.3,5.069954,2284,2427,49.0,160.761,3.572373,7.508286,4.2,160.0,175.0,590.0,true,false,false,false,false,Frederick,Maryland,United States of America,US
13906979836,2020-03-24,2020-03-24T10:51:55Z,Frederick,Run,8060.6,5.008625,2323,2522,37.7,123.688,3.46991,7.73,4.08,,,588.0,true,false,false,false,false,Frederick,Maryland,United States of America,US
3256185272,2020-03-24,2020-03-24T10:51:58Z,Frederick,Run,8145.0,5.061068,2323,2522,42.5,139.436,3.506242,7.6499,4.1,174.0,188.0,588.0,true,false,false,false,false,Frederick,Maryland,United States of America,US
3256185258,2020-03-28,2020-03-28T17:17:13Z,Frederick,Run,8202.6,5.096859,2281,2438,44.4,145.669,3.596054,7.458842,4.7,167.0,184.0,591.0,true,false,false,false,false,Frederick,Maryland,United States of America,US
3256185292,2020-04-01,2020-04-01T10:35:16Z,Frederick,Run,8144.4,5.060696,2278,2447,45.9,150.591,3.575241,7.502263,5.6,168.0,184.0,586.0,true,false,false,false,false,Frederick,Maryland,United States of America,US
3256185277,2020-04-03,2020-04-03T10:50:07Z,Frederick,Run,8146.5,5.062,2317,2484,47.5,155.84,3.515969,7.628736,4.2,171.0,181.0,580.0,true,false,false,false,false,Frederick,Maryland,United States of America,US
13906966033,2020-04-04,2020-04-04T18:02:28Z,Frederick,Run,8065.2,5.011483,2277,2502,37.2,122.047,3.542029,7.572609,4.08,,,585.0,true,false,false,false,false,Frederick,Maryland,United States of America,US
3256185273,2020-04-04,2020-04-04T18:02:29Z,Frederick,Run,8131.3,5.052556,2277,2502,40.5,132.874,3.571058,7.51105,4.6,167.0,192.0,585.0,true,false,false,false,false,Frederick,Maryland,United States of America,US
13906983914,2020-04-06,2020-04-06T11:00:03Z,Frederick,Run,8081.8,5.021798,2253,2426,37.6,123.36,3.587128,7.477402,4.02,,,590.0,true,false,false,false,false,Frederick,Maryland,United States of America,US
3444429137,2020-04-06,2020-04-06T11:00:05Z,Frederick,Run,8149.8,5.064051,2253,2426,42.4,139.108,3.61731,7.415012,4.7,168.0,174.0,590.0,true,false,false,false,false,Frederick,Maryland,United States of America,US
3444429096,2020-04-08,2020-04-08T10:51:55Z,Frederick,Run,8206.5,5.099283,2303,2409,43.5,142.717,3.563396,7.527202,4.0,173.0,189.0,598.0,true,false,false,false,false,Frederick,Maryland,United States of America,US
3444429139,2020-04-10,2020-04-10T10:37:07Z,"Frederick / Frederick, Skate Frederick",Run,8088.9,5.026209,2259,2335,28.7,94.16,3.580744,7.490734,4.5,171.0,176.0,585.0,true,false,false,false,false,Frederick,Maryland,United States of America,US
13906975049,2020-04-19,2020-04-19T18:06:02Z,Frederick,Run,8181.5,5.083748,2256,2446,37.7,123.688,3.626551,7.396117,4.34,,,599.0,true,false,false,false,false,Frederick,Maryland,United States of America,US
3444429098,2020-04-19,2020-04-19T18:06:04Z,Frederick,Run,8194.3,5.091702,2256,2446,43.0,141.076,3.632225,7.384564,4.4,176.0,186.0,599.0,true,false,false,false,false,Frederick,Maryland,United States of America,US
3444429073,2020-05-11,2020-05-11T10:45:23Z,Walkersville,Run,6664.6,4.14119,1921,2006,23.0,75.459,3.469339,7.731271,4.3,182.0,210.0,451.0,true,false,false,false,false,Walkersville,Maryland,United States of America,US
13906974768,2020-05-13,2020-05-13T10:52:58Z,Walkersville,Run,6857.8,4.261239,1975,2824,25.4,83.333,3.472304,7.72467,4.82,174.0,204.0,464.0,true,false,false,false,false,Walkersville,Maryland,United States of America,US
3444429082,2020-05-13,2020-05-13T10:53:01Z,Walkersville,Run,6841.9,4.25136,1975,2824,92.0,301.837,3.464253,7.742621,4.6,179.0,204.0,464.0,true,false,false,false,false,Walkersville,Maryland,United States of America,US
13906970735,2020-05-15,2020-05-15T10:49:15Z,Walkersville,Run,7810.6,4.853282,2250,2253,24.9,81.693,3.471378,7.72673,4.66,177.0,187.0,531.0,true,false,false,false,false,Walkersville,Maryland,United States of America,US
3454412324,2020-05-15,2020-05-15T10:49:18Z,Walkersville,Run,7808.8,4.852163,2250,2253,29.8,97.769,3.470578,7.728511,4.8,180.0,187.0,531.0,true,false,false,false,false,Walkersville,Maryland,United States of America,US
3481869775,2020-05-20,2020-05-20T10:44:07Z,Walkersville,Run,8196.5,5.093069,2404,2630,32.6,106.955,3.409526,7.8669,4.2,171.0,181.0,554.0,true,false,false,false,false,Walkersville,Maryland,United States of America,US
13906982564,2020-05-24,2020-05-24T17:53:06Z,Walkersville,Run,8600.5,5.344103,2468,2739,31.3,102.69,3.484806,7.696958,5.36,165.0,183.0,581.0,true,false,false,false,false,Walkersville,Maryland,United States of America,US
3506611904,2020-05-24,2020-05-24T17:53:07Z,Walkersville,Run,8583.7,5.333664,2468,2739,36.3,119.094,3.477998,7.712022,4.3,166.0,183.0,581.0,true,false,false,false,false,Walkersville,Maryland,United States of America,US
13906979745,2020-05-27,2020-05-27T10:40:09Z,Walkersville,Run,8142.8,5.059701,2316,2446,29.2,95.801,3.515889,7.628909,4.86,176.0,189.0,550.0,true,false,false,false,false,Walkersville,Maryland,United States of America,US
3519515165,2020-05-27,2020-05-27T10:40:11Z,Walkersville,Run,8126.9,5.049822,2316,2446,36.0,118.11,3.509024,7.643834,4.5,176.0,189.0,550.0,true,false,false,false,false,Walkersville,Maryland,United States of America,US
13906976900,2020-05-29,2020-05-29T10:55:32Z,Walkersville,Run,7259.8,4.511031,2052,2281,29.4,96.457,3.537914,7.581416,5.08,178.0,197.0,495.0,true,false,false,false,false,Walkersville,Maryland,United States of America,US
3530253036,2020-05-29,2020-05-29T10:55:33Z,Walkersville,Run,7249.8,4.504817,2052,2281,34.5,113.189,3.533041,7.591874,4.4,178.0,197.0,495.0,true,false,false,false,false,Walkersville,Maryland,United States of America,US
13906973094,2020-05-31,2020-05-31T17:11:01Z,Walkersville,Run,8168.8,5.075857,2426,2649,26.1,85.63,3.367189,7.965814,4.68,165.0,180.0,550.0,true,false,false,false,false,Walkersville,Maryland,United States of America,US
3544083739,2020-05-31,2020-05-31T17:11:04Z,Walkersville,Run,8141.4,5.058831,2426,2649,29.1,95.472,3.355894,7.992623,4.2,165.0,180.0,550.0,true,false,false,false,false,Walkersville,Maryland,United States of America,US
3579512109,2020-06-07,2020-06-07T17:32:27Z,Walkersville,Run,6475.0,4.023378,1914,2300,25.4,83.333,3.382968,7.92866,4.1,170.0,186.0,429.0,true,false,false,false,false,Walkersville,Maryland,United States of America,US
3597142874,2020-06-11,2020-06-11T10:26:41Z,Walkersville,Run,6495.0,4.035806,1942,2253,31.6,103.675,3.34449,8.019877,4.2,165.0,193.0,433.0,true,false,false,false,false,Walkersville,Maryland,United States of America,US
3617888911,2020-06-15,2020-06-15T10:46:55Z,Walkersville,Run,7354.9,4.570123,2114,2222,36.2,118.766,3.479139,7.709493,4.3,181.0,204.0,491.0,true,false,false,false,false,Walkersville,Maryland,United States of America,US
3637910856,2020-06-19,2020-06-19T11:01:29Z,Walkersville,Run,6813.8,4.233899,1919,2039,36.7,120.407,3.550703,7.554109,4.2,173.0,192.0,459.0,true,false,false,false,false,Walkersville,Maryland,United States of America,US
3660358092,2020-06-23,2020-06-23T10:32:34Z,Walkersville,Run,7327.0,4.552787,2100,2161,35.7,117.126,3.489048,7.687599,4.2,179.0,193.0,490.0,true,false,false,false,false,Walkersville,Maryland,United States of America,US
13906974963,2020-06-25,2020-06-25T10:48:36Z,Walkersville,Run,7289.9,4.529734,2093,2253,29.4,96.457,3.482991,7.700968,4.84,173.0,196.0,490.0,true,false,false,false,false,Walkersville,Maryland,United States of America,US
3668581345,2020-06-25,2020-06-25T10:48:39Z,Walkersville,Run,7260.0,4.511155,2093,2253,35.4,116.142,3.468705,7.732684,4.3,176.0,196.0,490.0,true,false,false,false,false,Walkersville,Maryland,United States of America,US
3692438095,2020-06-30,2020-06-30T10:43:10Z,Walkersville,Run,7412.6,4.605976,2135,2295,36.1,118.438,3.471944,7.725471,4.3,179.0,194.0,495.0,true,false,false,false,false,Walkersville,Maryland,United States of America,US
3702351126,2020-07-02,2020-07-02T10:44:16Z,Walkersville,Run,7282.2,4.524949,2078,2240,35.1,115.157,3.504427,7.653861,5.6,176.0,194.0,492.0,true,false,false,false,false,Walkersville,Maryland,United States of America,US
3726249085,2020-07-07,2020-07-07T10:45:14Z,Walkersville,Run,7386.1,4.58951,2142,2280,35.5,116.47,3.448226,7.778609,4.3,168.0,182.0,495.0,true,false,false,false,false,Walkersville,Maryland,United States of America,US
3731207134,2020-07-08,2020-07-08T10:39:43Z,Walkersville,Run,6489.1,4.03214,1838,1998,16.7,54.79,3.530522,7.597289,4.5,173.0,192.0,434.0,true,false,false,false,false,Walkersville,Maryland,United States of America,US
13906962294,2020-07-13,2020-07-13T10:42:58Z,Walkersville,Run,7595.6,4.719687,2162,2241,24.9,81.693,3.513228,7.634687,5.14,174.0,205.0,513.0,true,false,false,false,false,Walkersville,Maryland,United States of America,US
3755446257,2020-07-13,2020-07-13T10:42:59Z,Walkersville,Run,7589.2,4.71571,2162,2241,30.5,100.066,3.510268,7.641125,4.4,,,513.0,true,false,false,false,false,Walkersville,Maryland,United States of America,US
13906982575,2020-07-15,2020-07-15T10:36:25Z,"Walkersville / Walkersville, Creamery Park",Run,8703.5,5.408104,2527,2635,22.8,74.803,3.444203,7.787695,4.78,173.0,187.0,581.0,true,false,false,false,false,Walkersville,Maryland,United States of America,US
3765415293,2020-07-15,2020-07-15T10:36:27Z,"Walkersville / Walkersville, Creamery Park",Run,8676.1,5.391079,2527,2635,32.2,105.643,3.43336,7.812289,4.5,173.0,187.0,581.0,true,false,false,false,false,Walkersville,Maryland,United States of America,US
13906979728,2020-07-21,2020-07-21T10:23:37Z,Walkersville,Run,7344.2,4.563474,2093,2340,24.0,78.74,3.508935,7.64403,5.18,171.0,185.0,488.0,true,false,false,false,false,Walkersville,Maryland,United States of America,US
3794824170,2020-07-21,2020-07-21T10:23:40Z,Walkersville,Run,7306.6,4.540111,2093,2340,28.4,93.176,3.49097,7.683366,4.4,171.0,185.0,488.0,true,false,false,false,false,Walkersville,Maryland,United States of America,US
13906976853,2020-07-23,2020-07-23T10:34:50Z,Walkersville,Run,7493.9,4.656494,2168,2420,25.7,84.318,3.456596,7.759773,4.82,164.0,193.0,502.0,true,false,false,false,false,Walkersville,Maryland,United States of America,US
3804570025,2020-07-23,2020-07-23T10:34:53Z,Walkersville,Run,7450.5,4.629526,2168,2420,29.9,98.097,3.436577,7.804975,4.7,167.0,193.0,502.0,true,false,false,false,false,Walkersville,Maryland,United States of America,US
13906973043,2020-07-28,2020-07-28T11:04:42Z,Walkersville,Run,8310.6,5.163967,2385,2797,18.3,60.039,3.484528,7.69757,4.92,180.0,197.0,556.0,true,false,false,false,false,Walkersville,Maryland,United States of America,US
3826332952,2020-07-28,2020-07-28T11:04:44Z,Walkersville,Run,8264.4,5.13526,2385,2797,23.8,78.084,3.465157,7.740601,3.8,179.0,197.0,556.0,true,false,false,false,false,Walkersville,Maryland,United States of America,US
13906966147,2020-07-30,2020-07-30T10:43:03Z,Walkersville,Run,8625.5,5.359637,2464,2533,29.6,97.113,3.500609,7.66221,5.08,183.0,194.0,581.0,true,false,false,false,false,Walkersville,Maryland,United States of America,US
13906983929,2020-08-03,2020-08-03T10:52:45Z,Walkersville,Run,8119.9,5.045472,2300,2478,21.9,71.85,3.530391,7.597571,5.28,176.0,193.0,543.0,true,false,false,false,false,Walkersville,Maryland,United States of America,US
3857731890,2020-08-03,2020-08-03T10:52:48Z,Walkersville,Run,8104.7,5.036027,2300,2478,28.8,94.488,3.523783,7.61182,4.9,175.0,193.0,543.0,true,false,false,false,false,Walkersville,Maryland,United States of America,US
13906981144,2020-08-18,2020-08-18T11:05:47Z,Outdoor Running,Run,6523.6,4.053577,1824,1936,0.0,0.0,3.576535,7.499549,5.58,182.0,199.0,437.0,true,false,false,false,false,,,,
13906978197,2020-08-21,2020-08-21T11:16:55Z,Outdoor Running,Run,6490.1,4.032761,1856,2135,0.0,0.0,3.496821,7.67051,4.7,174.0,197.0,431.0,true,false,false,false,false,,,,
13906974741,2020-08-23,2020-08-23T11:21:19Z,Outdoor Running,Run,7254.1,4.507489,2087,2884,0.0,0.0,3.475851,7.716788,5.28,170.0,197.0,486.0,true,false,false,false,false,,,,
3977133328,2020-08-28,2020-08-28T10:45:57Z,"Walkersville / Walkersville, Creamery Park",Run,6817.2,4.236012,1983,2442,27.1,88.911,3.437821,7.80215,4.0,175.0,197.0,460.0,true,false,false,false,false,Walkersville,Maryland,United States of America,US
13906962507,2020-08-30,2020-08-30T21:53:24Z,"Walkersville / Walkersville, Creamery Park",Run,6596.5,4.098875,1870,2280,20.6,67.585,3.52754,7.603712,4.98,174.0,185.0,439.0,true,false,false,false,false,Walkersville,Maryland,United States of America,US
3993049315,2020-08-30,2020-08-30T21:53:31Z,"Walkersville / Walkersville, Creamery Park",Run,6535.7,4.061096,1870,2280,26.8,87.927,3.495027,7.674448,4.2,174.0,185.0,439.0,true,false,false,false,false,Walkersville,Maryland,United States of America,US
13906980932,2020-09-03,2020-09-03T10:56:38Z,Walkersville,Run,7033.6,4.370476,2019,2243,17.0,55.774,3.483705,7.699389,5.22,165.0,186.0,464.0,true,false,false,false,false,Walkersville,Maryland,United States of America,US
4005121645,2020-09-03,2020-09-03T10:56:39Z,Walkersville,Run,7016.0,4.35954,2019,2243,19.3,63.32,3.474988,7.718704,5.0,167.0,186.0,464.0,true,false,false,false,false,Walkersville,Maryland,United States of America,US
13906978142,2020-09-05,2020-09-05T11:08:12Z,Walkersville,Run,8092.9,5.028695,2255,2453,25.9,84.974,3.588869,7.473775,5.28,173.0,191.0,541.0,true,false,false,false,false,Walkersville,Maryland,United States of America,US
4029659783,2020-09-08,2020-09-08T10:40:21Z,Walkersville,Run,6522.6,4.052956,1869,8329,30.0,98.425,3.489888,7.685749,4.4,157.0,178.0,480.0,true,false,false,false,false,Walkersville,Maryland,United States of America,US
13906970444,2020-09-11,2020-09-11T10:36:29Z,"Walkersville / Walkersville, Creamery Park",Run,6959.4,4.324371,2020,2265,21.6,70.866,3.445248,7.785333,5.32,172.0,184.0,507.0,true,false,false,false,false,Walkersville,Maryland,United States of America,US
13906962296,2020-09-13,2020-09-13T11:08:03Z,Walkersville,Run,8302.7,5.159059,2347,2558,33.9,111.22,3.53758,7.582133,4.68,172.0,183.0,613.0,true,false,false,false,false,Walkersville,Maryland,United States of America,US
4054060334,2020-09-13,2020-09-13T11:08:04Z,Walkersville,Run,8279.0,5.144332,2347,2558,42.1,138.123,3.527482,7.603838,4.5,172.0,183.0,613.0,true,false,false,false,false,Walkersville,Maryland,United States of America,US
13906982481,2020-09-16,2020-09-16T11:11:32Z,Walkersville,Run,6548.6,4.069111,1852,2016,16.4,53.806,3.535961,7.585604,5.52,174.0,193.0,478.0,true,false,false,false,false,Walkersville,Maryland,United States of America,US
4067923671,2020-09-16,2020-09-16T11:11:33Z,Walkersville,Run,6543.1,4.065694,1852,2016,19.3,63.32,3.532991,7.59198,4.6,174.0,193.0,478.0,true,false,false,false,false,Walkersville,Maryland,United States of America,US
13906979818,2020-09-19,2020-09-19T11:35:55Z,Walkersville,Run,11965.1,7.434768,3361,3736,52.3,171.588,3.559982,7.53442,5.5,176.0,187.0,888.0,true,true,false,false,false,Walkersville,Maryland,United States of America,US
4081993252,2020-09-19,2020-09-19T11:35:56Z,Walkersville,Run,11933.9,7.415382,3361,3736,64.2,210.63,3.550699,7.554118,5.4,176.0,187.0,888.0,true,true,false,false,false,Walkersville,Maryland,United States of America,US
13906976751,2020-09-22,2020-09-22T10:58:12Z,Walkersville,Run,6974.1,4.333505,1974,2116,18.7,61.352,3.532979,7.592007,4.82,175.0,191.0,510.0,true,false,false,false,false,Walkersville,Maryland,United States of America,US
4096250862,2020-09-22,2020-09-22T10:58:25Z,Walkersville,Run,6927.8,4.304735,1974,2116,24.5,80.381,3.509524,7.642746,4.5,175.0,191.0,510.0,true,false,false,false,false,Walkersville,Maryland,United States of America,US
13906972988,2020-09-24,2020-09-24T10:54:38Z,"Walkersville / Walkersville, Creamery Park",Run,6544.1,4.066315,1852,2116,16.5,54.134,3.533531,7.59082,5.76,173.0,185.0,475.0,true,false,false,false,false,Walkersville,Maryland,United States of America,US
4105682127,2020-09-24,2020-09-24T10:54:40Z,"Walkersville / Walkersville, Creamery Park",Run,6491.7,4.033755,1852,2116,21.8,71.522,3.505238,7.652092,4.2,171.0,185.0,475.0,true,false,false,false,false,Walkersville,Maryland,United States of America,US
4122064751,2020-09-27,2020-09-27T11:13:22Z,"Walkersville / Walkersville, Heritage Farm Park",Run,12918.3,8.027059,3771,4456,46.6,152.887,3.425696,7.829766,4.1,168.0,182.0,942.0,true,true,false,false,false,Walkersville,Maryland,United States of America,US
13906983942,2020-09-29,2020-09-29T10:46:01Z,Walkersville,Run,6924.7,4.302809,1999,2222,20.8,68.241,3.464082,7.743004,5.5,161.0,177.0,495.0,true,false,false,false,false,Walkersville,Maryland,United States of America,US
4127571761,2020-09-29,2020-09-29T10:46:08Z,Walkersville,Run,6877.5,4.27348,1999,2222,26.2,85.958,3.44047,7.796144,4.3,161.0,177.0,495.0,true,false,false,false,false,Walkersville,Maryland,United States of America,US
13906979674,2020-10-04,2020-10-04T11:36:09Z,"Walkersville / Walkersville, Heritage Farm Park",Run,14702.5,9.13571,4293,4663,51.5,168.963,3.424761,7.831904,5.24,173.0,184.0,1091.0,true,true,false,false,false,Walkersville,Maryland,United States of America,US
4150062987,2020-10-04,2020-10-04T11:36:17Z,"Walkersville / Walkersville, Heritage Farm Park",Run,14660.7,9.109737,4293,4663,56.1,184.055,3.415024,7.854234,4.3,173.0,184.0,1091.0,true,true,false,false,false,Walkersville,Maryland,United States of America,US
13906976680,2020-10-06,2020-10-06T11:01:18Z,Walkersville,Run,7349.2,4.566581,2081,2323,18.5,60.696,3.531571,7.595033,5.5,176.0,188.0,542.0,true,false,false,false,false,Walkersville,Maryland,United States of America,US
4158249926,2020-10-06,2020-10-06T11:01:20Z,Walkersville,Run,7336.1,4.558441,2081,2323,26.1,85.63,3.525276,7.608595,4.3,176.0,188.0,542.0,true,false,false,false,false,Walkersville,Maryland,United States of America,US
13906972917,2020-10-08,2020-10-08T10:45:10Z,Walkersville,Run,7368.3,4.578449,2064,2329,18.5,60.696,3.569913,7.513461,5.16,175.0,184.0,541.0,true,false,false,false,false,Walkersville,Maryland,United States of America,US
4167291912,2020-10-08,2020-10-08T10:45:11Z,Walkersville,Run,7344.2,4.563474,2064,2329,24.0,78.74,3.558236,7.538116,4.7,175.0,184.0,541.0,true,false,false,false,false,Walkersville,Maryland,United States of America,US
4180666207,2020-10-11,2020-10-11T10:43:55Z,Walkersville,Run,16200.0,10.066213,4695,4776,75.5,247.703,3.450479,7.773529,5.1,172.0,183.0,1216.0,true,true,false,false,false,Walkersville,Maryland,United States of America,US
13906983746,2020-10-14,2020-10-14T11:02:23Z,"Walkersville / Walkersville, Creamery Park",Run,6562.5,4.077748,1896,2011,16.4,53.806,3.461234,7.749375,4.68,170.0,190.0,486.0,true,false,false,false,false,Walkersville,Maryland,United States of America,US
4193533242,2020-10-14,2020-10-14T11:02:25Z,"Walkersville / Walkersville, Creamery Park",Run,6550.6,4.070354,1896,2011,21.9,71.85,3.454958,7.763452,4.4,170.0,190.0,486.0,true,false,false,false,false,Walkersville,Maryland,United States of America,US
13906981175,2020-10-16,2020-10-16T10:55:01Z,"Walkersville / Walkersville, Creamery Park",Run,6766.2,4.204322,1942,2172,18.7,61.352,3.48414,7.698428,4.62,167.0,182.0,492.0,true,false,false,false,false,Walkersville,Maryland,United States of America,US
4201861002,2020-10-16,2020-10-16T10:55:02Z,"Walkersville / Walkersville, Creamery Park",Run,6734.9,4.184873,1942,2172,22.0,72.178,3.468023,7.734206,4.4,169.0,182.0,492.0,true,false,false,false,false,Walkersville,Maryland,United States of America,US
13906978344,2020-10-18,2020-10-18T11:42:47Z,"Walkersville / Walkersville, Heritage Farm Park",Run,13722.7,8.52689,3864,4317,52.6,172.572,3.551423,7.552577,5.02,174.0,190.0,1025.0,true,true,false,false,false,Walkersville,Maryland,United States of America,US
4211588429,2020-10-18,2020-10-18T11:42:49Z,"Walkersville / Walkersville, Heritage Farm Park",Run,13681.4,8.501228,3864,4317,55.6,182.415,3.540735,7.575376,4.5,174.0,189.0,1025.0,true,true,false,false,false,Walkersville,Maryland,United States of America,US
4224067148,2020-10-21,2020-10-21T11:03:36Z,"Walkersville / Walkersville, Creamery Park",Run,6507.9,4.043822,1853,1953,21.8,71.522,3.512089,7.637165,4.3,168.0,182.0,476.0,true,false,false,false,false,Walkersville,Maryland,United States of America,US
13906970617,2020-10-23,2020-10-23T10:31:57Z,"Walkersville / Walkersville, Creamery Park",Run,6482.5,4.028039,1869,2259,16.5,54.134,3.468432,7.733292,4.74,168.0,183.0,471.0,true,false,false,false,false,Walkersville,Maryland,United States of America,US
4232341160,2020-10-23,2020-10-23T10:32:05Z,"Walkersville / Walkersville, Creamery Park",Run,6448.6,4.006974,1869,2259,21.8,71.522,3.450294,7.773946,4.4,168.0,183.0,471.0,true,false,false,false,false,Walkersville,Maryland,United States of America,US
13906962636,2020-10-25,2020-10-25T10:52:26Z,"Walkersville / Walkersville, Heritage Farm Park",Run,16203.1,10.06814,4648,5026,65.0,213.255,3.486037,7.694238,4.96,167.0,182.0,1196.0,true,true,false,false,false,Walkersville,Maryland,United States of America,US
4241709729,2020-10-25,2020-10-25T10:52:34Z,"Walkersville / Walkersville, Heritage Farm Park",Run,16144.3,10.031603,4648,5026,69.1,226.706,3.473386,7.722262,4.8,167.0,182.0,1196.0,true,true,false,false,false,Walkersville,Maryland,United States of America,US
4249538126,2020-10-27,2020-10-27T10:46:39Z,Walkersville,Run,7392.7,4.593611,2120,2313,23.1,75.787,3.487123,7.691843,4.5,172.0,192.0,539.0,true,false,false,false,false,Walkersville,Maryland,United States of America,US
13906980954,2020-11-01,2020-11-01T13:44:19Z,"Walkersville / Walkersville, Heritage Farm Park",Run,10725.3,6.664392,3044,3603,34.7,113.845,3.523423,7.612597,5.08,171.0,187.0,785.0,true,true,false,false,false,Walkersville,Maryland,United States of America,US
4272026142,2020-11-01,2020-11-01T13:44:21Z,"Walkersville / Walkersville, Heritage Farm Park",Run,10681.5,6.637176,3044,3603,36.2,118.766,3.509034,7.643813,4.3,170.0,187.0,785.0,true,true,false,false,false,Walkersville,Maryland,United States of America,US
4286211485,2020-11-04,2020-11-04T11:49:48Z,Walkersville,Run,4723.2,2.93486,1354,1625,15.6,51.181,3.488331,7.689179,6.0,169.0,185.0,342.0,false,false,false,false,false,Walkersville,Maryland,United States of America,US
13906974597,2020-11-06,2020-11-06T11:50:25Z,Walkersville,Run,7293.3,4.531847,2036,2236,18.2,59.711,3.582171,7.48775,4.82,179.0,187.0,529.0,true,false,false,false,false,Walkersville,Maryland,United States of America,US
4296576886,2020-11-06,2020-11-06T11:50:28Z,Walkersville,Run,7274.8,4.520351,2036,2236,22.9,75.131,3.573084,7.506791,4.5,179.0,187.0,529.0,true,false,false,false,false,Walkersville,Maryland,United States of America,US
13906970375,2020-11-08,2020-11-08T14:23:50Z,"Walkersville / Walkersville, Heritage Farm Park",Run,13143.8,8.167179,3770,4186,51.3,168.307,3.486419,7.693395,5.32,170.0,184.0,970.0,true,true,false,false,false,Walkersville,Maryland,United States of America,US
4309748261,2020-11-08,2020-11-08T14:23:55Z,"Walkersville / Walkersville, Heritage Farm Park",Run,13097.9,8.138658,3770,4186,54.4,178.478,3.474244,7.720356,4.8,170.0,184.0,970.0,true,true,false,false,false,Walkersville,Maryland,United States of America,US
13906962138,2020-11-10,2020-11-10T11:52:05Z,Walkersville,Run,7293.0,4.53166,2022,2302,20.2,66.273,3.606825,7.436568,5.24,173.0,201.0,526.0,true,false,false,false,false,Walkersville,Maryland,United States of America,US
4317054769,2020-11-10,2020-11-10T11:52:15Z,Walkersville,Run,7233.5,4.494689,2022,2302,22.9,75.131,3.577399,7.497739,4.3,172.0,190.0,526.0,true,false,false,false,false,Walkersville,Maryland,United States of America,US
4331336551,2020-11-13,2020-11-13T12:02:58Z,Walkersville,Run,1708.5,1.061613,470,478,8.2,26.903,3.635106,7.378711,4.3,183.0,189.0,123.0,false,false,false,false,false,Walkersville,Maryland,United States of America,US
13906979609,2020-11-13,2020-11-13T12:10:56Z,Walkersville,Run,4721.5,2.933804,1311,1526,10.3,33.793,3.601449,7.447668,5.6,176.0,186.0,344.0,false,false,false,false,false,Walkersville,Maryland,United States of America,US
4331336627,2020-11-13,2020-11-13T12:10:59Z,Walkersville,Run,4693.3,2.916281,1311,1526,10.0,32.808,3.579939,7.492418,4.4,176.0,185.0,344.0,false,false,false,false,false,Walkersville,Maryland,United States of America,US
4342846885,2020-11-15,2020-11-15T15:01:22Z,Walkersville,Run,16172.0,10.048815,4674,5278,72.9,239.173,3.459991,7.752158,4.8,167.0,183.0,1219.0,true,true,false,false,false,Walkersville,Maryland,United States of America,US
13906972898,2020-11-20,2020-11-20T11:56:09Z,Walkersville,Run,7290.9,4.530355,2085,2371,17.9,58.727,3.496835,7.67048,5.38,180.0,200.0,529.0,true,false,false,false,false,Walkersville,Maryland,United States of America,US
4364231799,2020-11-20,2020-11-20T11:56:12Z,Walkersville,Run,7259.1,4.510596,2085,2371,20.4,66.929,3.481583,7.704082,4.4,180.0,200.0,529.0,true,false,false,false,false,Walkersville,Maryland,United States of America,US
13906966094,2020-11-22,2020-11-22T12:03:13Z,"Walkersville / Walkersville, Heritage Farm Park",Run,15411.4,9.5762,4457,4740,67.1,220.144,3.457797,7.757078,4.9,174.0,189.0,1145.0,true,true,false,false,false,Walkersville,Maryland,United States of America,US
4379305240,2020-11-22,2020-11-22T12:03:24Z,"Walkersville / Walkersville, Heritage Farm Park",Run,15358.8,9.543516,4457,4740,73.9,242.454,3.445995,7.783644,4.3,175.0,189.0,1145.0,true,true,false,false,false,Walkersville,Maryland,United States of America,US
13906983843,2020-11-27,2020-11-27T11:58:04Z,Walkersville,Run,6726.3,4.179529,1913,2026,18.0,59.055,3.5161,7.628451,4.54,179.0,187.0,494.0,true,false,false,false,false,Walkersville,Maryland,United States of America,US
4397156052,2020-11-27,2020-11-27T11:58:05Z,Walkersville,Run,6704.2,4.165797,1913,2026,20.8,68.241,3.504548,7.653598,4.5,179.0,187.0,494.0,true,false,false,false,false,Walkersville,Maryland,United States of America,US
13906981371,2020-11-29,2020-11-29T14:33:33Z,"Walkersville / Walkersville, Heritage Farm Park",Run,14676.0,9.119244,4301,4863,66.7,218.832,3.41223,7.860667,5.08,172.0,184.0,1098.0,true,true,false,false,false,Walkersville,Maryland,United States of America,US
4408358897,2020-11-29,2020-11-29T14:33:42Z,"Walkersville / Walkersville, Heritage Farm Park",Run,14608.9,9.07755,4301,4863,71.7,235.236,3.396629,7.896771,5.1,171.0,184.0,1098.0,true,true,false,false,false,Walkersville,Maryland,United States of America,US
13906972776,2020-12-02,2020-12-02T11:59:27Z,Walkersville,Run,6806.9,4.229612,1934,2201,17.3,56.759,3.519597,7.620873,5.04,178.0,191.0,502.0,true,false,false,false,false,Walkersville,Maryland,United States of America,US
4420158398,2020-12-02,2020-12-02T11:59:29Z,Walkersville,Run,6781.6,4.213891,1934,2201,21.7,71.194,3.506515,7.649304,4.5,177.0,191.0,502.0,true,false,false,false,false,Walkersville,Maryland,United States of America,US
13906965330,2020-12-04,2020-12-04T12:07:48Z,Walkersville,Run,7347.5,4.565525,2063,2359,22.9,75.131,3.561561,7.53108,5.06,174.0,189.0,530.0,true,false,false,false,false,Walkersville,Maryland,United States of America,US
4428327469,2020-12-04,2020-12-04T12:07:49Z,Walkersville,Run,7321.8,4.549556,2063,2359,28.3,92.848,3.549103,7.557515,4.0,174.0,189.0,530.0,true,false,false,false,false,Walkersville,Maryland,United States of America,US
13906983702,2020-12-06,2020-12-06T14:04:08Z,Walkersville,Run,1123.3,0.697986,328,411,5.1,16.732,3.424695,7.832055,4.26,179.0,185.0,84.0,false,false,false,false,false,Walkersville,Maryland,United States of America,US
4438492562,2020-12-06,2020-12-06T14:04:17Z,Walkersville,Run,1092.3,0.678724,328,411,8.1,26.575,3.330183,8.054332,4.5,178.0,184.0,84.0,false,false,false,false,false,Walkersville,Maryland,United States of America,US
13906981099,2020-12-06,2020-12-06T14:11:09Z,"Walkersville / Walkersville, Heritage Farm Park",Run,13117.9,8.151085,3855,4325,62.4,204.724,3.402827,7.882386,4.72,172.0,182.0,986.0,true,true,false,false,false,Walkersville,Maryland,United States of America,US
4438492908,2020-12-06,2020-12-06T14:11:10Z,"Walkersville / Walkersville, Heritage Farm Park",Run,13082.7,8.129213,3855,4325,61.5,201.772,3.393696,7.903594,4.0,172.0,182.0,986.0,true,true,false,false,false,Walkersville,Maryland,United States of America,US
13906978130,2020-12-10,2020-12-10T12:06:16Z,Walkersville,Run,6871.6,4.269814,1937,2269,17.6,57.743,3.547548,7.560828,4.84,175.0,195.0,503.0,true,false,false,false,false,Walkersville,Maryland,United States of America,US
4454139336,2020-12-10,2020-12-10T12:06:20Z,Walkersville,Run,6850.5,4.256703,1937,2269,21.7,71.194,3.536655,7.584116,4.3,174.0,195.0,503.0,true,false,false,false,false,Walkersville,Maryland,United States of America,US
13906974709,2020-12-12,2020-12-12T14:20:21Z,Walkersville,Run,6844.2,4.252789,1891,2038,17.6,57.743,3.619355,7.410824,5.52,169.0,189.0,501.0,true,false,false,false,false,Walkersville,Maryland,United States of America,US
4462800057,2020-12-12,2020-12-12T14:20:22Z,Walkersville,Run,6816.9,4.235825,1891,2038,21.7,71.194,3.604918,7.440502,4.5,169.0,189.0,501.0,true,false,false,false,false,Walkersville,Maryland,United States of America,US
13906970632,2020-12-13,2020-12-13T12:09:28Z,Walkersville,Run,8187.1,5.087228,2328,2519,19.9,65.289,3.516796,7.626943,5.02,174.0,184.0,599.0,true,false,false,false,false,Walkersville,Maryland,United States of America,US
4467009176,2020-12-13,2020-12-13T12:09:38Z,Walkersville,Run,8138.7,5.057154,2328,2519,26.1,85.63,3.496005,7.6723,4.4,173.0,184.0,599.0,true,false,false,false,false,Walkersville,Maryland,United States of America,US
13906962334,2020-12-15,2020-12-15T12:06:50Z,Walkersville,Run,6885.7,4.278576,1975,2146,19.5,63.976,3.48643,7.69337,5.44,173.0,185.0,503.0,true,false,false,false,false,Walkersville,Maryland,United States of America,US
13906982580,2020-12-28,2020-12-28T12:21:43Z,Walkersville,Run,7605.5,4.725839,2236,2390,26.9,88.255,3.401386,7.885726,4.62,176.0,186.0,558.0,true,false,false,false,false,Walkersville,Maryland,United States of America,US
4529259374,2020-12-28,2020-12-28T12:21:51Z,Walkersville,Run,7578.7,4.709186,2236,2390,30.0,98.425,3.389401,7.913611,4.3,175.0,186.0,558.0,true,false,false,false,false,Walkersville,Maryland,United States of America,US
13906979725,2020-12-31,2020-12-31T12:16:17Z,Walkersville,Run,7423.8,4.612935,2132,2241,19.1,62.664,3.482083,7.702976,4.54,178.0,189.0,545.0,true,false,false,false,false,Walkersville,Maryland,United States of America,US
4544012478,2020-12-31,2020-12-31T12:16:22Z,Walkersville,Run,7404.8,4.601129,2132,2241,23.1,75.787,3.473171,7.722742,4.3,178.0,188.0,545.0,true,false,false,false,false,Walkersville,Maryland,United States of America,US
13906982480,2021-01-07,2021-01-07T12:05:09Z,Walkersville,Run,7472.3,4.643072,2146,2281,19.1,62.664,3.481966,7.703233,4.96,180.0,192.0,547.0,true,false,false,false,false,Walkersville,Maryland,United States of America,US
4581428179,2021-01-07,2021-01-07T12:05:17Z,Walkersville,Run,7430.7,4.617223,2146,2281,23.1,75.787,3.462582,7.746359,4.3,181.0,192.0,547.0,true,false,false,false,false,Walkersville,Maryland,United States of America,US
4599429006,2021-01-10,2021-01-10T14:07:09Z,"Walkersville / Walkersville, Heritage Farm Park",Run,14557.2,9.045425,4312,4425,66.6,218.504,3.375974,7.945085,4.2,177.0,195.0,1080.0,true,true,false,false,false,Walkersville,Maryland,United States of America,US
4608611398,2021-01-12,2021-01-12T11:54:15Z,"Walkersville / Walkersville, Creamery Park",Run,6472.9,4.022074,1887,2021,17.7,58.071,3.43026,7.81935,4.1,178.0,185.0,484.0,true,false,false,false,false,Walkersville,Maryland,United States of America,US
13906972729,2021-01-13,2021-01-13T21:30:24Z,Walkersville,Run,1185.2,0.736449,399,480,2.8,9.186,2.970426,9.029816,5.08,171.0,178.0,93.0,false,false,false,false,false,Walkersville,Maryland,United States of America,US
4618422061,2021-01-13,2021-01-13T21:30:25Z,Walkersville,Run,1168.4,0.72601,399,480,4.2,13.78,2.928321,9.159652,3.4,172.0,178.0,93.0,false,false,false,false,false,Walkersville,Maryland,United States of America,US
13906965684,2021-01-16,2021-01-16T14:15:46Z,Walkersville,Run,10524.2,6.539435,3028,3170,31.1,102.034,3.475627,7.717283,4.8,182.0,194.0,794.0,true,true,false,false,false,Walkersville,Maryland,United States of America,US
4630198206,2021-01-16,2021-01-16T14:15:48Z,Walkersville,Run,10495.4,6.521539,3028,3170,37.4,122.703,3.466116,7.738459,5.1,180.0,194.0,794.0,true,true,false,false,false,Walkersville,Maryland,United States of America,US
13906983836,2021-01-18,2021-01-18T12:16:43Z,Walkersville,Run,6693.7,4.159272,1915,2082,17.9,58.727,3.495405,7.673618,4.76,178.0,186.0,500.0,true,false,false,false,false,Walkersville,Maryland,United States of America,US
4641798288,2021-01-18,2021-01-18T12:16:55Z,Walkersville,Run,6647.2,4.130379,1915,2082,20.2,66.273,3.471123,7.727298,4.1,176.0,186.0,500.0,true,false,false,false,false,Walkersville,Maryland,United States of America,US
13906981165,2021-01-23,2021-01-23T14:04:13Z,Walkersville,Run,7257.4,4.509539,2114,2915,18.0,59.055,3.433018,7.813067,4.88,175.0,183.0,547.0,true,false,false,false,false,Walkersville,Maryland,United States of America,US
4668263328,2021-01-23,2021-01-23T14:04:14Z,Walkersville,Run,7250.9,4.5055,2114,2915,21.9,71.85,3.429943,7.820071,4.5,175.0,183.0,547.0,true,false,false,false,false,Walkersville,Maryland,United States of America,US
4707182218,2021-01-30,2021-01-30T14:21:39Z,Walkersville,Run,7345.0,4.563971,2218,2674,35.1,115.157,3.311542,8.099671,3.7,158.0,187.0,558.0,true,false,false,false,false,Walkersville,Maryland,United States of America,US
13906962315,2021-02-06,2021-02-06T14:18:05Z,Walkersville,Run,8604.0,5.346278,2479,2789,32.2,105.643,3.470754,7.728118,4.8,173.0,186.0,654.0,true,false,false,false,false,Walkersville,Maryland,United States of America,US
13906982491,2021-02-20,2021-02-20T14:13:18Z,Walkersville,Run,8241.1,5.120782,2455,2689,29.2,95.801,3.356864,7.990316,5.04,177.0,187.0,583.0,true,false,false,false,false,Walkersville,Maryland,United States of America,US
13906979621,2021-02-25,2021-02-25T12:00:39Z,Walkersville,Run,7276.1,4.521159,2067,2230,16.1,52.822,3.520126,7.619728,5.1,181.0,194.0,522.0,true,false,false,false,false,Walkersville,Maryland,United States of America,US
13906976770,2021-02-27,2021-02-27T17:49:51Z,Walkersville,Run,9691.4,6.021957,2859,3195,35.5,116.47,3.389787,7.91271,4.86,173.0,184.0,695.0,true,false,false,false,false,Walkersville,Maryland,United States of America,US
13906979638,2021-03-06,2021-03-06T13:00:47Z,Walkersville,Run,10266.4,6.379245,2953,3210,32.8,107.612,3.4766,7.715124,4.84,183.0,197.0,739.0,true,true,false,false,false,Walkersville,Maryland,United States of America,US
13906976676,2021-03-07,2021-03-07T18:16:00Z,Walkersville,Run,8130.9,5.052307,2391,2816,41.9,137.467,3.400627,7.887486,4.84,171.0,189.0,583.0,true,false,false,false,false,Walkersville,Maryland,United States of America,US
13906972890,2021-03-09,2021-03-09T12:08:07Z,Walkersville,Run,8101.5,5.034039,2319,2501,20.1,65.945,3.493532,7.677732,5.04,177.0,190.0,577.0,true,false,false,false,false,Walkersville,Maryland,United States of America,US
13906965496,2021-03-11,2021-03-11T12:15:55Z,Walkersville,Run,8105.8,5.036711,2288,2525,22.6,74.147,3.542745,7.571079,5.56,175.0,188.0,577.0,true,false,false,false,false,Walkersville,Maryland,United States of America,US
13906983835,2021-03-16,2021-03-16T11:35:44Z,Walkersville,Run,8123.3,5.047585,2304,2505,21.5,70.538,3.525738,7.607599,5.8,172.0,192.0,595.0,true,false,false,false,false,Walkersville,Maryland,United States of America,US
13906981056,2021-03-20,2021-03-20T11:20:18Z,Walkersville,Run,8376.6,5.204978,2359,2482,22.2,72.835,3.550911,7.553666,4.82,169.0,185.0,619.0,true,false,false,false,false,Walkersville,Maryland,United States of America,US
13906978268,2021-03-21,2021-03-21T17:43:15Z,Walkersville,Run,8098.6,5.032237,2409,2647,39.3,128.937,3.36181,7.978559,5.2,167.0,177.0,600.0,true,false,false,false,false,Walkersville,Maryland,United States of America,US
13906974873,2021-03-27,2021-03-27T11:30:05Z,"Walkersville / Walkersville, Heritage Farm Park",Run,10307.8,6.40497,2915,3254,27.7,90.879,3.536123,7.585255,5.0,175.0,194.0,739.0,true,true,false,false,false,Walkersville,Maryland,United States of America,US
13906983756,2021-04-03,2021-04-03T11:42:40Z,Walkersville,Run,8512.5,5.289422,2488,2649,32.7,107.283,3.421423,7.839546,4.88,175.0,189.0,619.0,true,false,false,false,false,Walkersville,Maryland,United States of America,US
13906980923,2021-04-09,2021-04-09T13:53:43Z,Walkersville,Run,6512.5,4.04668,1864,2086,15.3,50.197,3.49383,7.677075,5.28,173.0,185.0,476.0,true,false,false,false,false,Walkersville,Maryland,United States of America,US
13906978146,2021-04-11,2021-04-11T13:21:44Z,"Walkersville / Walkersville, Creamery Park",Run,8195.0,5.092137,2364,2744,27.8,91.207,3.466582,7.73742,4.64,170.0,193.0,589.0,true,false,false,false,false,Walkersville,Maryland,United States of America,US
13906974591,2021-04-13,2021-04-13T11:17:55Z,"Walkersville / Walkersville, Creamery Park",Run,8097.8,5.03174,2346,2442,26.5,86.942,3.451748,7.770672,5.74,174.0,185.0,599.0,true,false,false,false,false,Walkersville,Maryland,United States of America,US
13906970243,2021-04-15,2021-04-15T11:20:18Z,"Walkersville / Walkersville, Creamery Park",Run,8138.7,5.057154,2308,2429,22.9,75.131,3.5263,7.606387,4.94,175.0,190.0,597.0,true,false,false,false,false,Walkersville,Maryland,United States of America,US
13906962143,2021-04-18,2021-04-18T11:32:36Z,"Walkersville / Walkersville, Creamery Park",Run,8093.0,5.028757,2328,2537,26.1,85.63,3.476375,7.715624,4.8,163.0,181.0,591.0,true,false,false,false,false,Walkersville,Maryland,United States of America,US
13906982478,2021-04-20,2021-04-20T11:31:01Z,Walkersville,Run,8104.1,5.035654,2330,2678,26.1,85.63,3.478155,7.711676,5.8,171.0,180.0,596.0,true,false,false,false,false,Walkersville,Maryland,United States of America,US
13906979619,2021-04-23,2021-04-23T11:10:33Z,"Walkersville / Walkersville, Creamery Park",Run,6647.6,4.130627,1871,2088,22.9,75.131,3.552966,7.549298,4.86,177.0,198.0,489.0,true,false,false,false,false,Walkersville,Maryland,United States of America,US
13906976693,2021-04-24,2021-04-24T13:33:30Z,Walkersville,Run,6845.5,4.253596,1982,2165,38.0,124.672,3.453835,7.765977,5.28,170.0,182.0,506.0,true,false,false,false,false,Walkersville,Maryland,United States of America,US
13906972989,2021-04-27,2021-04-27T11:13:07Z,Walkersville,Run,8073.8,5.016827,2279,2530,28.8,94.488,3.542694,7.571187,4.92,175.0,191.0,592.0,true,false,false,false,false,Walkersville,Maryland,United States of America,US
13906982409,2021-05-01,2021-05-01T13:28:27Z,"Walkersville / Walkersville, Creamery Park",Run,8114.6,5.042179,2419,2682,35.6,116.798,3.354527,7.995882,4.5,170.0,184.0,606.0,true,false,false,false,false,Walkersville,Maryland,United States of America,US
13906979560,2021-05-04,2021-05-04T11:15:33Z,"Walkersville / Walkersville, Creamery Park",Run,6636.7,4.123854,1902,2110,22.9,75.131,3.489327,7.686984,4.54,170.0,186.0,491.0,true,false,false,false,false,Walkersville,Maryland,United States of America,US
13906976618,2021-05-06,2021-05-06T11:07:54Z,Walkersville,Run,8092.8,5.028633,2314,2450,23.7,77.756,3.497321,7.669414,5.38,174.0,185.0,602.0,true,false,false,false,false,Walkersville,Maryland,United States of America,US
13906972779,2021-05-14,2021-05-14T11:06:02Z,Walkersville,Run,7319.8,4.548313,2113,2461,23.7,77.756,3.464174,7.742798,4.86,178.0,187.0,538.0,true,false,false,false,false,Walkersville,Maryland,United States of America,US
13906965335,2021-05-15,2021-05-15T15:25:09Z,"Walkersville / Walkersville, Creamery Park",Run,6474.3,4.022944,1913,2238,16.2,53.15,3.38437,7.925374,4.6,169.0,188.0,476.0,true,false,false,false,false,Walkersville,Maryland,United States of America,US
13906983761,2021-05-22,2021-05-22T11:27:10Z,Walkersville,Run,8178.6,5.081946,2365,2689,26.7,87.598,3.458182,7.756215,5.0,172.0,188.0,598.0,true,false,false,false,false,Walkersville,Maryland,United States of America,US
13906981042,2021-05-23,2021-05-23T12:38:46Z,Walkersville,Run,5404.1,3.357952,1545,2973,18.1,59.383,3.497799,7.668364,5.02,168.0,182.0,393.0,true,false,false,false,false,Walkersville,Maryland,United States of America,US
13906978141,2021-05-25,2021-05-25T11:08:23Z,Walkersville,Run,7270.4,4.517617,2042,2202,23.7,77.756,3.560431,7.53347,5.78,172.0,182.0,536.0,true,false,false,false,false,Walkersville,Maryland,United States of America,US
13906974647,2021-05-29,2021-05-29T18:42:47Z,Walkersville,Run,5665.3,3.520254,1664,2148,14.5,47.572,3.404627,7.878219,4.7,160.0,175.0,420.0,true,false,false,false,false,Walkersville,Maryland,United States of America,US
13906970507,2021-05-31,2021-05-31T11:34:55Z,Walkersville,Run,9691.5,6.022019,2873,3173,42.8,140.42,3.373303,7.951375,4.82,169.0,184.0,720.0,true,false,false,false,false,Walkersville,Maryland,United States of America,US
13906978032,2021-06-03,2021-06-03T11:08:22Z,Walkersville,Run,6878.9,4.27435,1974,2117,22.3,73.163,3.484752,7.697076,4.66,170.0,185.0,505.0,true,false,false,false,false,Walkersville,Maryland,United States of America,US
13906974509,2021-06-08,2021-06-08T10:45:56Z,Ocean View,Run,7121.7,4.425219,2029,2411,0.0,0.0,3.509956,7.641806,4.8,169.0,198.0,521.0,true,false,false,false,false,Selbyville,Delaware,United States of America,US
13906970260,2021-06-10,2021-06-10T09:25:39Z,"Ocean View / Bethany Beach, Fenwick Island",Run,13014.9,8.087084,3709,4312,11.0,36.089,3.509005,7.643876,5.667,173.0,187.0,945.0,true,true,false,false,false,Selbyville,Delaware,United States of America,US
13906961962,2021-06-12,2021-06-12T16:34:24Z,Walkersville,Run,4883.0,3.034156,1437,1781,21.1,69.226,3.398051,7.893465,5.12,169.0,184.0,344.0,false,false,false,false,false,Walkersville,Maryland,United States of America,US
13906982476,2021-06-15,2021-06-15T11:10:05Z,Walkersville,Run,6469.0,4.01965,1845,2090,19.2,62.992,3.506233,7.649919,5.1,170.0,185.0,480.0,true,false,false,false,false,Walkersville,Maryland,United States of America,US
13906979544,2021-06-18,2021-06-18T16:03:38Z,Walkersville,Run,5114.5,3.178003,1558,1900,32.2,105.643,3.282734,8.17075,5.14,166.0,185.0,376.0,true,false,false,false,false,Walkersville,Maryland,United States of America,US
13906976681,2021-06-24,2021-06-24T11:20:48Z,Walkersville,Run,6813.5,4.233713,1920,2126,15.6,51.181,3.548698,7.558378,4.52,175.0,186.0,497.0,true,false,false,false,false,Walkersville,Maryland,United States of America,US
13906972868,2021-06-26,2021-06-26T16:48:05Z,Walkersville,Run,4905.3,3.048012,1421,1770,22.3,73.163,3.452006,7.770092,4.62,171.0,185.0,358.0,false,false,false,false,false,Walkersville,Maryland,United States of America,US
13906965477,2021-06-29,2021-06-29T11:30:12Z,Walkersville,Run,4980.8,3.094926,1413,1569,8.7,28.543,3.524982,7.60923,4.9,173.0,189.0,365.0,false,false,false,false,false,Walkersville,Maryland,United States of America,US
13906969699,2021-07-03,2021-07-03T11:25:07Z,"Walkersville / Walkersville, Creamery Park",Run,8245.8,5.123703,2448,2965,37.5,123.031,3.368382,7.962991,5.06,172.0,188.0,607.0,true,false,false,false,false,Walkersville,Maryland,United States of America,US
13906961879,2021-07-08,2021-07-08T11:14:10Z,Walkersville,Run,6573.8,4.08477,1902,2200,21.8,71.522,3.456257,7.760535,5.92,176.0,196.0,476.0,true,false,false,false,false,Walkersville,Maryland,United States of America,US
13906982389,2021-07-10,2021-07-10T15:01:33Z,"Walkersville / Walkersville, Creamery Park",Run,6726.2,4.179467,1933,2338,21.3,69.882,3.479669,7.70832,5.1,171.0,187.0,495.0,true,false,false,false,false,Walkersville,Maryland,United States of America,US
13906979420,2021-07-13,2021-07-13T11:22:37Z,"Walkersville / Walkersville, Creamery Park",Run,6581.6,4.089617,1853,2234,21.9,71.85,3.551862,7.551645,4.56,173.0,190.0,480.0,true,false,false,false,false,Walkersville,Maryland,United States of America,US
13906976572,2021-07-15,2021-07-15T11:13:02Z,"Walkersville / Walkersville, Creamery Park",Run,6609.7,4.107077,1849,2148,23.9,78.412,3.574743,7.503308,4.54,175.0,192.0,481.0,true,false,false,false,false,Walkersville,Maryland,United States of America,US
13906972762,2021-07-17,2021-07-17T11:15:40Z,"Walkersville / Walkersville, Creamery Park",Run,6690.4,4.157222,1863,2218,22.7,74.475,3.591197,7.46893,4.86,175.0,194.0,485.0,true,false,false,false,false,Walkersville,Maryland,United States of America,US
13906965202,2021-07-18,2021-07-18T17:12:19Z,"Walkersville / Walkersville, Creamery Park",Run,8096.7,5.031056,2374,2757,32.8,107.612,3.410573,7.864485,4.4,166.0,191.0,597.0,true,false,false,false,false,Walkersville,Maryland,United States of America,US
13906983739,2021-07-20,2021-07-20T11:13:08Z,Walkersville,Run,6485.3,4.029779,1869,2116,21.3,69.882,3.46993,7.729953,4.84,167.0,181.0,476.0,true,false,false,false,false,Walkersville,Maryland,United States of America,US
13906980941,2021-07-22,2021-07-22T11:08:09Z,"Walkersville / Walkersville, Creamery Park",Run,8111.5,5.040252,2302,2410,25.7,84.318,3.523675,7.612053,4.88,168.0,181.0,611.0,true,false,false,false,false,Walkersville,Maryland,United States of America,US
13906978115,2021-07-26,2021-07-26T10:57:27Z,"Walkersville / Walkersville, Creamery Park",Run,6460.3,4.014244,1866,2396,21.8,71.522,3.462111,7.747411,4.76,175.0,188.0,488.0,true,false,false,false,false,Walkersville,Maryland,United States of America,US
13906974603,2021-07-28,2021-07-28T10:57:59Z,"Walkersville / Walkersville, Creamery Park",Run,7272.3,4.518798,2052,2238,22.1,72.507,3.544006,7.568385,5.0,173.0,186.0,547.0,true,false,false,false,false,Walkersville,Maryland,United States of America,US
13906970351,2021-07-30,2021-07-30T11:01:59Z,"Walkersville / Walkersville, Creamery Park",Run,6624.0,4.115963,1881,2315,22.0,72.178,3.521531,7.616687,4.58,171.0,188.0,487.0,true,false,false,false,false,Walkersville,Maryland,United States of America,US
13906962190,2021-07-31,2021-07-31T13:06:11Z,Tuscarora,Run,12974.4,8.061918,4388,4978,0.0,0.0,2.956791,9.071455,4.14,166.0,178.0,1031.0,true,true,false,false,false,Buckeystown,Maryland,United States of America,US
13906978008,2021-08-03,2021-08-03T11:07:36Z,"Walkersville / Walkersville, Creamery Park",Run,7292.4,4.531287,2122,2312,23.8,78.084,3.436569,7.804993,4.38,166.0,178.0,555.0,true,false,false,false,false,Walkersville,Maryland,United States of America,US
13906974488,2021-08-07,2021-08-07T13:23:42Z,"Frederick, Rivermist Park",Run,4545.2,2.824256,1721,2146,8.8,28.871,2.641023,10.156066,4.7,162.0,182.0,411.0,false,false,false,false,false,Frederick,Maryland,United States of America,US
13906969918,2021-08-10,2021-08-10T11:06:39Z,Walkersville,Run,7236.3,4.496428,2127,2434,21.8,71.522,3.402116,7.884035,4.54,175.0,191.0,553.0,true,false,false,false,false,Walkersville,Maryland,United States of America,US
13906961972,2021-08-12,2021-08-12T11:20:22Z,"Walkersville / Walkersville, Creamery Park",Run,7389.1,4.591374,2116,2591,21.3,69.882,3.492013,7.681071,5.14,177.0,192.0,568.0,true,false,false,false,false,Walkersville,Maryland,United States of America,US
13906982410,2021-08-14,2021-08-14T14:37:44Z,Walkersville,Run,5219.9,3.243495,1616,2214,26.8,87.927,3.230136,8.303799,5.28,162.0,181.0,395.0,true,false,false,false,false,Walkersville,Maryland,United States of America,US
13906979565,2021-08-17,2021-08-17T11:18:03Z,Walkersville,Run,7481.9,4.649037,2136,2549,14.1,46.26,3.502762,7.6575,4.66,175.0,190.0,569.0,true,false,false,false,false,Walkersville,Maryland,United States of America,US
13906976587,2021-08-19,2021-08-19T11:05:55Z,Walkersville,Run,3960.2,2.460754,1251,1449,11.2,36.745,3.165627,8.473012,5.64,170.0,185.0,315.0,false,false,false,false,false,Walkersville,Maryland,United States of America,US
13906972747,2021-08-27,2021-08-27T11:11:19Z,Walkersville,Run,4882.8,3.034031,1423,1781,10.4,34.121,3.431342,7.816883,4.9,178.0,192.0,374.0,false,false,false,false,false,Walkersville,Maryland,United States of America,US
13906965492,2021-08-28,2021-08-28T11:32:29Z,Walkersville,Run,7273.4,4.519481,2086,2665,19.6,64.304,3.486769,7.692623,5.3,172.0,190.0,552.0,true,false,false,false,false,Walkersville,Maryland,United States of America,US
13906983737,2021-08-31,2021-08-31T11:06:53Z,Walkersville,Run,4896.6,3.042606,1413,1625,15.0,49.213,3.465393,7.740075,4.9,171.0,185.0,368.0,false,false,false,false,false,Walkersville,Maryland,United States of America,US
13906969413,2021-09-02,2021-09-02T11:01:55Z,Walkersville,Run,6135.8,3.812609,1739,2093,18.4,60.367,3.52835,7.601968,6.7,174.0,190.0,472.0,true,false,false,false,false,Walkersville,Maryland,United States of America,US
13906961673,2021-09-05,2021-09-05T11:58:28Z,Walkersville,Run,7274.0,4.519854,2066,2449,27.2,89.239,3.520813,7.61824,4.82,171.0,186.0,554.0,true,false,false,false,false,Walkersville,Maryland,United States of America,US
13906982306,2021-09-07,2021-09-07T11:15:39Z,Walkersville,Run,6701.5,4.164119,1944,2194,21.3,69.882,3.447274,7.780757,4.5,168.0,183.0,507.0,true,false,false,false,false,Walkersville,Maryland,United States of America,US
13906979391,2021-09-09,2021-09-09T11:19:22Z,Walkersville,Run,5068.0,3.149109,1477,1579,12.1,39.698,3.43128,7.817025,4.98,165.0,181.0,390.0,true,false,false,false,false,Walkersville,Maryland,United States of America,US
13906976454,2021-09-11,2021-09-11T11:51:40Z,Walkersville,Run,7387.0,4.590069,2193,2508,36.7,120.407,3.368445,7.962843,5.18,172.0,187.0,565.0,true,false,false,false,false,Walkersville,Maryland,United States of America,US
13906972657,2021-09-13,2021-09-13T11:16:30Z,Walkersville,Run,4862.1,3.021169,1412,1574,11.6,38.058,3.443414,7.78948,5.0,167.0,185.0,372.0,false,false,false,false,false,Walkersville,Maryland,United States of America,US
13906965110,2021-09-15,2021-09-15T11:06:12Z,Walkersville,Run,6489.3,4.032264,1949,2317,33.6,110.236,3.329554,8.055855,4.96,172.0,189.0,498.0,true,false,false,false,false,Walkersville,Maryland,United States of America,US
13906983648,2021-09-17,2021-09-17T11:00:45Z,Walkersville,Run,6665.7,4.141874,2036,2274,34.6,113.517,3.273919,8.192749,5.08,168.0,185.0,507.0,true,false,false,false,false,Walkersville,Maryland,United States of America,US
13906980925,2021-09-20,2021-09-20T11:14:32Z,Walkersville,Run,6523.2,4.053329,1952,2522,24.6,80.709,3.341803,8.026325,5.38,168.0,181.0,496.0,true,false,false,false,false,Walkersville,Maryland,United States of America,US
13906978132,2021-09-22,2021-09-22T11:07:29Z,Walkersville,Run,6498.4,4.037919,1994,2145,27.6,90.551,3.258977,8.230313,4.82,172.0,184.0,492.0,true,false,false,false,false,Walkersville,Maryland,United States of America,US
13906974599,2021-09-24,2021-09-24T11:05:53Z,Walkersville,Run,6635.5,4.123109,2050,2293,33.9,111.22,3.236829,8.286628,5.04,175.0,188.0,510.0,true,false,false,false,false,Walkersville,Maryland,United States of America,US
13906970267,2021-09-25,2021-09-25T12:59:14Z,Frederick,Run,11307.8,7.026341,3398,3841,66.3,217.52,3.327781,8.060146,6.22,175.0,189.0,875.0,true,true,false,false,false,Frederick,Maryland,United States of America,US
13906961978,2021-09-27,2021-09-27T11:21:06Z,Walkersville,Run,6491.2,4.033445,1958,2124,35.9,117.782,3.31522,8.090686,5.25,164.0,179.0,497.0,true,false,false,false,false,Walkersville,Maryland,United States of America,US
13906982472,2021-09-29,2021-09-29T11:04:37Z,Walkersville,Run,6814.5,4.234334,2088,2364,36.8,120.735,3.263649,8.21853,6.0,169.0,182.0,519.0,true,false,false,false,false,Walkersville,Maryland,United States of America,US
13906983563,2021-10-01,2021-10-01T11:13:41Z,Walkersville,Run,6717.2,4.173875,2004,2123,36.8,120.735,3.351896,8.002157,4.84,174.0,189.0,509.0,true,false,false,false,false,Walkersville,Maryland,United States of America,US
13906980852,2021-10-03,2021-10-03T14:22:35Z,"Walkersville / Walkersville, Heritage Farm Park",Run,9715.1,6.036683,2912,3622,33.4,109.58,3.336229,8.039735,4.76,169.0,182.0,750.0,true,false,false,false,false,Walkersville,Maryland,United States of America,US
13906978028,2021-10-06,2021-10-06T11:12:31Z,Walkersville,Run,6488.0,4.031456,1996,2111,27.6,90.551,3.250501,8.251774,5.38,170.0,183.0,500.0,true,false,false,false,false,Walkersville,Maryland,United States of America,US
13906974363,2021-10-08,2021-10-08T11:08:54Z,Walkersville,Run,6623.4,4.11559,2040,2194,25.5,83.661,3.246765,8.26127,4.34,171.0,184.0,514.0,true,false,false,false,false,Walkersville,Maryland,United States of America,US
13906969820,2021-10-11,2021-10-11T11:17:23Z,Walkersville,Run,6592.7,4.096514,1987,2114,26.6,87.27,3.317916,8.08411,6.56,168.0,180.0,505.0,true,false,false,false,false,Walkersville,Maryland,United States of America,US
13906961971,2021-10-13,2021-10-13T11:05:56Z,Walkersville,Run,6873.3,4.270871,2137,2564,29.2,95.801,3.216331,8.339439,4.96,168.0,181.0,519.0,true,false,false,false,false,Walkersville,Maryland,United States of America,US
13906982392,2021-10-15,2021-10-15T11:14:41Z,Walkersville,Run,5836.0,3.626322,1701,2000,17.0,55.774,3.430923,7.817838,4.66,176.0,188.0,442.0,true,false,false,false,false,Walkersville,Maryland,United States of America,US
13906979552,2021-10-18,2021-10-18T11:08:20Z,Walkersville,Run,6755.0,4.197362,2090,2171,28.5,93.504,3.232057,8.298862,5.16,165.0,181.0,506.0,true,false,false,false,false,Walkersville,Maryland,United States of America,US
13906976602,2021-10-20,2021-10-20T11:00:16Z,Walkersville,Run,6916.5,4.297714,2118,2357,29.2,95.801,3.265581,8.213669,5.92,166.0,180.0,514.0,true,false,false,false,false,Walkersville,Maryland,United States of America,US
13906972809,2021-10-23,2021-10-23T12:59:27Z,"Frederick / Frederick, Carroll Creek Linear Park",Run,10521.9,6.538006,3217,4014,54.4,178.478,3.270718,8.200768,4.68,172.0,189.0,795.0,true,true,false,false,false,Frederick,Maryland,United States of America,US
13906965327,2021-10-25,2021-10-25T11:14:44Z,Walkersville,Run,6778.8,4.212151,2106,2451,29.7,97.441,3.218803,8.333035,5.14,166.0,181.0,507.0,true,false,false,false,false,Walkersville,Maryland,United States of America,US
13906983764,2021-10-27,2021-10-27T11:10:38Z,Walkersville,Run,8105.5,5.036524,2476,2627,32.1,105.315,3.273627,8.193481,4.58,174.0,183.0,624.0,true,false,false,false,false,Walkersville,Maryland,United States of America,US
13906981072,2021-10-31,2021-10-31T11:07:46Z,"Walkersville / Walkersville, Heritage Farm Park",Run,10367.0,6.441755,3147,3946,41.6,136.483,3.294248,8.142191,4.76,171.0,189.0,807.0,true,true,false,false,false,Walkersville,Maryland,United States of America,US
13906979306,2021-11-03,2021-11-03T11:11:45Z,Walkersville,Run,6467.4,4.018656,1987,2168,28.4,93.176,3.254857,8.240732,5.08,167.0,179.0,504.0,true,false,false,false,false,Walkersville,Maryland,United States of America,US
13906976338,2021-11-05,2021-11-05T11:17:14Z,Walkersville,Run,6675.3,4.147839,2078,2214,28.5,93.504,3.212368,8.349729,4.74,171.0,185.0,526.0,true,false,false,false,false,Walkersville,Maryland,United States of America,US
13906972527,2021-11-08,2021-11-08T12:06:49Z,Walkersville,Run,6533.2,4.059542,1992,2275,25.9,84.974,3.279719,8.178262,6.1,169.0,181.0,504.0,true,false,false,false,false,Walkersville,Maryland,United States of America,US
13906965009,2021-11-10,2021-11-10T12:12:24Z,Walkersville,Run,6883.6,4.277271,2119,2331,35.7,117.126,3.248513,8.256823,4.72,173.0,184.0,531.0,true,false,false,false,false,Walkersville,Maryland,United States of America,US
13906983630,2021-11-15,2021-11-15T12:05:24Z,"Walkersville / Walkersville, Fountain Rock Park & Nature Center",Run,6552.8,4.071721,2026,2167,24.8,81.365,3.234353,8.292971,4.96,173.0,188.0,513.0,true,false,false,false,false,Walkersville,Maryland,United States of America,US
13906980938,2021-11-17,2021-11-17T12:04:34Z,Walkersville,Run,6933.4,4.308215,2093,2155,29.8,97.769,3.312661,8.096934,5.36,178.0,193.0,542.0,true,false,false,false,false,Walkersville,Maryland,United States of America,US
13906978026,2021-11-19,2021-11-19T12:01:56Z,Walkersville,Run,6467.4,4.018656,1987,2150,28.3,92.848,3.254857,8.240732,5.22,177.0,189.0,495.0,true,false,false,false,false,Walkersville,Maryland,United States of America,US
13906974550,2021-11-20,2021-11-20T13:57:55Z,Frederick,Run,8409.9,5.22567,2561,3518,49.2,161.417,3.283834,8.168012,5.32,169.0,183.0,650.0,true,false,false,false,false,Frederick,Maryland,United States of America,US
13906970076,2021-11-22,2021-11-22T12:06:52Z,Walkersville,Run,6468.1,4.019091,1980,2174,28.5,93.504,3.266717,8.210812,5.24,170.0,183.0,495.0,true,false,false,false,false,Walkersville,Maryland,United States of America,US
13906961986,2021-11-24,2021-11-24T12:16:06Z,Walkersville,Run,7458.3,4.634373,2236,2425,19.7,64.633,3.335555,8.041361,4.46,172.0,189.0,564.0,true,false,false,false,false,Walkersville,Maryland,United States of America,US
13906982482,2021-11-27,2021-11-27T12:19:53Z,Walkersville,Run,8092.0,5.028136,2485,2752,27.5,90.223,3.256338,8.236983,4.56,169.0,183.0,620.0,true,false,false,false,false,Walkersville,Maryland,United States of America,US
13906979569,2021-11-29,2021-11-29T12:05:58Z,Walkersville,Run,7283.9,4.526006,2237,2486,30.1,98.753,3.256102,8.23758,4.84,168.0,190.0,542.0,true,false,false,false,false,Walkersville,Maryland,United States of America,US
13906974360,2021-12-01,2021-12-01T12:09:57Z,Walkersville,Run,6464.1,4.016606,1985,2193,29.7,97.441,3.256474,8.23664,6.56,166.0,183.0,476.0,true,false,false,false,false,Walkersville,Maryland,United States of America,US
13906969689,2021-12-03,2021-12-03T12:10:56Z,Walkersville,Run,6467.8,4.018905,1988,2092,28.3,92.848,3.253421,8.244369,5.64,176.0,185.0,486.0,true,false,false,false,false,Walkersville,Maryland,United States of America,US
13906961769,2021-12-04,2021-12-04T12:16:47Z,"Walkersville / Walkersville, Creamery Park",Run,6475.0,4.023378,1932,2180,16.6,54.462,3.351449,8.003224,4.44,175.0,188.0,478.0,true,false,false,false,false,Walkersville,Maryland,United States of America,US
13906982386,2021-12-06,2021-12-06T12:15:32Z,Walkersville,Run,6919.8,4.299764,2140,2296,30.5,100.066,3.233551,8.295028,5.16,170.0,181.0,517.0,true,false,false,false,false,Walkersville,Maryland,United States of America,US
13906979438,2021-12-10,2021-12-10T12:08:10Z,Walkersville,Run,6992.0,4.344627,2178,2273,30.0,98.425,3.210285,8.355147,5.3,177.0,187.0,524.0,true,false,false,false,false,Walkersville,Maryland,United States of America,US
13906976438,2021-12-13,2021-12-13T12:10:36Z,Walkersville,Run,6699.9,4.163125,2029,2275,29.0,95.144,3.30207,8.122905,4.92,177.0,188.0,501.0,true,false,false,false,false,Walkersville,Maryland,United States of America,US
13906972671,2021-12-17,2021-12-17T12:10:43Z,Walkersville,Run,7052.7,4.382345,2071,2295,29.6,97.113,3.405456,7.876301,5.42,177.0,193.0,511.0,true,false,false,false,false,Walkersville,Maryland,United States of America,US
13906965114,2021-12-22,2021-12-22T12:13:58Z,Walkersville,Run,6475.7,4.023813,1955,2047,28.4,93.176,3.312379,8.097625,4.82,178.0,190.0,477.0,true,false,false,false,false,Walkersville,Maryland,United States of America,US
13906983731,2021-12-24,2021-12-24T12:22:46Z,"Walkersville / Walkersville, Creamery Park",Run,7266.9,4.515442,2153,2315,25.0,82.021,3.375244,7.946804,4.84,173.0,184.0,536.0,true,false,false,false,false,Walkersville,Maryland,United States of America,US
13906981084,2021-12-27,2021-12-27T12:19:11Z,Walkersville,Run,11355.9,7.056229,3460,3792,45.1,147.966,3.282052,8.172448,4.64,173.0,185.0,840.0,true,true,false,false,false,Walkersville,Maryland,United States of America,US
13906978126,2021-12-29,2021-12-29T12:10:02Z,"Walkersville / Walkersville, Creamery Park",Run,5875.9,3.651115,1750,1865,16.2,53.15,3.357657,7.988427,4.16,173.0,187.0,429.0,true,false,false,false,false,Walkersville,Maryland,United States of America,US
13906962005,2022-01-02,2022-01-02T12:18:20Z,Walkersville,Run,10082.0,6.264664,3096,3348,41.0,134.514,3.25646,8.236674,4.78,174.0,187.0,740.0,true,true,false,false,false,Walkersville,Maryland,United States of America,US
13906982406,2022-01-10,2022-01-10T12:03:59Z,Walkersville,Run,6483.5,4.02866,1958,2125,16.3,53.478,3.311287,8.100294,4.967,172.0,186.0,469.0,true,false,false,false,false,Walkersville,Maryland,United States of America,US
13906979548,2022-01-12,2022-01-12T12:06:26Z,Walkersville,Run,6487.3,4.031021,2031,2140,25.6,83.99,3.194141,8.397376,4.76,171.0,184.0,474.0,true,false,false,false,false,Walkersville,Maryland,United States of America,US
13906976615,2022-01-14,2022-01-14T12:09:40Z,Walkersville,Run,7271.6,4.518363,2210,2315,23.1,75.787,3.290317,8.15192,4.94,173.0,188.0,529.0,true,false,false,false,false,Walkersville,Maryland,United States of America,US
13906979414,2022-02-02,2022-02-02T12:24:21Z,Walkersville,Run,5262.1,3.269717,1619,1660,13.5,44.291,3.250216,8.252497,5.2,172.0,177.0,381.0,true,false,false,false,false,Walkersville,Maryland,United States of America,US
13906976471,2022-02-12,2022-02-12T12:27:03Z,Walkersville,Run,8093.1,5.028819,2494,2960,26.4,86.614,3.245028,8.265691,4.9,175.0,190.0,597.0,true,false,false,false,false,Walkersville,Maryland,United States of America,US
13906972529,2022-02-16,2022-02-16T12:15:47Z,"Walkersville / Walkersville, Fountain Rock Park & Nature Center",Run,6494.4,4.035433,2021,2309,23.6,77.428,3.213459,8.346894,5.04,176.0,190.0,465.0,true,false,false,false,false,Walkersville,Maryland,United States of America,US
13906965195,2022-02-18,2022-02-18T12:12:58Z,Walkersville,Run,6464.4,4.016792,2048,2171,22.0,72.178,3.156445,8.49766,6.24,177.0,189.0,481.0,true,false,false,false,false,Walkersville,Maryland,United States of America,US
13906983676,2022-02-19,2022-02-19T14:21:19Z,Frederick,Run,8495.7,5.278983,2547,2991,51.3,168.307,3.335571,8.041321,5.32,172.0,184.0,622.0,true,false,false,false,false,Frederick,Maryland,United States of America,US
13906980917,2022-02-21,2022-02-21T12:15:21Z,Walkersville,Run,5565.3,3.458117,1705,1801,18.0,59.055,3.264106,8.217381,4.72,168.0,181.0,404.0,true,false,false,false,false,Walkersville,Maryland,United States of America,US
13906978040,2022-02-23,2022-02-23T12:10:26Z,Walkersville,Run,6652.4,4.13361,2091,2267,29.0,95.144,3.181444,8.430888,4.78,169.0,187.0,480.0,true,false,false,false,false,Walkersville,Maryland,United States of America,US
13906974611,2022-02-26,2022-02-26T12:23:27Z,Walkersville,Run,8601.2,5.344538,2658,2820,40.4,132.546,3.235967,8.288836,6.0,178.0,190.0,620.0,true,false,false,false,false,Walkersville,Maryland,United States of America,US
13906972434,2022-03-04,2022-03-04T12:12:28Z,Walkersville,Run,6723.8,4.177976,2110,2177,29.7,97.441,3.186635,8.417155,4.46,171.0,185.0,491.0,true,false,false,false,false,Walkersville,Maryland,United States of America,US
13906964733,2022-03-11,2022-03-11T12:06:44Z,Walkersville,Run,6946.5,4.316355,2161,2417,29.4,96.457,3.214484,8.344232,5.82,167.0,178.0,493.0,true,false,false,false,false,Walkersville,Maryland,United States of America,US
13906983561,2022-03-16,2022-03-16T11:17:40Z,Walkersville,Run,6466.3,4.017973,2035,2372,29.0,95.144,3.177543,8.441239,4.5,169.0,193.0,469.0,true,false,false,false,false,Walkersville,Maryland,United States of America,US
13906980746,2022-03-18,2022-03-18T11:26:55Z,Walkersville,Run,2572.6,1.59854,789,871,9.1,29.856,3.260583,8.226259,4.42,167.0,185.0,181.0,false,false,false,false,false,Walkersville,Maryland,United States of America,US
13906977829,2022-03-18,2022-03-18T11:41:40Z,"Walkersville, Fountain Rock Park & Nature Center / Walkersville",Run,3420.3,2.125276,1085,1124,17.6,57.743,3.15235,8.508699,4.92,179.0,190.0,256.0,false,false,false,false,false,Walkersville,Maryland,United States of America,US
13906974344,2022-03-19,2022-03-19T13:25:41Z,Walkersville,Run,5983.9,3.718223,1819,2526,25.3,83.005,3.289665,8.153536,6.3,170.0,182.0,437.0,true,false,false,false,false,Walkersville,Maryland,United States of America,US
13906969676,2022-03-23,2022-03-23T11:09:06Z,Walkersville,Run,6299.4,3.914266,1971,2327,31.9,104.659,3.196043,8.392379,4.6,174.0,184.0,454.0,true,false,false,false,false,Walkersville,Maryland,United States of America,US
13906961918,2022-03-25,2022-03-25T11:19:07Z,Walkersville,Run,6467.0,4.018408,2014,2259,35.2,115.486,3.211023,8.353226,5.66,174.0,186.0,465.0,true,false,false,false,false,Walkersville,Maryland,United States of America,US
13906982407,2022-03-26,2022-03-26T11:22:45Z,Walkersville,Run,4409.1,2.739688,1269,1421,22.8,74.803,3.474468,7.719858,4.76,173.0,184.0,319.0,false,false,false,false,false,Walkersville,Maryland,United States of America,US
13906979428,2022-03-26,2022-03-26T11:46:40Z,Walkersville,Run,5667.2,3.521435,1702,2199,15.7,51.509,3.32973,8.055429,4.1,177.0,184.0,412.0,true,false,false,false,false,Walkersville,Maryland,United States of America,US
13906976596,2022-03-28,2022-03-28T11:00:28Z,"Walkersville / Walkersville, Creamery Park",Run,7289.9,4.529734,2178,2278,25.8,84.646,3.347062,8.013716,4.62,174.0,181.0,521.0,true,false,false,false,false,Walkersville,Maryland,United States of America,US
13906972781,2022-03-30,2022-03-30T11:10:01Z,Walkersville,Run,6656.8,4.136344,2075,2337,34.7,113.845,3.208096,8.360846,4.76,164.0,174.0,473.0,true,false,false,false,false,Walkersville,Maryland,United States of America,US
13906976345,2022-04-01,2022-04-01T11:15:17Z,Walkersville,Run,6758.0,4.199227,2109,2386,34.1,111.877,3.204362,8.370589,5.1,174.0,184.0,489.0,true,false,false,false,false,Walkersville,Maryland,United States of America,US
13906972720,2022-04-02,2022-04-02T11:27:26Z,"Walkersville / Walkersville, Heritage Farm Park",Run,13245.7,8.230496,3913,4135,57.2,187.664,3.38505,7.923783,4.52,168.0,188.0,963.0,true,true,false,false,false,Walkersville,Maryland,United States of America,US
13906964855,2022-04-04,2022-04-04T11:09:06Z,Walkersville,Run,8082.4,5.022171,2447,2609,39.2,128.609,3.302983,8.120659,4.8,176.0,191.0,587.0,true,false,false,false,false,Walkersville,Maryland,United States of America,US
13906983637,2022-04-08,2022-04-08T11:04:15Z,Walkersville,Run,6633.0,4.121555,2077,2240,32.8,107.612,3.193548,8.398933,6.44,168.0,190.0,471.0,true,false,false,false,false,Walkersville,Maryland,United States of America,US
13906980987,2022-04-09,2022-04-09T11:25:46Z,"Walkersville / Walkersville, Heritage Farm Park",Run,13168.5,8.182527,4073,4676,57.3,187.992,3.233121,8.296134,4.6,164.0,176.0,943.0,true,true,false,false,false,Walkersville,Maryland,United States of America,US
13906977991,2022-04-21,2022-04-21T11:11:34Z,Walkersville,Run,6773.0,4.208547,2035,2271,22.6,74.147,3.328256,8.058997,4.82,178.0,192.0,489.0,true,false,false,false,false,Walkersville,Maryland,United States of America,US
13906974510,2022-04-22,2022-04-22T11:12:18Z,Walkersville,Run,6463.9,4.016481,1916,2134,24.9,81.693,3.373643,7.950574,4.62,177.0,189.0,468.0,true,false,false,false,false,Walkersville,Maryland,United States of America,US
13906970257,2022-04-24,2022-04-24T11:21:33Z,Walkersville,Run,13313.7,8.27275,4058,4299,51.0,167.323,3.280853,8.175436,5.18,179.0,191.0,981.0,true,true,false,false,false,Walkersville,Maryland,United States of America,US
13906964838,2022-05-01,2022-05-01T11:02:39Z,Frederick,Run,21299.0,13.234585,6715,6718,120.1,394.029,3.171854,8.456379,4.4,179.0,188.0,1557.0,true,true,true,false,false,Frederick,Maryland,United States of America,US
13906983554,2022-05-04,2022-05-04T11:07:11Z,Walkersville,Run,4910.7,3.051368,1552,1607,13.6,44.619,3.164111,8.477073,5.32,172.0,183.0,342.0,false,false,false,false,false,Walkersville,Maryland,United States of America,US
13906980800,2022-05-09,2022-05-09T11:06:02Z,Walkersville,Run,6670.0,4.144546,2112,2487,35.1,115.157,3.158144,8.49309,4.84,172.0,186.0,486.0,true,false,false,false,false,Walkersville,Maryland,United States of America,US
13906977848,2022-05-11,2022-05-11T11:19:18Z,Walkersville,Run,5155.4,3.203417,1643,2098,32.2,105.643,3.137797,8.548164,5.18,173.0,187.0,373.0,true,false,false,false,false,Walkersville,Maryland,United States of America,US
13906974393,2022-05-14,2022-05-14T11:05:36Z,Walkersville,Run,9717.0,6.037864,3008,3173,36.5,119.751,3.230386,8.303157,4.3,178.0,189.0,703.0,true,false,false,false,false,Walkersville,Maryland,United States of America,US
13906969942,2022-05-16,2022-05-16T10:54:47Z,Walkersville,Run,8072.6,5.016081,2462,2637,39.1,128.281,3.278879,8.180357,4.44,169.0,188.0,585.0,true,false,false,false,false,Walkersville,Maryland,United States of America,US
13906961676,2022-05-18,2022-05-18T10:50:43Z,Walkersville,Run,7035.9,4.371906,2217,2483,34.6,113.517,3.173613,8.451692,4.86,167.0,184.0,511.0,true,false,false,false,false,Walkersville,Maryland,United States of America,US
13906982300,2022-05-20,2022-05-20T11:10:32Z,Walkersville,Run,4894.0,3.040991,1476,1566,11.2,36.745,3.315718,8.089469,6.24,174.0,181.0,349.0,false,false,false,false,false,Walkersville,Maryland,United States of America,US
13906979597,2022-05-22,2022-05-22T11:36:48Z,"Walkersville / Walkersville, Heritage Farm Park",Run,12916.4,8.025879,3996,4571,49.9,163.714,3.232332,8.298157,4.9,175.0,194.0,932.0,true,true,false,false,false,Walkersville,Maryland,United States of America,US
13906976459,2022-05-24,2022-05-24T11:07:44Z,Walkersville,Run,7284.0,4.526068,2277,2579,35.6,116.798,3.198946,8.384762,4.94,167.0,193.0,517.0,true,false,false,false,false,Walkersville,Maryland,United States of America,US
13906972683,2022-05-28,2022-05-28T11:04:05Z,Walkersville,Run,7326.9,4.552725,2196,2418,32.4,106.299,3.336475,8.039142,4.36,171.0,182.0,529.0,true,false,false,false,false,Walkersville,Maryland,United States of America,US
13906965105,2022-05-31,2022-05-31T10:57:38Z,Walkersville,Run,4872.1,3.027383,1455,1504,14.2,46.588,3.348522,8.01022,5.46,171.0,181.0,351.0,false,false,false,false,false,Walkersville,Maryland,United States of America,US
13906976239,2022-06-01,2022-06-01T11:13:05Z,Walkersville,Run,4854.4,3.016384,1501,1604,14.3,46.916,3.234111,8.293594,4.7,168.0,178.0,347.0,false,false,false,false,false,Walkersville,Maryland,United States of America,US
13906972447,2022-06-03,2022-06-03T11:02:15Z,Walkersville,Run,7368.8,4.57876,2332,2573,33.6,110.236,3.159863,8.48847,4.94,169.0,186.0,528.0,true,false,false,false,false,Walkersville,Maryland,United States of America,US
13906964742,2022-06-07,2022-06-07T10:47:03Z,"Provincetown / Provincetown, Cape Cod National Seashore",Run,8071.7,5.015522,2368,2660,29.4,96.457,3.408657,7.868905,5.56,162.0,184.0,588.0,true,false,false,false,false,Provincetown,Massachusetts,United States of America,US
13906983646,2022-06-13,2022-06-13T11:04:37Z,Walkersville,Run,8081.8,5.021798,2478,2536,30.5,100.066,3.261421,8.224147,4.44,173.0,185.0,583.0,true,false,false,false,false,Walkersville,Maryland,United States of America,US
13906980830,2022-06-15,2022-06-15T11:10:00Z,Walkersville,Run,8099.7,5.03292,2461,2520,28.0,91.864,3.291223,8.149675,5.06,171.0,183.0,581.0,true,false,false,false,false,Walkersville,Maryland,United States of America,US
13906978038,2022-06-17,2022-06-17T11:11:28Z,Walkersville,Run,8091.9,5.028074,2525,2653,28.4,93.176,3.204713,8.369673,4.92,172.0,185.0,582.0,true,false,false,false,false,Walkersville,Maryland,United States of America,US
13906974522,2022-06-20,2022-06-20T11:07:48Z,Walkersville,Run,8553.5,5.314898,2563,2680,35.2,115.486,3.3373,8.037156,4.66,166.0,183.0,622.0,true,false,false,false,false,Walkersville,Maryland,United States of America,US
13906970229,2022-06-22,2022-06-22T10:56:36Z,Walkersville,Run,8192.2,5.090397,2452,2521,28.0,91.864,3.341028,8.028188,4.54,173.0,182.0,590.0,true,false,false,false,false,Walkersville,Maryland,United States of America,US
13906961979,2022-06-29,2022-06-29T11:08:10Z,Walkersville,Run,8073.9,5.016889,2385,2574,27.6,90.551,3.385283,7.923237,5.48,177.0,187.0,584.0,true,false,false,false,false,Walkersville,Maryland,United States of America,US
13906982133,2022-07-01,2022-07-01T11:12:03Z,Walkersville,Run,8417.0,5.230081,2537,2771,35.1,115.157,3.317698,8.084642,4.9,174.0,188.0,609.0,true,false,false,false,false,Walkersville,Maryland,United States of America,US
13906979204,2022-07-03,2022-07-03T11:21:28Z,Walkersville,Run,8480.8,5.269725,2550,2696,36.9,121.063,3.325804,8.064937,4.82,171.0,189.0,611.0,true,false,false,false,false,Walkersville,Maryland,United States of America,US
13906976274,2022-07-05,2022-07-05T11:17:53Z,Walkersville,Run,8470.4,5.263263,2588,2643,33.3,109.252,3.272952,8.19517,5.233,162.0,178.0,609.0,true,false,false,false,false,Walkersville,Maryland,United States of America,US
13906972310,2022-07-07,2022-07-07T11:08:52Z,Walkersville,Run,8139.4,5.057589,2478,2598,33.4,109.58,3.284665,8.165947,4.98,167.0,180.0,584.0,true,false,false,false,false,Walkersville,Maryland,United States of America,US
13906964379,2022-07-08,2022-07-08T11:26:56Z,Walkersville,Run,8128.0,5.050505,2472,2594,34.3,112.533,3.288026,8.1576,4.34,165.0,178.0,589.0,true,false,false,false,false,Walkersville,Maryland,United States of America,US
13906983491,2022-07-11,2022-07-11T11:24:41Z,Walkersville,Run,8274.5,5.141536,2471,2517,33.8,110.892,3.348644,8.009928,4.48,172.0,188.0,599.0,true,false,false,false,false,Walkersville,Maryland,United States of America,US
13906980677,2022-07-13,2022-07-13T11:10:01Z,Walkersville,Run,8464.9,5.259845,2603,2662,30.1,98.753,3.251978,8.248025,4.42,168.0,184.0,610.0,true,false,false,false,false,Walkersville,Maryland,United States of America,US
13906977873,2022-07-15,2022-07-15T11:09:20Z,Walkersville,Run,8081.5,5.021611,2442,2547,33.6,110.236,3.309378,8.104968,4.38,170.0,183.0,580.0,true,false,false,false,false,Walkersville,Maryland,United States of America,US
13906974404,2022-07-16,2022-07-16T11:08:15Z,"Walkersville / Walkersville, Creamery Park",Run,11350.3,7.052749,3509,3768,46.9,153.871,3.234625,8.292274,4.88,169.0,181.0,834.0,true,true,false,false,false,Walkersville,Maryland,United States of America,US
13906969402,2022-07-18,2022-07-18T11:13:34Z,Walkersville,Run,8090.1,5.026955,2462,2561,31.0,101.706,3.285987,8.162662,5.56,163.0,176.0,584.0,true,false,false,false,false,Walkersville,Maryland,United States of America,US
13906961691,2022-07-20,2022-07-20T11:18:31Z,Walkersville,Run,8071.1,5.015149,2502,2568,31.4,103.018,3.225859,8.314808,4.64,167.0,200.0,580.0,true,false,false,false,false,Walkersville,Maryland,United States of America,US
13906982287,2022-07-22,2022-07-22T11:17:53Z,Walkersville,Run,8074.4,5.0172,2517,2602,31.1,102.034,3.207946,8.361238,5.42,168.0,182.0,581.0,true,false,false,false,false,Walkersville,Maryland,United States of America,US
13906979479,2022-07-23,2022-07-23T10:58:38Z,Walkersville,Run,11384.1,7.073752,3520,3830,44.6,146.325,3.234119,8.293572,4.56,167.0,179.0,823.0,true,true,false,false,false,Walkersville,Maryland,United States of America,US
13906976476,2022-07-25,2022-07-25T11:10:47Z,"Walkersville / Walkersville, Creamery Park",Run,9105.8,5.658082,2839,2913,30.5,100.066,3.207397,8.362669,4.88,166.0,183.0,663.0,true,false,false,false,false,Walkersville,Maryland,United States of America,US
13906972697,2022-07-28,2022-07-28T11:06:11Z,Walkersville,Run,8079.5,5.020369,2465,2592,32.1,105.315,3.277688,8.18333,5.58,169.0,182.0,585.0,true,false,false,false,false,Walkersville,Maryland,United States of America,US
13906965022,2022-07-29,2022-07-29T11:02:39Z,Walkersville,Run,8352.7,5.190127,2539,2608,29.4,96.457,3.28976,8.153301,5.08,165.0,180.0,609.0,true,false,false,false,false,Walkersville,Maryland,United States of America,US
13906983735,2022-07-31,2022-07-31T11:04:25Z,"Walkersville / Walkersville, Heritage Farm Park",Run,12113.7,7.527104,3661,3844,44.8,146.982,3.30885,8.10626,4.62,163.0,177.0,882.0,true,true,false,false,false,Walkersville,Maryland,United States of America,US
13906982209,2022-08-02,2022-08-02T11:30:43Z,Walkersville,Run,7265.8,4.514759,2178,2217,27.0,88.583,3.335996,8.040297,4.74,163.0,175.0,532.0,true,false,false,false,false,Walkersville,Maryland,United States of America,US
13906979292,2022-08-03,2022-08-03T11:18:22Z,Walkersville,Run,7187.2,4.465919,2204,2263,27.2,89.239,3.26098,8.225257,5.24,160.0,172.0,521.0,true,false,false,false,false,Walkersville,Maryland,United States of America,US
13906976279,2022-08-04,2022-08-04T11:10:48Z,Walkersville,Run,6988.6,4.342515,2171,2241,23.6,77.428,3.21907,8.332346,4.44,164.0,174.0,509.0,true,false,false,false,false,Walkersville,Maryland,United States of America,US
13906972499,2022-08-07,2022-08-07T11:32:19Z,"Ocean View / Bethany Beach, Fenwick Island",Run,12944.7,8.043464,3963,4689,11.0,36.089,3.266389,8.211637,4.82,166.0,180.0,934.0,true,true,false,false,false,Selbyville,Delaware,United States of America,US
13906964458,2022-08-16,2022-08-16T11:07:48Z,Walkersville,Run,6522.0,4.052583,1918,1951,22.6,74.147,3.400417,7.887974,5.28,165.0,180.0,475.0,true,false,false,false,false,Walkersville,Maryland,United States of America,US
13906983568,2022-08-18,2022-08-18T11:16:14Z,Walkersville,Run,6772.5,4.208236,2131,2381,36.1,118.438,3.178085,8.439798,5.1,166.0,182.0,502.0,true,false,false,false,false,Walkersville,Maryland,United States of America,US
13906980889,2022-08-20,2022-08-20T11:24:30Z,"Walkersville / Walkersville, Heritage Farm Park",Run,13303.3,8.266287,4062,4303,72.2,236.877,3.275062,8.189892,5.1,174.0,187.0,995.0,true,true,false,false,false,Walkersville,Maryland,United States of America,US
13906977888,2022-08-22,2022-08-22T11:16:38Z,Walkersville,Run,6870.2,4.268944,2196,2235,35.8,117.454,3.128506,8.573548,4.64,162.0,178.0,507.0,true,false,false,false,false,Walkersville,Maryland,United States of America,US
13906974530,2022-08-24,2022-08-24T11:23:43Z,Walkersville,Run,8092.0,5.028136,2545,2616,35.5,116.47,3.179568,8.435864,5.06,168.0,184.0,591.0,true,false,false,false,false,Walkersville,Maryland,United States of America,US
13906969708,2022-08-26,2022-08-26T11:08:02Z,Walkersville,Run,8215.5,5.104875,2611,2823,34.3,112.533,3.146496,8.524531,5.42,165.0,184.0,599.0,true,false,false,false,false,Walkersville,Maryland,United States of America,US
13906961891,2022-08-29,2022-08-29T11:24:39Z,Walkersville,Run,8107.6,5.037829,2543,2722,35.8,117.454,3.188203,8.413015,4.98,167.0,182.0,590.0,true,false,false,false,false,Walkersville,Maryland,United States of America,US
13906982430,2022-08-31,2022-08-31T11:15:33Z,Walkersville,Run,8098.7,5.032299,2518,2562,41.2,135.171,3.216322,8.339462,5.28,166.0,188.0,596.0,true,false,false,false,false,Walkersville,Maryland,United States of America,US
13906983427,2022-09-02,2022-09-02T11:08:47Z,Walkersville,Run,8110.7,5.039755,2519,2616,39.6,129.921,3.219809,8.330431,5.44,169.0,182.0,603.0,true,false,false,false,false,Walkersville,Maryland,United States of America,US
13906980814,2022-09-04,2022-09-04T11:27:32Z,"Walkersville / Walkersville, Heritage Farm Park",Run,14713.0,9.142234,4575,5036,64.8,212.598,3.215956,8.340412,4.74,172.0,184.0,1086.0,true,true,false,false,false,Walkersville,Maryland,United States of America,US
13906977738,2022-09-08,2022-09-08T11:07:43Z,Walkersville,Run,8086.2,5.024532,2527,2724,40.8,133.858,3.199921,8.382207,4.74,166.0,178.0,591.0,true,false,false,false,false,Walkersville,Maryland,United States of America,US
13906974293,2022-09-09,2022-09-09T11:04:24Z,Walkersville,Run,8079.4,5.020306,2546,2672,40.1,131.562,3.17337,8.452339,5.44,164.0,177.0,596.0,true,false,false,false,false,Walkersville,Maryland,United States of America,US
13906969107,2022-09-12,2022-09-12T11:15:57Z,Walkersville,Run,8068.2,5.013347,2547,2725,37.4,122.703,3.167727,8.467397,4.88,165.0,186.0,591.0,true,false,false,false,false,Walkersville,Maryland,United States of America,US
13906961584,2022-09-14,2022-09-14T11:20:07Z,Walkersville,Run,8084.1,5.023227,2525,2618,40.8,133.858,3.201624,8.377749,4.82,172.0,186.0,600.0,true,false,false,false,false,Walkersville,Maryland,United States of America,US
13906982293,2022-09-16,2022-09-16T11:26:27Z,Walkersville,Run,8086.5,5.024718,2501,2588,40.1,131.562,3.233307,8.295656,4.64,170.0,181.0,600.0,true,false,false,false,false,Walkersville,Maryland,United States of America,US
13906979325,2022-09-19,2022-09-19T11:02:09Z,Walkersville,Run,8108.7,5.038513,2472,2691,39.2,128.609,3.280218,8.177016,4.88,168.0,183.0,599.0,true,false,false,false,false,Walkersville,Maryland,United States of America,US
13906976482,2022-09-20,2022-09-20T11:17:04Z,Walkersville,Run,8086.4,5.024656,2567,2688,39.6,129.921,3.150136,8.514679,4.48,163.0,176.0,600.0,true,false,false,false,false,Walkersville,Maryland,United States of America,US
13906972547,2022-09-22,2022-09-22T11:20:58Z,"Walkersville / Walkersville, Fountain Rock Park & Nature Center",Run,7460.5,4.63574,2334,2442,34.5,113.189,3.196444,8.391325,4.58,164.0,181.0,546.0,true,false,false,false,false,Walkersville,Maryland,United States of America,US
13906964849,2022-09-26,2022-09-26T11:17:19Z,Walkersville,Run,8102.1,5.034412,2427,2523,31.1,102.034,3.338319,8.034703,4.6,168.0,178.0,589.0,true,false,false,false,false,Walkersville,Maryland,United States of America,US
13906983658,2022-09-28,2022-09-28T11:08:17Z,Walkersville,Run,8097.9,5.031802,2490,2543,40.0,131.234,3.252169,8.247543,6.8,174.0,184.0,598.0,true,false,false,false,false,Walkersville,Maryland,United States of America,US
13906980861,2022-09-30,2022-09-30T11:15:02Z,Walkersville,Run,8124.9,5.048579,2527,2745,40.9,134.186,3.215235,8.342282,4.66,162.0,177.0,601.0,true,false,false,false,false,Walkersville,Maryland,United States of America,US
13906976288,2022-10-08,2022-10-08T11:25:33Z,Walkersville,Run,8140.2,5.058086,2411,2599,26.9,88.255,3.376275,7.944376,4.733,172.0,190.0,591.0,true,false,false,false,false,Walkersville,Maryland,United States of America,US
13906972378,2022-10-09,2022-10-09T11:37:22Z,Walkersville,Run,9699.6,6.027052,2939,3243,39.2,128.609,3.300306,8.127246,5.06,164.0,175.0,710.0,true,false,false,false,false,Walkersville,Maryland,United States of America,US
13906964668,2022-10-11,2022-10-11T11:10:20Z,Walkersville,Run,8095.4,5.030248,2575,2728,41.4,135.827,3.143845,8.531719,4.86,170.0,184.0,593.0,true,false,false,false,false,Walkersville,Maryland,United States of America,US
13906983564,2022-10-14,2022-10-14T11:14:03Z,Walkersville,Run,8092.5,5.028446,2565,2699,41.7,136.811,3.154971,8.501632,6.26,171.0,181.0,603.0,true,false,false,false,false,Walkersville,Maryland,United States of America,US
13906980783,2022-10-17,2022-10-17T11:10:52Z,Walkersville,Run,8097.0,5.031243,2664,2882,37.7,123.688,3.039414,8.824858,4.7,153.0,169.0,595.0,true,false,false,false,false,Walkersville,Maryland,United States of America,US
13906977886,2022-10-20,2022-10-20T11:13:46Z,Walkersville,Run,8484.8,5.27221,2623,2801,31.7,104.003,3.234769,8.291905,5.2,170.0,185.0,617.0,true,false,false,false,false,Walkersville,Maryland,United States of America,US
13906974386,2022-10-21,2022-10-21T11:18:56Z,Walkersville,Run,8082.9,5.022481,2539,2790,32.7,107.283,3.183497,8.42545,4.74,169.0,187.0,586.0,true,false,false,false,false,Walkersville,Maryland,United States of America,US
13906969826,2022-10-25,2022-10-25T11:20:47Z,Walkersville,Run,8092.1,5.028198,2609,3164,42.3,138.78,3.10161,8.647896,5.3,161.0,179.0,594.0,true,false,false,false,false,Walkersville,Maryland,United States of America,US
13906961692,2022-10-27,2022-10-27T11:06:26Z,Walkersville,Run,8086.8,5.024905,2583,2800,37.2,122.047,3.130778,8.567327,4.52,166.0,177.0,595.0,true,false,false,false,false,Walkersville,Maryland,United States of America,US
13906982447,2022-10-29,2022-10-29T11:19:33Z,"Walkersville / Walkersville, Heritage Farm Park",Run,13410.3,8.332774,4102,4484,39.9,130.906,3.26921,8.204551,4.52,166.0,178.0,979.0,true,true,false,false,false,Walkersville,Maryland,United States of America,US
13906979456,2022-10-31,2022-10-31T11:10:36Z,Walkersville,Run,8129.1,5.051189,2537,2777,40.3,132.218,3.204218,8.370967,5.12,164.0,180.0,599.0,true,false,false,false,false,Walkersville,Maryland,United States of America,US
13906972559,2022-11-02,2022-11-02T11:19:18Z,Walkersville,Run,8069.1,5.013906,2503,2689,38.8,127.297,3.223771,8.320193,5.96,172.0,184.0,597.0,true,false,false,false,false,Walkersville,Maryland,United States of America,US
13906965060,2022-11-06,2022-11-06T12:26:52Z,"Walkersville / Walkersville, Heritage Farm Park",Run,12419.8,7.717306,3836,4532,44.4,145.669,3.237696,8.284411,4.62,176.0,186.0,926.0,true,true,false,false,false,Walkersville,Maryland,United States of America,US
13906983576,2022-11-16,2022-11-16T15:11:40Z,Walkersville,Run,8071.5,5.015398,2423,2524,34.6,113.517,3.331201,8.051871,4.4,178.0,186.0,605.0,true,false,false,false,false,Walkersville,Maryland,United States of America,US
13906980846,2022-11-18,2022-11-18T14:43:07Z,"Walkersville / Walkersville, Creamery Park",Run,6967.6,4.329466,2055,2117,24.4,80.052,3.39056,7.910906,4.867,176.0,187.0,508.0,true,false,false,false,false,Walkersville,Maryland,United States of America,US
13906978064,2022-11-24,2022-11-24T17:03:37Z,"Walkersville / Walkersville, Creamery Park",Run,8253.5,5.128487,2553,2846,37.4,122.703,3.232863,8.296794,5.24,171.0,190.0,575.0,true,false,false,false,false,Walkersville,Maryland,United States of America,US
13906969430,2022-12-02,2022-12-02T15:23:46Z,Walkersville,Run,6612.1,4.108568,2004,2143,26.6,87.27,3.299451,8.129352,4.52,172.0,185.0,480.0,true,false,false,false,false,Walkersville,Maryland,United States of America,US
13906961703,2022-12-09,2022-12-09T14:13:11Z,Walkersville,Run,8300.6,5.157754,2571,2734,39.4,129.265,3.228549,8.30788,4.64,172.0,180.0,611.0,true,false,false,false,false,Walkersville,Maryland,United States of America,US
13906982304,2022-12-11,2022-12-11T15:23:44Z,"Frederick, Riverside Park / Frederick",Run,7696.2,4.782197,2594,3778,36.6,120.079,2.966924,9.040475,4.54,164.0,181.0,580.0,true,false,false,false,false,Frederick,Maryland,United States of America,US
13906979471,2022-12-27,2022-12-27T18:47:08Z,Walkersville,Run,8058.1,5.007071,2642,3016,39.2,128.609,3.05,8.79423,4.42,174.0,185.0,601.0,true,false,false,false,false,Walkersville,Maryland,United States of America,US
13906976483,2022-12-28,2022-12-28T19:18:46Z,Frederick,Run,6456.3,4.011759,2519,2767,48.1,157.808,2.563041,10.465069,4.26,161.0,177.0,523.0,true,false,false,false,false,Frederick,Maryland,United States of America,US
13906974113,2023-01-01,2023-01-01T16:54:10Z,Walkersville,Run,8263.0,5.13439,2653,2715,39.0,127.953,3.114587,8.611863,4.14,173.0,184.0,613.0,true,false,false,false,false,Walkersville,Maryland,United States of America,US
13906968994,2023-01-06,2023-01-06T18:51:51Z,Walkersville,Run,8095.8,5.030497,2589,2735,38.4,125.984,3.126999,8.577681,4.7,173.0,180.0,599.0,true,false,false,false,false,Walkersville,Maryland,United States of America,US
13906961460,2023-01-07,2023-01-07T15:23:56Z,Walkersville,Run,6966.1,4.328534,2172,2261,23.4,76.772,3.207228,8.363109,4.72,165.0,175.0,509.0,true,false,false,false,false,Walkersville,Maryland,United States of America,US
13906982202,2023-01-12,2023-01-12T12:28:54Z,Walkersville,Run,7268.4,4.516374,2368,2471,40.7,133.53,3.069426,8.738573,4.84,173.0,185.0,537.0,true,false,false,false,false,Walkersville,Maryland,United States of America,US
13906979317,2023-01-14,2023-01-14T12:41:22Z,"Walkersville / Walkersville, Creamery Park",Run,7268.5,4.516437,2251,2331,26.1,85.63,3.229009,8.306696,4.68,176.0,189.0,530.0,true,false,false,false,false,Walkersville,Maryland,United States of America,US
13906976280,2023-01-15,2023-01-15T19:51:24Z,Walkersville,Run,6688.4,4.155979,2044,2145,22.6,74.147,3.272211,8.197026,4.8,181.0,190.0,489.0,true,false,false,false,false,Walkersville,Maryland,United States of America,US
13906972469,2023-01-18,2023-01-18T16:09:34Z,"Walkersville / Walkersville, Heritage Farm Park",Run,9699.5,6.02699,2964,3213,27.7,90.879,3.272436,8.196463,5.06,174.0,184.0,707.0,true,false,false,false,false,Walkersville,Maryland,United States of America,US
13906964446,2023-01-20,2023-01-20T15:56:28Z,Walkersville,Run,5970.7,3.710021,1799,1872,20.6,67.585,3.318899,8.081715,4.3,165.0,180.0,438.0,true,false,false,false,false,Walkersville,Maryland,United States of America,US
13906983587,2023-01-23,2023-01-23T17:09:38Z,"Walkersville / Walkersville, Heritage Farm Park",Run,10042.2,6.239934,3137,3490,29.9,98.097,3.201211,8.378828,4.7,178.0,190.0,730.0,true,true,false,false,false,Walkersville,Maryland,United States of America,US
13906980774,2023-01-25,2023-01-25T15:49:37Z,Walkersville,Run,6492.5,4.034252,2025,2083,22.5,73.819,3.206173,8.365862,4.66,168.0,183.0,474.0,true,false,false,false,false,Walkersville,Maryland,United States of America,US
13906978078,2023-01-27,2023-01-27T15:14:44Z,"Frederick, Ballenger Creek Park / Frederick",Run,9694.6,6.023945,3027,3222,47.7,156.496,3.202709,8.37491,5.433,173.0,188.0,718.0,true,false,false,false,false,Frederick,Maryland,United States of America,US
13906974382,2023-01-29,2023-01-29T12:47:18Z,Walkersville,Run,6477.7,4.025056,2004,2055,21.1,69.226,3.232385,8.298021,4.8,167.0,181.0,468.0,true,false,false,false,false,Walkersville,Maryland,United States of America,US
13906969191,2023-02-02,2023-02-02T12:19:58Z,Walkersville,Run,6470.8,4.020769,2043,2241,26.0,85.302,3.167303,8.46853,4.82,172.0,184.0,481.0,true,false,false,false,false,Walkersville,Maryland,United States of America,US
13906961572,2023-02-04,2023-02-04T17:07:09Z,Walkersville,Run,6918.6,4.299019,2153,2318,22.6,74.147,3.21347,8.346866,4.34,169.0,181.0,503.0,true,false,false,false,false,Walkersville,Maryland,United States of America,US
13906982278,2023-02-05,2023-02-05T19:16:06Z,Walkersville,Run,6859.3,4.262171,2147,2234,22.1,72.507,3.19483,8.395564,4.34,166.0,174.0,498.0,true,false,false,false,false,Walkersville,Maryland,United States of America,US
13906979328,2023-02-09,2023-02-09T12:28:18Z,Walkersville,Run,7283.5,4.525757,2366,2497,37.6,123.36,3.078402,8.713091,4.58,169.0,179.0,539.0,true,false,false,false,false,Walkersville,Maryland,United States of America,US
13906976350,2023-02-11,2023-02-11T12:25:30Z,Walkersville,Run,8142.2,5.059329,2493,2622,26.8,87.927,3.266025,8.212552,4.42,177.0,188.0,594.0,true,false,false,false,false,Walkersville,Maryland,United States of America,US
13906972555,2023-02-12,2023-02-12T12:50:19Z,"Walkersville / Walkersville, Heritage Farm Park",Run,9700.7,6.027736,2954,3199,36.6,120.079,3.28392,8.167799,4.56,172.0,189.0,709.0,true,false,false,false,false,Walkersville,Maryland,United States of America,US
13906968799,2023-03-05,2023-03-05T13:09:13Z,Walkersville,Run,7274.2,4.519978,2338,2461,30.8,101.05,3.111292,8.620985,4.2,180.0,191.0,539.0,true,false,false,false,false,Walkersville,Maryland,United States of America,US
13906961226,2023-03-07,2023-03-07T12:24:05Z,Walkersville,Run,6489.1,4.03214,2009,2069,22.6,74.147,3.230015,8.30411,4.44,180.0,191.0,472.0,true,false,false,false,false,Walkersville,Maryland,United States of America,US
13906982159,2023-03-11,2023-03-11T12:32:16Z,Walkersville,Run,9759.3,6.064148,3090,3419,38.0,124.672,3.15835,8.492537,4.7,175.0,187.0,707.0,true,false,false,false,false,Walkersville,Maryland,United States of America,US
13906979189,2023-03-14,2023-03-14T11:28:21Z,Walkersville,Run,7449.7,4.629029,2369,2587,40.2,131.89,3.14466,8.529507,5.36,176.0,189.0,558.0,true,false,false,false,false,Walkersville,Maryland,United States of America,US
13906976127,2023-03-16,2023-03-16T11:20:47Z,Walkersville,Run,8088.2,5.025774,2578,2768,45.5,149.278,3.137393,8.549263,5.133,177.0,191.0,602.0,true,false,false,false,false,Walkersville,Maryland,United States of America,US
13906972322,2023-03-18,2023-03-18T11:40:52Z,"Walkersville / Walkersville, Heritage Farm Park",Run,10830.8,6.729947,3230,3389,43.5,142.717,3.353189,7.999072,5.6,182.0,192.0,786.0,true,true,false,false,false,Walkersville,Maryland,United States of America,US
13906964386,2023-03-19,2023-03-19T11:48:36Z,Walkersville,Run,6881.1,4.275717,2080,2204,27.2,89.239,3.308221,8.107801,4.833,168.0,182.0,502.0,true,false,false,false,false,Walkersville,Maryland,United States of America,US
13906983515,2023-03-21,2023-03-21T11:17:43Z,Walkersville,Run,8072.1,5.01577,2566,2711,47.7,156.496,3.145791,8.52644,4.82,173.0,190.0,605.0,true,false,false,false,false,Walkersville,Maryland,United States of America,US
13906980777,2023-03-25,2023-03-25T11:47:02Z,Walkersville,Run,6655.2,4.13535,1986,2037,22.8,74.803,3.351057,8.00416,5.54,176.0,188.0,499.0,true,false,false,false,false,Walkersville,Maryland,United States of America,US
13906977869,2023-03-26,2023-03-26T12:05:56Z,Walkersville,Run,6686.6,4.154861,2011,2059,20.3,66.601,3.325012,8.066857,5.0,172.0,178.0,500.0,true,false,false,false,false,Walkersville,Maryland,United States of America,US
13906974288,2023-03-29,2023-03-29T11:22:10Z,Walkersville,Run,6876.5,4.272859,2176,2358,44.4,145.669,3.160156,8.487682,4.92,172.0,186.0,525.0,true,false,false,false,false,Walkersville,Maryland,United States of America,US
13906969410,2023-03-30,2023-03-30T11:16:02Z,Walkersville,Run,6489.6,4.03245,2039,2198,32.9,107.94,3.182737,8.427464,4.9,172.0,186.0,499.0,true,false,false,false,false,Walkersville,Maryland,United States of America,US
13906972211,2023-04-02,2023-04-02T11:27:58Z,Walkersville,Run,8093.4,5.029006,2492,2901,27.2,89.239,3.247753,8.258757,5.32,168.0,183.0,603.0,true,false,false,false,false,Walkersville,Maryland,United States of America,US
13906963990,2023-04-04,2023-04-04T11:15:16Z,Walkersville,Run,6701.5,4.164119,2115,2183,41.9,137.467,3.168558,8.465176,4.74,172.0,184.0,519.0,true,false,false,false,false,Walkersville,Maryland,United States of America,US
13906983397,2023-04-07,2023-04-07T11:03:33Z,Walkersville,Run,6484.3,4.029157,1934,2012,19.4,63.648,3.352792,8.000019,4.98,173.0,180.0,481.0,true,false,false,false,false,Walkersville,Maryland,United States of America,US
13906980644,2023-04-10,2023-04-10T11:34:47Z,"Walkersville / Walkersville, Creamery Park",Run,6947.8,4.317163,2076,2180,24.8,81.365,3.346724,8.014523,4.48,171.0,182.0,517.0,true,false,false,false,false,Walkersville,Maryland,United States of America,US
13906977721,2023-04-14,2023-04-14T11:19:23Z,"Walkersville / Walkersville, Creamery Park",Run,6855.5,4.25981,2060,2273,24.2,79.396,3.327913,8.059827,4.42,174.0,186.0,508.0,true,false,false,false,false,Walkersville,Maryland,United States of America,US
13906974219,2023-04-15,2023-04-15T11:17:13Z,Walkersville,Run,8877.8,5.516409,2763,2828,27.0,88.583,3.213102,8.347822,4.48,172.0,183.0,664.0,true,false,false,false,false,Walkersville,Maryland,United States of America,US
13906969196,2023-04-18,2023-04-18T11:25:52Z,Walkersville,Run,6585.4,4.091978,2086,2212,37.2,122.047,3.156951,8.496299,4.66,167.0,182.0,499.0,true,false,false,false,false,Walkersville,Maryland,United States of America,US
13906961466,2023-04-20,2023-04-20T11:21:54Z,Walkersville,Run,6494.0,4.035185,2051,2176,35.9,117.782,3.16626,8.471319,4.9,175.0,184.0,497.0,true,false,false,false,false,Walkersville,Maryland,United States of America,US
13906982224,2023-04-22,2023-04-22T12:13:46Z,Walkersville,Run,6877.6,4.273543,2090,2456,16.6,54.462,3.290718,8.150927,4.467,174.0,199.0,514.0,true,false,false,false,false,Walkersville,Maryland,United States of America,US
13906979324,2023-04-23,2023-04-23T11:35:52Z,Walkersville,Run,9701.1,6.027984,2925,3031,35.1,115.157,3.316615,8.087281,5.68,168.0,178.0,728.0,true,false,false,false,false,Walkersville,Maryland,United States of America,US
13906976351,2023-04-25,2023-04-25T11:10:18Z,Walkersville,Run,6936.5,4.310141,2141,2469,45.4,148.95,3.239841,8.278924,4.94,171.0,195.0,531.0,true,false,false,false,false,Walkersville,Maryland,United States of America,US
13906972456,2023-04-26,2023-04-26T11:19:13Z,"Walkersville / Walkersville, Walkersville Community Park",Run,7263.2,4.513143,2259,2381,42.4,139.108,3.215228,8.342301,4.98,167.0,183.0,555.0,true,false,false,false,false,Walkersville,Maryland,United States of America,US
13906964791,2023-04-27,2023-04-27T11:24:59Z,"Walkersville / Walkersville, Walkersville Community Park",Run,6984.3,4.339843,2129,2226,39.7,130.249,3.280554,8.176179,5.28,167.0,177.0,532.0,true,false,false,false,false,Walkersville,Maryland,United States of America,US
13906979047,2023-05-01,2023-05-01T11:12:08Z,Walkersville,Run,6542.5,4.065321,1993,2039,26.6,87.27,3.28274,8.170736,5.76,169.0,184.0,498.0,true,false,false,false,false,Walkersville,Maryland,United States of America,US
13906976117,2023-05-05,2023-05-05T11:20:55Z,"Walkersville / Walkersville, Walkersville Community Park",Run,6536.7,4.061717,1989,2050,44.4,145.669,3.286425,8.161573,5.76,177.0,200.0,498.0,true,false,false,false,false,Walkersville,Maryland,United States of America,US
13906972540,2023-05-07,2023-05-07T11:09:18Z,"Frederick, The Great Frederick Fair / Frederick",Run,21335.7,13.257389,6439,6449,120.1,394.029,3.313511,8.094857,4.52,176.0,186.0,1614.0,true,true,true,false,false,Frederick,Maryland,United States of America,US
13906964298,2023-05-13,2023-05-13T11:30:46Z,Walkersville,Run,6466.9,4.018345,2001,2179,15.0,49.213,3.231834,8.299436,4.96,170.0,181.0,473.0,true,false,false,false,false,Walkersville,Maryland,United States of America,US
13906983489,2023-05-16,2023-05-16T11:24:15Z,"Walkersville / Walkersville, Walkersville Community Park",Run,6918.3,4.298832,2177,2375,41.6,136.483,3.177905,8.440276,4.74,169.0,181.0,527.0,true,false,false,false,false,Walkersville,Maryland,United States of America,US
13906980772,2023-05-18,2023-05-18T11:21:52Z,"Walkersville / Walkersville, Walkersville Community Park",Run,7036.0,4.371968,2211,2332,42.1,138.123,3.18227,8.428699,4.74,172.0,182.0,534.0,true,false,false,false,false,Walkersville,Maryland,United States of America,US
13906977871,2023-05-19,2023-05-19T11:07:41Z,"Walkersville / Walkersville, Walkersville Community Park",Run,7016.2,4.359665,2239,2294,41.7,136.811,3.133631,8.559527,4.7,169.0,182.0,535.0,true,false,false,false,false,Walkersville,Maryland,United States of America,US
13906974220,2023-05-21,2023-05-21T11:37:53Z,Walkersville,Run,7299.5,4.535699,2198,2536,24.4,80.052,3.320974,8.076668,4.82,171.0,182.0,542.0,true,false,false,false,false,Walkersville,Maryland,United States of America,US
13906969401,2023-05-27,2023-05-27T15:22:51Z,Walkersville,Run,6471.5,4.021204,1913,2241,15.9,52.165,3.382906,7.928803,7.18,176.0,192.0,479.0,true,false,false,false,false,Walkersville,Maryland,United States of America,US
13906961554,2023-05-30,2023-05-30T11:07:46Z,"Walkersville / Walkersville, Walkersville Community Park",Run,6869.3,4.268385,2156,2352,36.2,118.766,3.186132,8.418484,4.96,171.0,185.0,518.0,true,false,false,false,false,Walkersville,Maryland,United States of America,US
13906980574,2023-06-01,2023-06-01T11:14:45Z,"Walkersville / Walkersville, Walkersville Community Park",Run,6950.0,4.31853,2160,2269,44.7,146.654,3.217593,8.33617,5.48,173.0,184.0,533.0,true,false,false,false,false,Walkersville,Maryland,United States of America,US
13906977627,2023-06-02,2023-06-02T11:15:23Z,"Walkersville / Walkersville, Walkersville Community Park",Run,6782.7,4.214574,2124,2428,38.0,124.672,3.193362,8.399425,5.36,171.0,184.0,516.0,true,false,false,false,false,Walkersville,Maryland,United States of America,US
13906974098,2023-06-04,2023-06-04T11:31:39Z,"Walkersville / Walkersville, Creamery Park",Run,6465.0,4.017165,1951,2138,15.1,49.541,3.313685,8.094432,4.3,166.0,179.0,482.0,true,false,false,false,false,Walkersville,Maryland,United States of America,US
13906968801,2023-06-06,2023-06-06T11:27:42Z,Walkersville,Run,6920.0,4.299889,2051,2182,17.5,57.415,3.373964,7.949818,4.52,175.0,184.0,513.0,true,false,false,false,false,Walkersville,Maryland,United States of America,US
13906961352,2023-06-10,2023-06-10T14:14:36Z,Walkersville,Run,6465.8,4.017662,1948,2211,20.6,67.585,3.319199,8.080985,5.16,177.0,188.0,477.0,true,false,false,false,false,Walkersville,Maryland,United States of America,US
13906982247,2023-06-14,2023-06-14T11:45:45Z,"Ocean View / Bethany Beach, Fenwick Island",Run,12970.6,8.059557,3952,5094,11.2,36.745,3.282034,8.172492,5.14,176.0,189.0,955.0,true,true,false,false,false,Selbyville,Delaware,United States of America,US
13906979172,2023-06-18,2023-06-18T11:47:57Z,Walkersville,Run,6481.8,4.027604,1983,2340,15.0,49.213,3.268684,8.205872,6.1,181.0,201.0,481.0,true,false,false,false,false,Walkersville,Maryland,United States of America,US
13906976102,2023-06-20,2023-06-20T10:57:40Z,Walkersville,Run,5427.4,3.37243,1615,1732,17.4,57.087,3.360619,7.981386,4.52,177.0,191.0,402.0,true,false,false,false,false,Walkersville,Maryland,United States of America,US
13906972365,2023-06-24,2023-06-24T10:56:45Z,Walkersville,Run,6466.9,4.018345,1967,2093,24.3,79.724,3.287697,8.158416,4.8,174.0,190.0,482.0,true,false,false,false,false,Walkersville,Maryland,United States of America,US
13906964659,2023-06-26,2023-06-26T11:06:47Z,Walkersville,Run,6492.3,4.034128,1950,2200,15.1,49.541,3.329385,8.056264,5.92,172.0,185.0,477.0,true,false,false,false,false,Walkersville,Maryland,United States of America,US
13906983512,2023-06-27,2023-06-27T11:10:18Z,"Walkersville / Walkersville, Creamery Park",Run,6743.4,4.190154,2042,2178,22.6,74.147,3.302351,8.122214,4.14,170.0,181.0,498.0,true,false,false,false,false,Walkersville,Maryland,United States of America,US
13906977500,2023-07-02,2023-07-02T11:17:29Z,"Walkersville / Walkersville, Creamery Park",Run,9694.2,6.023697,2981,3137,32.0,104.987,3.251996,8.247981,4.48,173.0,186.0,726.0,true,false,false,false,false,Walkersville,Maryland,United States of America,US
13906973771,2023-07-03,2023-07-03T11:23:07Z,Walkersville,Run,6722.9,4.177416,2019,2096,22.8,74.803,3.329817,8.055218,4.68,167.0,181.0,499.0,true,false,false,false,false,Walkersville,Maryland,United States of America,US
13906968703,2023-07-04,2023-07-04T11:37:11Z,Walkersville,Run,7113.8,4.42031,2166,2398,28.9,94.816,3.284303,8.166847,4.5,169.0,183.0,537.0,true,false,false,false,false,Walkersville,Maryland,United States of America,US
13906961178,2023-07-07,2023-07-07T11:09:50Z,Walkersville,Run,6544.0,4.066253,1993,2495,15.8,51.837,3.283492,8.168864,5.1,176.0,191.0,483.0,true,false,false,false,false,Walkersville,Maryland,United States of America,US
13906982070,2023-07-09,2023-07-09T12:59:32Z,"Walkersville / Walkersville, Heritage Farm Park",Run,9693.9,6.02351,3014,3503,29.7,97.441,3.216291,8.339545,5.24,166.0,179.0,721.0,true,false,false,false,false,Walkersville,Maryland,United States of America,US
13906979039,2023-07-10,2023-07-10T10:55:58Z,Walkersville,Run,6486.1,4.030276,1982,2214,15.1,49.541,3.272503,8.196296,5.12,160.0,176.0,477.0,true,false,false,false,false,Walkersville,Maryland,United States of America,US
13906975943,2023-07-14,2023-07-14T11:35:37Z,Walkersville,Run,6685.1,4.153929,2073,2209,21.9,71.85,3.224843,8.317428,4.36,165.0,180.0,494.0,true,false,false,false,false,Walkersville,Maryland,United States of America,US
13906972104,2023-07-16,2023-07-16T11:33:04Z,"Walkersville / Walkersville, Creamery Park",Run,6859.2,4.262109,2094,2251,24.4,80.052,3.275645,8.188434,4.48,164.0,178.0,512.0,true,false,false,false,false,Walkersville,Maryland,United States of America,US
13906964005,2023-07-17,2023-07-17T11:17:55Z,"Walkersville / Walkersville, Creamery Park",Run,6477.6,4.024994,1920,2065,15.4,50.525,3.37375,7.950322,4.68,167.0,185.0,480.0,true,false,false,false,false,Walkersville,Maryland,United States of America,US
13906983400,2023-07-20,2023-07-20T11:06:14Z,"Walkersville / Walkersville, Creamery Park",Run,6494.3,4.035371,1941,2055,18.3,60.039,3.345853,8.016611,4.72,172.0,188.0,481.0,true,false,false,false,false,Walkersville,Maryland,United States of America,US
13906980660,2023-07-21,2023-07-21T11:14:22Z,Walkersville,Run,6534.4,4.060288,1943,2028,24.4,80.052,3.363047,7.975625,4.94,172.0,183.0,486.0,true,false,false,false,false,Walkersville,Maryland,United States of America,US
13906977737,2023-07-23,2023-07-23T11:42:12Z,"Walkersville / Walkersville, Creamery Park",Run,7048.4,4.379673,2148,2661,19.0,62.336,3.281378,8.174127,4.34,164.0,175.0,521.0,true,false,false,false,false,Walkersville,Maryland,United States of America,US
13906974198,2023-07-25,2023-07-25T11:19:36Z,Walkersville,Run,6460.9,4.014617,1936,2122,15.1,49.541,3.337242,8.037296,6.5,167.0,182.0,476.0,true,false,false,false,false,Walkersville,Maryland,United States of America,US
13906969091,2023-07-27,2023-07-27T11:18:43Z,Walkersville,Run,6499.0,4.038291,2001,2136,15.0,49.213,3.247876,8.258443,5.7,171.0,184.0,480.0,true,false,false,false,false,Walkersville,Maryland,United States of America,US
13906961544,2023-07-29,2023-07-29T11:48:59Z,Walkersville,Run,5367.2,3.335023,1624,1858,17.5,57.415,3.304926,8.115885,5.56,166.0,182.0,397.0,true,false,false,false,false,Walkersville,Maryland,United States of America,US
13906982295,2023-07-30,2023-07-30T11:49:54Z,Walkersville,Run,7445.4,4.626357,2315,2494,28.3,92.848,3.216156,8.339895,4.58,161.0,174.0,555.0,true,false,false,false,false,Walkersville,Maryland,United States of America,US
13906963886,2023-08-01,2023-08-01T11:20:35Z,Walkersville,Run,6494.8,4.035682,1918,1979,16.8,55.118,3.386236,7.921008,4.7,166.0,186.0,480.0,true,false,false,false,false,Walkersville,Maryland,United States of America,US
13906983280,2023-08-05,2023-08-05T11:35:35Z,"Walkersville / Walkersville, Creamery Park",Run,6573.1,4.084335,1962,2118,17.5,57.415,3.350204,8.006199,4.8,166.0,178.0,488.0,true,false,false,false,false,Walkersville,Maryland,United States of America,US
13906980489,2023-08-07,2023-08-07T11:15:53Z,Walkersville,Run,6469.7,4.020085,2019,2206,14.9,48.885,3.204408,8.370469,4.833,171.0,182.0,486.0,true,false,false,false,false,Walkersville,Maryland,United States of America,US
13906977613,2023-08-10,2023-08-10T11:21:26Z,Walkersville,Run,6481.8,4.027604,2007,2190,15.2,49.869,3.229596,8.305186,5.12,165.0,182.0,477.0,true,false,false,false,false,Walkersville,Maryland,United States of America,US
13906973975,2023-08-11,2023-08-11T11:13:44Z,Walkersville,Run,6487.5,4.031146,2004,2222,19.5,63.976,3.237275,8.285486,4.74,165.0,183.0,482.0,true,false,false,false,false,Walkersville,Maryland,United States of America,US
13906968823,2023-08-13,2023-08-13T11:45:53Z,"Walkersville / Walkersville, Heritage Farm Park",Run,9695.1,6.024256,3079,3400,33.3,109.252,3.148782,8.518341,4.7,165.0,177.0,721.0,true,false,false,false,false,Walkersville,Maryland,United States of America,US
13906961353,2023-08-15,2023-08-15T11:18:58Z,"Walkersville / Walkersville, Creamery Park",Run,6486.6,4.030586,2018,2214,18.0,59.055,3.214371,8.344526,4.6,164.0,177.0,482.0,true,false,false,false,false,Walkersville,Maryland,United States of America,US
13906982134,2023-08-17,2023-08-17T11:26:13Z,Walkersville,Run,6497.8,4.037546,1964,1973,15.1,49.541,3.308452,8.107235,4.36,171.0,185.0,479.0,true,false,false,false,false,Walkersville,Maryland,United States of America,US
13906979188,2023-08-18,2023-08-18T11:22:01Z,"Walkersville / Walkersville, Creamery Park",Run,6504.8,4.041895,1954,2341,15.0,49.213,3.328966,8.057276,5.54,166.0,180.0,481.0,true,false,false,false,false,Walkersville,Maryland,United States of America,US
13906976161,2023-08-20,2023-08-20T11:10:17Z,Walkersville,Run,10897.6,6.771455,3246,3388,36.5,119.751,3.35724,7.989421,4.38,172.0,185.0,812.0,true,true,false,false,false,Walkersville,Maryland,United States of America,US
13906972291,2023-08-21,2023-08-21T11:22:01Z,"Walkersville / Walkersville, Creamery Park",Run,6480.5,4.026796,1893,1925,15.5,50.853,3.423402,7.835013,4.76,166.0,178.0,477.0,true,false,false,false,false,Walkersville,Maryland,United States of America,US
13906964368,2023-08-26,2023-08-26T11:29:37Z,Walkersville,Run,6473.8,4.022633,2008,2151,25.0,82.021,3.224004,8.319593,4.3,165.0,179.0,480.0,true,false,false,false,false,Walkersville,Maryland,United States of America,US
13906983579,2023-08-27,2023-08-27T11:35:15Z,"Walkersville / Walkersville, Heritage Farm Park",Run,11309.0,7.027087,3521,3733,36.1,118.438,3.211872,8.351019,4.78,162.0,173.0,840.0,true,true,false,false,false,Walkersville,Maryland,United States of America,US
13906980771,2023-08-29,2023-08-29T11:15:51Z,Walkersville,Run,6577.5,4.087069,2044,2149,34.9,114.501,3.217955,8.335232,5.6,167.0,180.0,506.0,true,false,false,false,false,Walkersville,Maryland,United States of America,US
13906968454,2023-09-01,2023-09-01T11:15:48Z,Walkersville,Run,6479.0,4.025864,1994,2065,37.7,123.688,3.249248,8.254957,6.26,164.0,195.0,497.0,true,false,false,false,false,Walkersville,Maryland,United States of America,US
13906961031,2023-09-02,2023-09-02T11:30:49Z,Walkersville,Run,4055.9,2.520219,1232,1400,15.1,49.541,3.292127,8.147439,7.08,159.0,177.0,294.0,false,false,false,false,false,Walkersville,Maryland,United States of America,US
13906981884,2023-09-02,2023-09-02T11:54:11Z,Walkersville,Run,2295.4,1.426295,669,693,0.0,0.0,3.431091,7.817455,4.14,168.0,175.0,171.0,false,false,false,false,false,Walkersville,Maryland,United States of America,US
13906978951,2023-09-04,2023-09-04T11:29:21Z,Walkersville,Run,6496.2,4.036552,1982,2180,15.4,50.525,3.277598,8.183553,4.22,159.0,181.0,481.0,true,false,false,false,false,Walkersville,Maryland,United States of America,US
13906975821,2023-09-08,2023-09-08T11:10:58Z,Walkersville,Run,6477.3,4.024808,1991,2174,36.8,120.735,3.25329,8.2447,5.8,171.0,184.0,494.0,true,false,false,false,false,Walkersville,Maryland,United States of America,US
13906972043,2023-09-09,2023-09-09T11:31:44Z,Walkersville,Run,6460.6,4.014431,1970,2188,15.2,49.869,3.279492,8.178827,5.06,165.0,177.0,476.0,true,false,false,false,false,Walkersville,Maryland,United States of America,US
13906964028,2023-09-10,2023-09-10T11:32:11Z,"Walkersville / Walkersville, Heritage Farm Park",Run,9695.6,6.024567,2974,3259,33.6,110.236,3.260121,8.227425,4.2,164.0,196.0,723.0,true,false,false,false,false,Walkersville,Maryland,United States of America,US
13906983372,2023-09-12,2023-09-12T11:22:46Z,Walkersville,Run,4897.9,3.043414,1532,1736,27.4,89.895,3.197063,8.389701,4.56,167.0,179.0,373.0,false,false,false,false,false,Walkersville,Maryland,United States of America,US
13906980767,2023-09-16,2023-09-16T11:35:03Z,"Walkersville / Walkersville, Heritage Farm Park",Run,12121.0,7.53164,3706,4222,51.6,169.291,3.270642,8.200958,4.767,169.0,187.0,888.0,true,true,false,false,false,Walkersville,Maryland,United States of America,US
13906977707,2023-09-18,2023-09-18T11:29:53Z,Walkersville,Run,6483.4,4.028598,1987,2084,38.2,125.328,3.262909,8.220395,4.74,168.0,181.0,483.0,true,false,false,false,false,Walkersville,Maryland,United States of America,US
13906974097,2023-09-21,2023-09-21T11:21:35Z,"Walkersville / Walkersville, Walkersville Community Park",Run,6513.4,4.047239,2021,2032,35.5,116.47,3.22286,8.322546,4.3,172.0,185.0,487.0,true,false,false,false,false,Walkersville,Maryland,United States of America,US
9914932617,2023-09-22,2023-09-22T11:36:09Z,Walkersville,Run,6473.2,4.02226,1973,2097,38.5,126.312,3.280892,8.175338,4.938,168.0,180.0,489.0,true,false,false,false,false,Walkersville,Maryland,United States of America,US
13906961474,2023-09-27,2023-09-27T11:26:12Z,"Walkersville / Walkersville, Walkersville Community Park",Run,6474.2,4.022881,1985,2158,36.9,121.063,3.261562,8.22379,4.86,166.0,180.0,484.0,true,false,false,false,false,Walkersville,Maryland,United States of America,US
13906982212,2023-09-28,2023-09-28T11:29:02Z,"Walkersville / Walkersville, Walkersville Community Park",Run,6529.1,4.056995,1996,2131,37.7,123.688,3.271092,8.19983,4.48,170.0,183.0,484.0,true,false,false,false,false,Walkersville,Maryland,United States of America,US
13906979309,2023-09-30,2023-09-30T11:57:25Z,Walkersville,Run,7257.9,4.50985,2185,2569,9.8,32.152,3.321693,8.074918,6.82,169.0,181.0,528.0,true,false,false,false,false,Walkersville,Maryland,United States of America,US
13906980493,2023-10-01,2023-10-01T11:24:50Z,Walkersville,Run,7690.2,4.778469,2279,2356,26.2,85.958,3.374375,7.94885,4.98,164.0,178.0,567.0,true,false,false,false,false,Walkersville,Maryland,United States of America,US
13906977482,2023-10-03,2023-10-03T11:33:22Z,Walkersville,Run,6474.8,4.023254,1990,2229,32.7,107.283,3.253668,8.243741,4.76,169.0,184.0,483.0,true,false,false,false,false,Walkersville,Maryland,United States of America,US
13906973881,2023-10-05,2023-10-05T11:31:24Z,"Walkersville, Fountain Rock Park & Nature Center / Walkersville",Run,6482.3,4.027914,1961,1964,20.0,65.617,3.305609,8.114207,4.42,171.0,182.0,468.0,true,false,false,false,false,Walkersville,Maryland,United States of America,US
13906968456,2023-10-06,2023-10-06T09:47:09Z,Walkersville,Run,6901.0,4.288083,2158,2324,15.3,50.197,3.197868,8.387587,5.58,169.0,181.0,498.0,true,false,false,false,false,Walkersville,Maryland,United States of America,US
13906961182,2023-10-08,2023-10-08T09:50:51Z,"Walkersville / Walkersville, Creamery Park",Run,6958.0,4.323501,2114,2233,24.6,80.709,3.291391,8.14926,4.28,162.0,171.0,500.0,true,false,false,false,false,Walkersville,Maryland,United States of America,US
13906982030,2023-10-16,2023-10-16T11:21:43Z,Walkersville,Run,5107.1,3.173405,1522,1567,16.4,53.806,3.355519,7.993517,4.74,168.0,178.0,371.0,true,false,false,false,false,Walkersville,Maryland,United States of America,US
13906979088,2023-10-18,2023-10-18T10:05:43Z,Walkersville,Run,5375.3,3.340057,1592,1691,18.0,59.055,3.376445,7.943977,4.46,169.0,180.0,387.0,true,false,false,false,false,Walkersville,Maryland,United States of America,US
13906976016,2023-10-20,2023-10-20T09:52:46Z,Walkersville,Run,6710.2,4.169525,2008,2256,16.4,53.806,3.341733,8.026494,4.92,167.0,180.0,478.0,true,false,false,false,false,Walkersville,Maryland,United States of America,US
13906972206,2023-10-21,2023-10-21T10:03:05Z,"Walkersville / Walkersville, Creamery Park",Run,6599.0,4.100428,2036,2269,19.2,62.992,3.241159,8.275558,4.48,163.0,177.0,475.0,true,false,false,false,false,Walkersville,Maryland,United States of America,US
13906964372,2023-10-23,2023-10-23T09:50:19Z,Walkersville,Run,7480.0,4.647857,2230,2333,21.6,70.866,3.35426,7.996518,4.6,161.0,181.0,538.0,true,false,false,false,false,Walkersville,Maryland,United States of America,US
13906983500,2023-10-26,2023-10-26T09:52:22Z,Walkersville,Run,7333.1,4.556577,2177,2480,22.4,73.491,3.368443,7.962849,4.66,169.0,182.0,526.0,true,false,false,false,false,Walkersville,Maryland,United States of America,US
13906980775,2023-10-28,2023-10-28T17:12:12Z,Frederick,Run,9709.9,6.033452,2880,3440,45.9,150.591,3.371493,7.955644,4.94,180.0,195.0,712.0,true,false,false,false,false,Frederick,Maryland,United States of America,US
13906977893,2023-10-30,2023-10-30T09:55:33Z,Walkersville,Run,8579.0,5.330743,2539,2665,22.5,73.819,3.378889,7.93823,4.96,170.0,182.0,620.0,true,false,false,false,false,Walkersville,Maryland,United States of America,US
13906963916,2023-11-02,2023-11-02T09:59:15Z,"Walkersville / Walkersville, Creamery Park",Run,6536.6,4.061655,2017,2021,15.9,52.165,3.240754,8.276593,4.16,164.0,176.0,468.0,true,false,false,false,false,Walkersville,Maryland,United States of America,US
13906983288,2023-11-07,2023-11-07T10:49:44Z,"Walkersville / Walkersville, Creamery Park",Run,7369.6,4.579257,2166,2197,24.7,81.037,3.402401,7.883375,4.48,171.0,182.0,532.0,true,false,false,false,false,Walkersville,Maryland,United States of America,US
13906980582,2023-11-09,2023-11-09T10:45:32Z,"Walkersville / Walkersville, Creamery Park",Run,7297.4,4.534394,2242,2484,24.1,79.068,3.254862,8.240719,4.44,166.0,179.0,525.0,true,false,false,false,false,Walkersville,Maryland,United States of America,US
13906977620,2023-11-10,2023-11-10T10:49:33Z,"Walkersville / Walkersville, Creamery Park",Run,6388.7,3.969754,1888,1891,24.8,81.365,3.383845,7.926603,4.24,171.0,186.0,458.0,true,false,false,false,false,Walkersville,Maryland,United States of America,US
13906974088,2023-11-20,2023-11-20T10:56:09Z,"Walkersville / Walkersville, Creamery Park",Run,7000.0,4.349598,2093,2202,24.3,79.724,3.344482,8.019898,4.56,164.0,177.0,504.0,true,false,false,false,false,Walkersville,Maryland,United States of America,US
13906969204,2023-11-22,2023-11-22T10:58:44Z,Walkersville,Run,7321.7,4.549493,2198,2337,24.4,80.052,3.331074,8.052178,5.233,173.0,185.0,526.0,true,false,false,false,false,Walkersville,Maryland,United States of America,US
13906961366,2023-11-24,2023-11-24T10:56:10Z,Walkersville,Run,7425.1,4.613743,2195,2314,24.4,80.052,3.382733,7.929209,4.3,165.0,181.0,536.0,true,false,false,false,false,Walkersville,Maryland,United States of America,US
13906982220,2023-11-25,2023-11-25T10:56:49Z,"Walkersville / Walkersville, Creamery Park",Run,7345.2,4.564096,2158,2326,24.7,81.037,3.403707,7.880349,4.62,168.0,182.0,527.0,true,false,false,false,false,Walkersville,Maryland,United States of America,US
13906979185,2023-11-28,2023-11-28T11:00:33Z,"Walkersville / Walkersville, Creamery Park",Run,7470.8,4.64214,2197,2277,25.1,82.349,3.400455,7.887885,4.96,169.0,182.0,542.0,true,false,false,false,false,Walkersville,Maryland,United States of America,US
13906976271,2023-11-29,2023-11-29T10:44:45Z,"Walkersville / Walkersville, Creamery Park",Run,7039.9,4.374391,2111,2114,25.2,82.677,3.334865,8.043024,4.1,164.0,176.0,508.0,true,false,false,false,false,Walkersville,Maryland,United States of America,US
13906968168,2023-12-01,2023-12-01T11:10:09Z,Walkersville,Run,4200.3,2.609945,1231,2001,12.8,41.995,3.412104,7.860956,4.28,173.0,180.0,302.0,false,false,false,false,false,Walkersville,Maryland,United States of America,US
13906960874,2023-12-02,2023-12-02T11:05:27Z,"Walkersville / Walkersville, Creamery Park",Run,6988.7,4.342577,2015,2100,24.6,80.709,3.468337,7.733504,4.56,173.0,181.0,504.0,true,false,false,false,false,Walkersville,Maryland,United States of America,US
13906982021,2023-12-04,2023-12-04T10:48:38Z,"Walkersville / Walkersville, Creamery Park",Run,7036.3,4.372154,2058,2168,24.2,79.396,3.418999,7.845103,4.3,165.0,178.0,507.0,true,false,false,false,false,Walkersville,Maryland,United States of America,US
13906979051,2023-12-05,2023-12-05T10:49:57Z,"Walkersville / Walkersville, Creamery Park",Run,7030.1,4.368302,2058,2123,24.7,81.037,3.415986,7.852022,4.48,167.0,183.0,512.0,true,false,false,false,false,Walkersville,Maryland,United States of America,US
13906975934,2023-12-07,2023-12-07T10:54:16Z,"Walkersville / Walkersville, Creamery Park",Run,6954.6,4.321388,2009,2117,25.1,82.349,3.461722,7.748282,4.64,169.0,180.0,508.0,true,false,false,false,false,Walkersville,Maryland,United States of America,US
13906972178,2023-12-08,2023-12-08T10:46:15Z,"Walkersville / Walkersville, Creamery Park",Run,7051.6,4.381661,2054,2154,24.7,81.037,3.433106,7.812867,4.38,164.0,175.0,517.0,true,false,false,false,false,Walkersville,Maryland,United States of America,US
13906964022,2023-12-10,2023-12-10T11:09:44Z,"Walkersville / Walkersville, Creamery Park",Run,6910.6,4.294048,2041,2176,24.7,81.037,3.385889,7.921818,5.08,161.0,177.0,505.0,true,false,false,false,false,Walkersville,Maryland,United States of America,US
13906983392,2023-12-12,2023-12-12T10:49:42Z,"Walkersville / Walkersville, Creamery Park",Run,7010.5,4.356123,2054,2056,25.1,82.349,3.413096,7.858671,4.16,170.0,178.0,512.0,true,false,false,false,false,Walkersville,Maryland,United States of America,US
13906980667,2023-12-15,2023-12-15T10:44:12Z,Walkersville,Run,8208.7,5.10065,2426,2588,26.5,86.942,3.383636,7.927095,4.26,167.0,181.0,597.0,true,false,false,false,false,Walkersville,Maryland,United States of America,US
13906977872,2023-12-16,2023-12-16T12:24:04Z,"Walkersville / Walkersville, Creamery Park",Run,6925.4,4.303244,2012,2154,24.8,81.365,3.442048,7.792571,4.64,164.0,179.0,506.0,true,false,false,false,false,Walkersville,Maryland,United States of America,US
13906974201,2023-12-29,2023-12-29T10:33:22Z,"Walkersville / Walkersville, Creamery Park",Run,6861.6,4.263601,2116,2293,24.8,81.365,3.242722,8.271569,4.34,167.0,176.0,499.0,true,false,false,false,false,Walkersville,Maryland,United States of America,US
13906968651,2024-01-01,2024-01-01T15:26:03Z,Walkersville,Run,7275.7,4.52091,2226,2497,27.1,88.911,3.268509,8.206312,4.32,165.0,175.0,532.0,true,false,false,false,false,Walkersville,Maryland,United States of America,US
13906961244,2024-01-04,2024-01-04T10:50:49Z,Walkersville,Run,8103.8,5.035468,2416,2487,27.5,90.223,3.354222,7.996609,4.62,170.0,182.0,599.0,true,false,false,false,false,Walkersville,Maryland,United States of America,US
13906982143,2024-01-08,2024-01-08T10:34:04Z,Walkersville,Run,8200.0,5.095244,2428,2541,26.5,86.942,3.377265,7.942047,5.1,170.0,185.0,610.0,true,false,false,false,false,Walkersville,Maryland,United States of America,US
13906979184,2024-01-09,2024-01-09T10:35:03Z,Walkersville,Run,8395.0,5.216411,2474,2592,31.3,102.69,3.39329,7.904541,4.56,170.0,183.0,629.0,true,false,false,false,false,Walkersville,Maryland,United States of America,US
13906976136,2024-01-11,2024-01-11T10:30:38Z,Walkersville,Run,8473.5,5.265189,2463,2637,33.6,110.236,3.440317,7.796492,5.0,170.0,182.0,634.0,true,false,false,false,false,Walkersville,Maryland,United States of America,US
13906972302,2024-01-14,2024-01-14T12:27:11Z,Walkersville,Run,8112.3,5.04075,2499,2953,34.3,112.533,3.246218,8.26266,4.78,169.0,187.0,610.0,true,false,false,false,false,Walkersville,Maryland,United States of America,US
13906968109,2024-02-02,2024-02-02T10:43:07Z,"Walkersville / Walkersville, Creamery Park",Run,6757.5,4.198916,2210,2418,23.0,75.459,3.057692,8.772106,4.12,170.0,180.0,488.0,true,false,false,false,false,Walkersville,Maryland,United States of America,US
13906960975,2024-02-04,2024-02-04T10:45:35Z,"Walkersville / Walkersville, Creamery Park",Run,7004.9,4.352643,2265,2268,25.3,83.005,3.092671,8.672891,3.94,165.0,176.0,498.0,true,false,false,false,false,Walkersville,Maryland,United States of America,US
13906982013,2024-02-06,2024-02-06T10:37:52Z,Walkersville,Run,8479.3,5.268793,2783,2783,34.0,111.549,3.04682,8.803408,4.12,171.0,179.0,606.0,true,false,false,false,false,Walkersville,Maryland,United States of America,US
13906979063,2024-02-08,2024-02-08T10:48:28Z,"Walkersville / Walkersville, Creamery Park",Run,8084.7,5.0236,2599,2769,31.1,102.034,3.110696,8.622635,4.333,166.0,181.0,589.0,true,false,false,false,false,Walkersville,Maryland,United States of America,US
13906975838,2024-02-11,2024-02-11T10:42:31Z,Walkersville,Run,8361.2,5.195409,2661,2847,33.4,109.58,3.142127,8.536383,4.4,170.0,181.0,599.0,true,false,false,false,false,Walkersville,Maryland,United States of America,US
13906972060,2024-02-15,2024-02-15T10:35:52Z,Walkersville,Run,8404.3,5.22219,2677,2808,32.5,106.627,3.139447,8.54367,4.24,170.0,179.0,607.0,true,false,false,false,false,Walkersville,Maryland,United States of America,US
13906963917,2024-02-18,2024-02-18T10:38:17Z,Walkersville,Run,8371.9,5.202057,2601,2731,33.2,108.924,3.218724,8.333241,4.02,167.0,181.0,604.0,true,false,false,false,false,Walkersville,Maryland,United States of America,US
13906983306,2024-02-19,2024-02-19T10:33:11Z,Walkersville,Run,8474.9,5.266059,2604,2706,33.5,109.908,3.25457,8.241458,4.44,167.0,179.0,610.0,true,false,false,false,false,Walkersville,Maryland,United States of America,US
13906980588,2024-02-20,2024-02-20T10:41:13Z,"Walkersville / Walkersville, Creamery Park",Run,8192.3,5.090459,2546,2708,29.4,96.457,3.217714,8.335856,4.2,167.0,177.0,587.0,true,false,false,false,false,Walkersville,Maryland,United States of America,US
13906977638,2024-02-22,2024-02-22T10:32:12Z,Walkersville,Run,8174.3,5.079275,2544,2671,26.7,87.598,3.213168,8.347649,4.94,167.0,178.0,593.0,true,false,false,false,false,Walkersville,Maryland,United States of America,US
13906974103,2024-02-24,2024-02-24T10:32:05Z,Walkersville,Run,8076.3,5.01838,2522,2662,26.9,88.255,3.202339,8.375877,4.58,166.0,176.0,588.0,true,false,false,false,false,Walkersville,Maryland,United States of America,US
13906968998,2024-02-26,2024-02-26T10:34:12Z,Walkersville,Run,8179.9,5.082754,2563,2717,26.9,88.255,3.191533,8.404236,4.28,164.0,173.0,592.0,true,false,false,false,false,Walkersville,Maryland,United States of America,US
13906960530,2024-03-01,2024-03-01T10:43:59Z,Walkersville,Run,8220.0,5.107671,2587,2703,26.9,88.255,3.177426,8.441551,4.24,169.0,181.0,592.0,true,false,false,false,false,Walkersville,Maryland,United States of America,US
13906981868,2024-03-03,2024-03-03T10:37:12Z,"Walkersville / Walkersville, Heritage Farm Park",Run,13081.8,8.128654,4030,4441,42.1,138.123,3.246104,8.262951,4.52,170.0,181.0,946.0,true,true,false,false,false,Walkersville,Maryland,United States of America,US
13906978875,2024-03-06,2024-03-06T10:39:15Z,Walkersville,Run,8111.8,5.040439,2508,2891,30.1,98.753,3.23437,8.292929,4.38,168.0,179.0,586.0,true,false,false,false,false,Walkersville,Maryland,United States of America,US
13906975737,2024-03-07,2024-03-07T10:46:56Z,Walkersville,Run,8101.7,5.034163,2472,2547,24.9,81.693,3.277387,8.184081,4.7,169.0,180.0,585.0,true,false,false,false,false,Walkersville,Maryland,United States of America,US
13906971995,2024-03-10,2024-03-10T10:04:48Z,Walkersville,Run,9778.7,6.076202,3003,3184,44.8,146.982,3.25631,8.237053,4.56,170.0,181.0,715.0,true,false,false,false,false,Walkersville,Maryland,United States of America,US
13906963732,2024-03-11,2024-03-11T09:38:27Z,Walkersville,Run,8108.6,5.03845,2505,2731,27.4,89.895,3.236966,8.286278,4.64,166.0,177.0,590.0,true,false,false,false,false,Walkersville,Maryland,United States of America,US
13906983225,2024-03-13,2024-03-13T09:24:55Z,Walkersville,Run,8105.4,5.036462,2462,2553,27.5,90.223,3.292201,8.147254,4.36,169.0,179.0,584.0,true,false,false,false,false,Walkersville,Maryland,United States of America,US
13906980395,2024-03-14,2024-03-14T09:41:26Z,Walkersville,Run,8188.4,5.088036,2523,2656,27.2,89.239,3.245501,8.264486,4.72,164.0,177.0,592.0,true,false,false,false,false,Walkersville,Maryland,United States of America,US
13906977492,2024-03-16,2024-03-16T09:41:28Z,Walkersville,Run,9741.0,6.052777,3026,3231,32.9,107.94,3.219101,8.332264,4.2,161.0,174.0,703.0,true,false,false,false,false,Walkersville,Maryland,United States of America,US
13906974000,2024-03-18,2024-03-18T09:41:23Z,Walkersville,Run,8103.5,5.035281,2519,2610,26.8,87.927,3.216951,8.337832,4.4,162.0,171.0,597.0,true,false,false,false,false,Walkersville,Maryland,United States of America,US
13906968555,2024-03-20,2024-03-20T09:42:05Z,Walkersville,Run,8274.6,5.141598,2581,2732,27.2,89.239,3.205967,8.3664,4.7,166.0,179.0,608.0,true,false,false,false,false,Walkersville,Maryland,United States of America,US
13906961091,2024-03-21,2024-03-21T09:47:53Z,Walkersville,Run,8197.3,5.093566,2534,2665,26.7,87.598,3.234925,8.291506,4.3,160.0,173.0,601.0,true,false,false,false,false,Walkersville,Maryland,United States of America,US
13906982043,2024-03-24,2024-03-24T09:56:39Z,Walkersville,Run,7002.1,4.350903,2205,2522,25.4,83.333,3.175556,8.446522,4.42,160.0,169.0,516.0,true,false,false,false,false,Walkersville,Maryland,United States of America,US
13906979180,2024-03-25,2024-03-25T09:44:31Z,Walkersville,Run,8127.0,5.049884,2511,2588,27.4,89.895,3.236559,8.28732,4.3,159.0,170.0,598.0,true,false,false,false,false,Walkersville,Maryland,United States of America,US
13906976054,2024-03-26,2024-03-26T09:40:33Z,Walkersville,Run,8102.7,5.034784,2508,2606,26.5,86.942,3.230742,8.302242,4.32,163.0,174.0,597.0,true,false,false,false,false,Walkersville,Maryland,United States of America,US
13906972209,2024-03-28,2024-03-28T09:49:48Z,Walkersville,Run,8090.4,5.027141,2540,2615,27.0,88.583,3.185197,8.420955,4.1,165.0,174.0,596.0,true,false,false,false,false,Walkersville,Maryland,United States of America,US
13906964182,2024-03-30,2024-03-30T09:47:06Z,Walkersville,Run,8097.1,5.031305,2537,2611,20.4,66.929,3.191604,8.404049,4.08,157.0,166.0,592.0,true,false,false,false,false,Walkersville,Maryland,United States of America,US
13906967995,2024-04-04,2024-04-04T09:44:57Z,Walkersville,Run,8085.9,5.024345,2604,2743,24.8,81.365,3.105184,8.637941,4.28,161.0,172.0,593.0,true,false,false,false,false,Walkersville,Maryland,United States of America,US
13906960815,2024-04-05,2024-04-05T09:51:37Z,Walkersville,Run,8073.0,5.01633,2493,2592,27.0,88.583,3.238267,8.282948,4.14,167.0,178.0,593.0,true,false,false,false,false,Walkersville,Maryland,United States of America,US
13906981973,2024-04-07,2024-04-07T09:48:49Z,"Walkersville / Walkersville, Heritage Farm Park",Run,11296.9,7.019568,3536,3781,40.9,134.186,3.194825,8.395578,4.92,165.0,177.0,834.0,true,true,false,false,false,Walkersville,Maryland,United States of America,US
13906979021,2024-04-14,2024-04-14T09:48:00Z,"Walkersville / Walkersville, Creamery Park",Run,7322.8,4.550177,2305,2395,25.3,83.005,3.17692,8.442895,4.25,163.0,171.0,531.0,true,false,false,false,false,Walkersville,Maryland,United States of America,US
13906975834,2024-04-16,2024-04-16T09:40:57Z,Walkersville,Run,7026.9,4.366313,2166,2266,25.0,82.021,3.244183,8.267845,4.26,167.0,177.0,508.0,true,false,false,false,false,Walkersville,Maryland,United States of America,US
13906972056,2024-04-17,2024-04-17T09:45:13Z,"Walkersville / Walkersville, Creamery Park",Run,6949.0,4.317908,2146,2237,25.1,82.349,3.238117,8.283331,4.12,170.0,182.0,508.0,true,false,false,false,false,Walkersville,Maryland,United States of America,US
13906963914,2024-04-19,2024-04-19T09:43:56Z,"Walkersville / Walkersville, Creamery Park",Run,6999.9,4.349536,2135,2204,25.2,82.677,3.278642,8.180949,4.26,169.0,179.0,500.0,true,false,false,false,false,Walkersville,Maryland,United States of America,US
13906983299,2024-04-21,2024-04-21T09:44:18Z,Walkersville,Run,8105.3,5.0364,2473,2571,26.9,88.255,3.277517,8.183756,4.42,169.0,178.0,579.0,true,false,false,false,false,Walkersville,Maryland,United States of America,US
13906980512,2024-04-23,2024-04-23T09:48:37Z,Walkersville,Run,8079.5,5.020369,2445,2519,26.8,87.927,3.304499,8.116934,4.16,168.0,177.0,576.0,true,false,false,false,false,Walkersville,Maryland,United States of America,US
13906977639,2024-04-25,2024-04-25T09:46:21Z,Walkersville,Run,8080.8,5.021176,2470,2508,27.3,89.567,3.271579,8.19861,4.82,169.0,176.0,573.0,true,false,false,false,false,Walkersville,Maryland,United States of America,US
13906974001,2024-04-27,2024-04-27T09:52:53Z,Walkersville,Run,8085.3,5.023973,2448,2534,26.9,88.255,3.302819,8.121064,4.16,166.0,176.0,578.0,true,false,false,false,false,Walkersville,Maryland,United States of America,US
13906968851,2024-04-28,2024-04-28T09:29:26Z,"Walkersville / Walkersville, Heritage Farm Park",Run,12967.6,8.057693,3936,4232,53.7,176.181,3.294614,8.141288,4.34,166.0,176.0,931.0,true,true,false,false,false,Walkersville,Maryland,United States of America,US
13906961247,2024-04-30,2024-04-30T09:45:56Z,Walkersville,Run,8088.4,5.025899,2434,2439,26.8,87.927,3.32309,8.071525,4.34,168.0,181.0,577.0,true,false,false,false,false,Walkersville,Maryland,United States of America,US
13906963575,2024-05-02,2024-05-02T09:46:58Z,Walkersville,Run,1475.3,0.916709,479,483,5.6,18.373,3.079958,8.708689,3.98,153.0,162.0,104.0,false,false,false,false,false,Walkersville,Maryland,United States of America,US
13906983375,2024-05-05,2024-05-05T11:01:23Z,"Frederick, The Great Frederick Fair / Frederick",Run,21298.1,13.234026,6315,6315,120.3,394.685,3.372621,7.952984,4.76,173.0,182.0,1543.0,true,true,true,false,false,Frederick,Maryland,United States of America,US
13906980374,2024-05-11,2024-05-11T09:42:12Z,"Walkersville / Walkersville, Creamery Park",Run,6905.5,4.290879,2146,2211,24.7,81.037,3.217847,8.335511,4.2,163.0,175.0,490.0,true,false,false,false,false,Walkersville,Maryland,United States of America,US
13906977418,2024-05-14,2024-05-14T09:41:37Z,Walkersville,Run,7778.7,4.83346,2330,2423,27.4,89.895,3.338498,8.034272,4.333,172.0,185.0,551.0,true,false,false,false,false,Walkersville,Maryland,United States of America,US
13906973787,2024-05-16,2024-05-16T09:42:01Z,Walkersville,Run,8096.2,5.030745,2442,2499,27.3,89.567,3.315397,8.090252,4.34,170.0,188.0,574.0,true,false,false,false,false,Walkersville,Maryland,United States of America,US
13906968421,2024-05-19,2024-05-19T09:29:03Z,"Walkersville / Walkersville, Heritage Farm Park",Run,13708.9,8.518316,4195,4557,56.3,184.711,3.267914,8.207804,4.86,168.0,182.0,972.0,true,true,false,false,false,Walkersville,Maryland,United States of America,US
13906960960,2024-05-21,2024-05-21T09:49:17Z,"Walkersville / Walkersville, Creamery Park",Run,6860.8,4.263103,2130,2303,24.9,81.693,3.221033,8.327267,4.567,161.0,174.0,484.0,true,false,false,false,false,Walkersville,Maryland,United States of America,US
13906982023,2024-05-22,2024-05-22T09:48:09Z,Walkersville,Run,7902.7,4.91051,2359,2649,26.5,86.942,3.350021,8.006636,4.6,165.0,177.0,561.0,true,false,false,false,false,Walkersville,Maryland,United States of America,US
13906979050,2024-05-24,2024-05-24T09:48:02Z,Walkersville,Run,8077.8,5.019312,2412,2497,26.0,85.302,3.349005,8.009065,4.56,170.0,184.0,575.0,true,false,false,false,false,Walkersville,Maryland,United States of America,US
13906976021,2024-05-26,2024-05-26T09:31:00Z,"Walkersville / Walkersville, Heritage Farm Park",Run,11460.1,7.120976,3481,4490,48.9,160.433,3.292186,8.147291,4.54,164.0,181.0,817.0,true,true,false,false,false,Walkersville,Maryland,United States of America,US
13906972202,2024-05-28,2024-05-28T09:35:41Z,Walkersville,Run,8064.8,5.011234,2441,2688,26.2,85.958,3.303892,8.118426,4.56,163.0,177.0,574.0,true,false,false,false,false,Walkersville,Maryland,United States of America,US
13906963997,2024-05-30,2024-05-30T09:39:21Z,Walkersville,Run,8098.6,5.032237,2437,2624,26.4,86.614,3.323184,8.071295,4.12,166.0,178.0,577.0,true,false,false,false,false,Walkersville,Maryland,United States of America,US
13906983394,2024-05-31,2024-05-31T09:37:56Z,Walkersville,Run,8080.6,5.021052,2417,2597,26.3,86.286,3.343235,8.022887,5.467,160.0,170.0,575.0,true,false,false,false,false,Walkersville,Maryland,United States of America,US
13906967926,2024-06-02,2024-06-02T09:20:51Z,"Walkersville / Walkersville, Heritage Farm Park",Run,13936.6,8.659802,4189,4611,52.1,170.932,3.326952,8.062155,5.6,162.0,172.0,995.0,true,true,false,false,false,Walkersville,Maryland,United States of America,US
13906960593,2024-06-04,2024-06-04T09:37:51Z,Walkersville,Run,7976.7,4.956492,2380,2415,25.6,83.99,3.351555,8.002973,4.64,168.0,177.0,571.0,true,false,false,false,false,Walkersville,Maryland,United States of America,US
13906981821,2024-06-05,2024-06-05T09:34:40Z,Walkersville,Run,7041.8,4.375572,2102,2672,17.2,56.43,3.350048,8.006573,4.92,164.0,181.0,500.0,true,false,false,false,false,Walkersville,Maryland,United States of America,US
13906978857,2024-06-07,2024-06-07T09:41:12Z,Walkersville,Run,6856.0,4.260121,2044,2174,22.5,73.819,3.354207,7.996643,4.34,160.0,174.0,494.0,true,false,false,false,false,Walkersville,Maryland,United States of America,US
13906975729,2024-06-09,2024-06-09T09:42:14Z,Walkersville,Run,6667.0,4.142682,1987,2343,22.2,72.835,3.35531,7.994017,4.7,160.0,174.0,479.0,true,false,false,false,false,Walkersville,Maryland,United States of America,US
13906971976,2024-06-10,2024-06-10T09:50:23Z,Walkersville,Run,6830.9,4.244524,2054,2217,22.5,73.819,3.325657,8.065293,4.44,156.0,168.0,489.0,true,false,false,false,false,Walkersville,Maryland,United States of America,US
13906963792,2024-06-12,2024-06-12T09:47:44Z,Walkersville,Run,7008.4,4.354818,2121,2215,23.2,76.115,3.30429,8.117446,4.54,160.0,172.0,502.0,true,false,false,false,false,Walkersville,Maryland,United States of America,US
13906983211,2024-06-15,2024-06-15T23:30:04Z,Frederick Summer Solstice 8K,Run,8029.0,4.988989,2241,2246,18.8,61.68,3.582776,7.486486,5.04,181.0,190.0,579.0,true,false,false,false,false,Walkersville,Maryland,United States of America,US
13906980490,2024-06-18,2024-06-18T09:51:01Z,"Walkersville / Walkersville, Creamery Park",Run,6858.5,4.261674,2020,2388,22.3,73.163,3.395297,7.899868,4.7,168.0,182.0,496.0,true,false,false,false,false,Walkersville,Maryland,United States of America,US
13906977485,2024-06-20,2024-06-20T09:49:37Z,Walkersville,Run,6802.4,4.226815,2006,2080,22.2,72.835,3.391027,7.909816,4.78,170.0,181.0,488.0,true,false,false,false,false,Walkersville,Maryland,United States of America,US
13906973974,2024-06-23,2024-06-23T09:46:54Z,Walkersville,Run,8082.9,5.022481,2423,2575,26.7,87.598,3.335906,8.040515,4.34,165.0,180.0,581.0,true,false,false,false,false,Walkersville,Maryland,United States of America,US
13906968563,2024-06-24,2024-06-24T09:45:26Z,Walkersville,Run,8086.9,5.024967,2418,2492,26.7,87.598,3.344458,8.019954,4.26,165.0,177.0,583.0,true,false,false,false,false,Walkersville,Maryland,United States of America,US
13906961179,2024-06-27,2024-06-27T09:42:09Z,Walkersville,Run,8087.3,5.025215,2425,2660,26.4,86.614,3.334969,8.042773,4.88,167.0,181.0,578.0,true,false,false,false,false,Walkersville,Maryland,United States of America,US
13906982150,2024-06-29,2024-06-29T09:39:56Z,"Walkersville / Walkersville, Heritage Farm Park",Run,11305.2,7.024726,3480,4010,41.5,136.155,3.248621,8.25655,4.58,161.0,174.0,816.0,true,true,false,false,false,Walkersville,Maryland,United States of America,US
13906968079,2024-07-01,2024-07-01T09:56:03Z,Walkersville,Run,6494.6,4.035557,1888,1975,15.1,49.541,3.439936,7.797353,4.86,164.0,174.0,466.0,true,false,false,false,false,Walkersville,Maryland,United States of America,US
13906960803,2024-07-02,2024-07-02T09:52:01Z,Walkersville,Run,7175.5,4.458649,2159,2259,22.3,73.163,3.323529,8.070457,4.06,159.0,167.0,516.0,true,false,false,false,false,Walkersville,Maryland,United States of America,US
13906981914,2024-07-05,2024-07-05T09:58:33Z,Walkersville,Run,6487.4,4.031083,1986,2482,15.2,49.869,3.266566,8.211192,4.74,159.0,175.0,459.0,true,false,false,false,false,Walkersville,Maryland,United States of America,US
13906978952,2024-07-07,2024-07-07T10:03:55Z,Walkersville,Run,6526.5,4.055379,1925,2238,13.3,43.635,3.39039,7.911303,4.367,163.0,177.0,468.0,true,false,false,false,false,Walkersville,Maryland,United States of America,US
13906975814,2024-07-09,2024-07-09T09:59:33Z,Walkersville,Run,6482.4,4.027977,1927,2140,17.7,58.071,3.363985,7.973399,4.4,167.0,182.0,463.0,true,false,false,false,false,Walkersville,Maryland,United States of America,US
13906972049,2024-07-12,2024-07-12T09:47:07Z,Walkersville,Run,6804.7,4.228245,2026,2229,15.2,49.869,3.358687,7.985978,4.36,167.0,181.0,485.0,true,false,false,false,false,Walkersville,Maryland,United States of America,US
13906963898,2024-07-13,2024-07-13T09:40:19Z,Walkersville,Run,6463.2,4.016046,1941,2136,15.3,50.197,3.32983,8.055186,5.3,163.0,176.0,465.0,true,false,false,false,false,Walkersville,Maryland,United States of America,US
13906983261,2024-07-17,2024-07-17T11:15:46Z,"St. Pete Beach, Long Key",Run,4935.6,3.06684,1503,1608,4.2,13.78,3.283832,8.168018,4.32,158.0,175.0,354.0,false,false,false,false,false,Saint Pete Beach,Florida,United States of America,US
13906980602,2024-07-30,2024-07-30T09:42:27Z,"Ocean City, Fenwick Island",Run,10185.0,6.328666,3061,3610,0.0,0.0,3.327344,8.061204,4.34,181.0,193.0,734.0,true,true,false,false,false,Ocean City,Maryland,United States of America,US
13906977288,2024-08-02,2024-08-02T10:08:34Z,"Ocean City, Fenwick Island",Run,6692.7,4.158651,2053,2316,0.0,0.0,3.259961,8.227828,4.24,168.0,181.0,480.0,true,false,false,false,false,Ocean City,Maryland,United States of America,US
13906973672,2024-08-02,2024-08-02T10:48:23Z,"Ocean City, Fenwick Island",Run,3234.8,2.010012,1023,1084,2.5,8.202,3.162072,8.482538,4.52,180.0,185.0,245.0,false,false,false,false,false,Ocean City,Maryland,United States of America,US
13906967697,2024-08-05,2024-08-05T09:52:41Z,Walkersville,Run,6810.9,4.232097,2110,2250,22.3,73.163,3.227915,8.309513,4.38,167.0,178.0,512.0,true,false,false,false,false,Walkersville,Maryland,United States of America,US
13906960520,2024-08-06,2024-08-06T09:46:24Z,Walkersville,Run,6769.8,4.206559,2114,2243,22.2,72.835,3.202365,8.375809,4.26,167.0,180.0,511.0,true,false,false,false,false,Walkersville,Maryland,United States of America,US
13906981757,2024-08-11,2024-08-11T10:02:36Z,Walkersville,Run,6465.5,4.017475,1978,2275,15.3,50.197,3.268706,8.205817,4.56,167.0,179.0,484.0,true,false,false,false,false,Walkersville,Maryland,United States of America,US
13906978842,2024-08-12,2024-08-12T09:54:05Z,Walkersville,Run,6442.4,4.003122,1970,2035,15.4,50.525,3.270254,8.201932,4.433,167.0,176.0,478.0,true,false,false,false,false,Walkersville,Maryland,United States of America,US
13906975720,2024-08-14,2024-08-14T09:52:20Z,Walkersville,Run,6528.3,4.056498,2111,2347,14.0,45.932,3.092515,8.673328,5.1,161.0,173.0,489.0,true,false,false,false,false,Walkersville,Maryland,United States of America,US
13906971872,2024-08-15,2024-08-15T09:55:04Z,Walkersville,Run,6473.2,4.02226,1984,2110,15.1,49.541,3.262702,8.220917,4.84,167.0,179.0,488.0,true,false,false,false,false,Walkersville,Maryland,United States of America,US
13906963724,2024-08-16,2024-08-16T10:00:43Z,Walkersville,Run,6813.8,4.233899,2036,2175,22.3,73.163,3.34666,8.014677,4.567,170.0,185.0,512.0,true,false,false,false,false,Walkersville,Maryland,United States of America,US
13906983224,2024-08-18,2024-08-18T10:00:01Z,Walkersville,Run,6837.7,4.24875,2080,2201,22.2,72.835,3.287356,8.159263,4.14,163.0,175.0,514.0,true,false,false,false,false,Walkersville,Maryland,United States of America,US
13906980377,2024-08-19,2024-08-19T09:50:34Z,Walkersville,Run,6701.8,4.164305,2062,2272,22.2,72.835,3.250145,8.252677,4.54,160.0,172.0,504.0,true,false,false,false,false,Walkersville,Maryland,United States of America,US
13906977471,2024-08-21,2024-08-21T09:46:26Z,Walkersville,Run,6528.2,4.056435,1988,2099,15.2,49.869,3.283803,8.168091,5.3,162.0,172.0,487.0,true,false,false,false,false,Walkersville,Maryland,United States of America,US
13906973880,2024-08-22,2024-08-22T09:53:23Z,Walkersville,Run,6474.0,4.022757,2009,2249,15.2,49.869,3.222499,8.323479,4.867,156.0,166.0,484.0,true,false,false,false,false,Walkersville,Maryland,United States of America,US
13906968435,2024-08-24,2024-08-24T09:55:28Z,Walkersville,Run,6858.8,4.261861,2082,2227,22.3,73.163,3.294332,8.141984,4.22,165.0,176.0,517.0,true,false,false,false,false,Walkersville,Maryland,United States of America,US
13906961063,2024-08-26,2024-08-26T09:56:55Z,Walkersville,Run,6871.1,4.269504,2161,2292,22.6,74.147,3.179593,8.435797,4.42,159.0,168.0,514.0,true,false,false,false,false,Walkersville,Maryland,United States of America,US
13906982022,2024-08-28,2024-08-28T09:58:29Z,Walkersville,Run,6522.6,4.052956,2044,2284,15.3,50.197,3.191096,8.405388,4.38,164.0,176.0,483.0,true,false,false,false,false,Walkersville,Maryland,United States of America,US
13906979042,2024-08-30,2024-08-30T09:57:18Z,Walkersville,Run,6499.9,4.038851,2000,2232,15.2,49.869,3.24995,8.253173,4.333,164.0,178.0,484.0,true,false,false,false,false,Walkersville,Maryland,United States of America,US
13906960792,2024-09-09,2024-09-09T10:02:00Z,Walkersville,Run,5072.8,3.152092,1534,1622,8.7,28.543,3.30691,8.111016,4.62,168.0,182.0,381.0,true,false,false,false,false,Walkersville,Maryland,United States of America,US
13906981811,2024-09-10,2024-09-10T09:54:44Z,Walkersville,Run,6512.5,4.04668,2068,2247,14.5,47.572,3.149178,8.51727,4.54,168.0,179.0,486.0,true,false,false,false,false,Walkersville,Maryland,United States of America,US
13906978963,2024-09-12,2024-09-12T09:52:43Z,Walkersville,Run,6947.4,4.316914,2159,2272,24.3,79.724,3.217879,8.335429,3.96,167.0,179.0,522.0,true,false,false,false,false,Walkersville,Maryland,United States of America,US
13906975738,2024-09-13,2024-09-13T09:55:42Z,Walkersville,Run,7283.0,4.525446,2282,2359,17.9,58.727,3.191499,8.404327,4.467,166.0,175.0,543.0,true,false,false,false,false,Walkersville,Maryland,United States of America,US
13906971971,2024-09-17,2024-09-17T09:50:42Z,Walkersville,Run,6465.2,4.017289,2048,2150,13.1,42.979,3.156836,8.496609,4.66,167.0,179.0,481.0,true,false,false,false,false,Walkersville,Maryland,United States of America,US
13906963793,2024-09-19,2024-09-19T09:55:58Z,Walkersville,Run,6470.3,4.020458,2021,2242,15.4,50.525,3.201534,8.377984,4.56,163.0,183.0,482.0,true,false,false,false,false,Walkersville,Maryland,United States of America,US
13906983300,2024-09-21,2024-09-21T09:48:10Z,Walkersville,Run,6477.9,4.02518,2011,2236,18.3,60.039,3.221233,8.326749,4.14,166.0,181.0,486.0,true,false,false,false,false,Walkersville,Maryland,United States of America,US
13906980491,2024-09-27,2024-09-27T09:54:46Z,Walkersville,Run,6459.4,4.013685,2010,2137,13.1,42.979,3.213632,8.346445,4.32,180.0,192.0,484.0,true,false,false,false,false,Walkersville,Maryland,United States of America,US
13906977628,2024-09-29,2024-09-29T09:54:33Z,Walkersville,Run,6467.8,4.018905,2051,2266,13.4,43.963,3.153486,8.505634,4.48,167.0,180.0,482.0,true,false,false,false,false,Walkersville,Maryland,United States of America,US
13906973699,2024-10-03,2024-10-03T09:52:03Z,Walkersville,Run,6487.5,4.031146,2029,2168,23.4,76.772,3.197388,8.388848,4.2,172.0,183.0,489.0,true,false,false,false,false,Walkersville,Maryland,United States of America,US
13906967687,2024-10-04,2024-10-04T09:49:00Z,Walkersville,Run,6486.9,4.030773,2071,2249,18.5,60.696,3.132255,8.563288,4.44,164.0,176.0,485.0,true,false,false,false,false,Walkersville,Maryland,United States of America,US
13906960590,2024-10-06,2024-10-06T09:57:57Z,Walkersville,Run,6656.1,4.135909,2118,2236,10.9,35.761,3.142635,8.535004,4.9,159.0,168.0,494.0,true,false,false,false,false,Walkersville,Maryland,United States of America,US
13906981698,2024-10-07,2024-10-07T09:51:42Z,Walkersville,Run,6570.4,4.082657,2064,2163,24.4,80.052,3.183333,8.425885,4.54,161.0,173.0,485.0,true,false,false,false,false,Walkersville,Maryland,United States of America,US
13906978844,2024-10-09,2024-10-09T09:54:51Z,"Walkersville / Walkersville, Creamery Park",Run,6472.5,4.021825,2029,2123,15.8,51.837,3.189995,8.408289,3.96,166.0,175.0,475.0,true,false,false,false,false,Walkersville,Maryland,United States of America,US
13906975631,2024-10-10,2024-10-10T09:56:07Z,Walkersville,Run,6547.4,4.068366,2060,2305,15.6,51.181,3.17835,8.439097,4.76,157.0,173.0,475.0,true,false,false,false,false,Walkersville,Maryland,United States of America,US
13906971869,2024-10-11,2024-10-11T10:30:24Z,Walkersville,Run,6510.7,4.045561,2063,2223,13.6,44.619,3.155938,8.499026,4.16,158.0,172.0,466.0,true,false,false,false,false,Walkersville,Maryland,United States of America,US
13906963616,2024-10-13,2024-10-13T09:56:44Z,Walkersville,Run,6608.0,4.106021,2082,2192,18.5,60.696,3.173871,8.451004,4.2,153.0,163.0,485.0,true,false,false,false,false,Walkersville,Maryland,United States of America,US
13906983107,2024-10-14,2024-10-14T09:48:09Z,Walkersville,Run,6484.5,4.029281,2032,2188,18.3,60.039,3.191191,8.405138,4.38,156.0,168.0,473.0,true,false,false,false,false,Walkersville,Maryland,United States of America,US
13906980366,2024-10-16,2024-10-16T09:53:36Z,Walkersville,Run,6499.3,4.038478,2088,2228,15.8,51.837,3.112692,8.617108,4.14,156.0,169.0,471.0,true,false,false,false,false,Walkersville,Maryland,United States of America,US
13906977407,2024-10-20,2024-10-20T09:52:35Z,Walkersville,Run,6542.7,4.065445,2124,2254,23.5,77.1,3.080367,8.707533,4.04,156.0,167.0,481.0,true,false,false,false,false,Walkersville,Maryland,United States of America,US
13906973791,2024-10-21,2024-10-21T10:01:12Z,Walkersville,Run,6660.2,4.138456,2150,2420,15.5,50.853,3.097767,8.658623,4.52,157.0,169.0,483.0,true,false,false,false,false,Walkersville,Maryland,United States of America,US
13906968180,2024-10-22,2024-10-22T09:54:33Z,Walkersville,Run,6473.8,4.022633,2098,2246,23.4,76.772,3.085701,8.692483,4.1,156.0,166.0,478.0,true,false,false,false,false,Walkersville,Maryland,United States of America,US
13906960873,2024-10-24,2024-10-24T09:50:57Z,Walkersville,Run,6533.3,4.059604,2118,2360,15.1,49.541,3.084655,8.695429,5.08,155.0,170.0,471.0,true,false,false,false,false,Walkersville,Maryland,United States of America,US
13906981924,2024-10-28,2024-10-28T11:26:34Z,Walkersville,Run,6462.2,4.015425,2007,2069,14.0,45.932,3.219831,8.330376,4.22,158.0,174.0,469.0,true,false,false,false,false,Walkersville,Maryland,United States of America,US
13906978970,2024-10-29,2024-10-29T09:51:11Z,Walkersville,Run,6552.6,4.071597,2093,2250,21.4,70.21,3.130721,8.567482,4.36,155.0,169.0,482.0,true,false,false,false,false,Walkersville,Maryland,United States of America,US
13906975967,2024-10-31,2024-10-31T09:57:06Z,Walkersville,Run,8093.0,5.028757,2513,2665,21.2,69.554,3.220454,8.328765,5.34,166.0,178.0,596.0,true,false,false,false,false,Walkersville,Maryland,United States of America,US
13906963614,2024-11-02,2024-11-02T10:05:34Z,Walkersville,Run,6468.4,4.019277,2008,2201,15.9,52.165,3.221315,8.326538,4.66,157.0,168.0,470.0,true,false,false,false,false,Walkersville,Maryland,United States of America,US
13906983082,2024-11-04,2024-11-04T11:06:37Z,Walkersville,Run,6494.9,4.035744,2019,2405,15.9,52.165,3.21689,8.337992,4.94,160.0,175.0,475.0,true,false,false,false,false,Walkersville,Maryland,United States of America,US
13906980260,2024-11-05,2024-11-05T10:53:09Z,Walkersville,Run,6561.7,4.077251,2026,2081,19.4,63.648,3.238746,8.281723,4.1,164.0,177.0,483.0,true,false,false,false,false,Walkersville,Maryland,United States of America,US
13906977368,2024-11-07,2024-11-07T10:44:39Z,Walkersville,Run,5378.1,3.341796,1697,1903,16.9,55.446,3.169181,8.463512,4.22,164.0,176.0,394.0,true,false,false,false,false,Walkersville,Maryland,United States of America,US
13906973773,2024-11-09,2024-11-09T10:45:31Z,Walkersville,Run,6746.9,4.192329,2098,2165,27.7,90.879,3.215872,8.34063,4.533,162.0,175.0,503.0,true,false,false,false,false,Walkersville,Maryland,United States of America,US
13906967789,2024-11-11,2024-11-11T10:51:34Z,Walkersville,Run,6910.9,4.294234,2174,2349,22.9,75.131,3.178887,8.437671,4.88,160.0,184.0,510.0,true,false,false,false,false,Walkersville,Maryland,United States of America,US
13906960516,2024-11-13,2024-11-13T11:03:47Z,"Walkersville / Walkersville, Creamery Park",Run,6498.2,4.037794,2023,2141,19.5,63.976,3.21216,8.350269,4.22,164.0,175.0,478.0,true,false,false,false,false,Walkersville,Maryland,United States of America,US
13906981810,2024-11-14,2024-11-14T10:58:16Z,Walkersville,Run,6471.2,4.021017,2002,2104,14.0,45.932,3.232368,8.298066,5.433,162.0,175.0,473.0,true,false,false,false,false,Walkersville,Maryland,United States of America,US
13906978852,2024-11-16,2024-11-16T10:53:55Z,Walkersville,Run,6761.1,4.201153,2093,2232,22.7,74.475,3.230339,8.303277,4.16,158.0,167.0,498.0,true,false,false,false,false,Walkersville,Maryland,United States of America,US
13906975753,2024-11-17,2024-11-17T11:14:39Z,Walkersville,Run,7512.8,4.668237,2356,2653,26.8,87.927,3.188795,8.411454,4.06,153.0,166.0,555.0,true,false,false,false,false,Walkersville,Maryland,United States of America,US
13906971968,2024-11-19,2024-11-19T11:04:13Z,Walkersville,Run,6480.1,4.026547,2018,2199,15.5,50.853,3.21115,8.352896,4.88,159.0,170.0,473.0,true,false,false,false,false,Walkersville,Maryland,United States of America,US
13906963741,2024-11-20,2024-11-20T11:10:02Z,Walkersville,Run,8085.7,5.024221,2470,2609,30.0,98.425,3.273563,8.193642,4.14,166.0,178.0,596.0,true,false,false,false,false,Walkersville,Maryland,United States of America,US
13906983215,2024-11-22,2024-11-22T11:38:44Z,Walkersville,Run,7374.4,4.58224,2253,2349,21.4,70.21,3.273147,8.194683,4.24,160.0,175.0,548.0,true,false,false,false,false,Walkersville,Maryland,United States of America,US
13906980515,2024-11-24,2024-11-24T14:23:09Z,Walkersville,Run,10068.0,6.255965,3036,4019,47.0,154.199,3.316206,8.08828,5.0,165.0,179.0,751.0,true,true,false,false,false,Walkersville,Maryland,United States of America,US
13906977526,2024-11-29,2024-11-29T11:56:13Z,Walkersville,Run,6467.0,4.018408,2015,2163,23.0,75.459,3.209429,8.357374,4.32,157.0,172.0,478.0,true,false,false,false,false,Walkersville,Maryland,United States of America,US
13906973986,2024-11-30,2024-11-30T14:08:50Z,Frederick,Run,9148.8,5.684801,2754,2991,35.3,115.814,3.322004,8.074162,4.56,166.0,176.0,684.0,true,false,false,false,false,Frederick,Maryland,United States of America,US
13906982009,2024-12-02,2024-12-02T10:37:28Z,Walkersville,Run,6466.6,4.018159,2006,2020,15.7,51.509,3.223629,8.32056,4.46,161.0,173.0,472.0,true,false,false,false,false,Walkersville,Maryland,United States of America,US
13906978767,2024-12-03,2024-12-03T10:40:43Z,Walkersville,Run,6472.2,4.021639,2029,2238,15.7,51.509,3.189847,8.408679,4.26,154.0,166.0,473.0,true,false,false,false,false,Walkersville,Maryland,United States of America,US
13906975727,2024-12-06,2024-12-06T10:49:07Z,"Walkersville / Walkersville, Creamery Park",Run,7020.0,4.362026,2225,2314,25.3,83.005,3.155056,8.501402,4.2,158.0,171.0,515.0,true,false,false,false,false,Walkersville,Maryland,United States of America,US
13906971808,2024-12-07,2024-12-07T12:22:57Z,Walkersville,Run,5249.0,3.261577,1828,2051,18.4,60.367,2.871444,9.341083,5.6,152.0,168.0,383.0,true,false,false,false,false,Walkersville,Maryland,United States of America,US
13906963599,2024-12-08,2024-12-08T13:54:19Z,Walkersville,Run,6467.2,4.018532,2016,2289,22.6,74.147,3.207937,8.361263,4.767,159.0,170.0,474.0,true,false,false,false,false,Walkersville,Maryland,United States of America,US
13906983095,2024-12-10,2024-12-10T11:00:35Z,"Walkersville / Walkersville, Creamery Park",Run,6950.6,4.318903,2194,2432,24.7,81.037,3.168004,8.466657,5.3,156.0,168.0,510.0,true,false,false,false,false,Walkersville,Maryland,United States of America,US
13906980268,2024-12-13,2024-12-13T10:47:48Z,Walkersville,Run,6502.6,4.040528,2030,2185,24.9,81.693,3.203251,8.373492,4.04,160.0,176.0,477.0,true,false,false,false,false,Walkersville,Maryland,United States of America,US
13906977396,2024-12-14,2024-12-14T10:51:43Z,Walkersville,Run,6468.0,4.019029,2082,2282,23.8,78.084,3.106628,8.633927,3.92,155.0,165.0,475.0,true,false,false,false,false,Walkersville,Maryland,United States of America,US
13906973785,2024-12-15,2024-12-15T11:56:23Z,Walkersville,Run,7553.2,4.693341,2369,2546,26.5,86.942,3.18835,8.412629,4.3,155.0,170.0,562.0,true,false,false,false,false,Walkersville,Maryland,United States of America,US
13906968088,2024-12-17,2024-12-17T11:02:27Z,Walkersville,Run,6613.9,4.109687,2080,2281,22.8,74.803,3.17976,8.435355,4.54,158.0,172.0,488.0,true,false,false,false,false,Walkersville,Maryland,United States of America,US
13906960801,2024-12-18,2024-12-18T11:03:53Z,Walkersville,Run,6546.4,4.067744,2082,2311,25.2,82.677,3.144284,8.530526,4.96,153.0,164.0,483.0,true,false,false,false,false,Walkersville,Maryland,United States of America,US
13906981938,2024-12-20,2024-12-20T11:21:54Z,Walkersville,Run,6463.1,4.015984,2076,2436,20.7,67.913,3.113247,8.615572,4.16,155.0,172.0,475.0,true,false,false,false,false,Walkersville,Maryland,United States of America,US
13906978957,2024-12-26,2024-12-26T11:31:45Z,"Walkersville / Walkersville, Creamery Park",Run,6829.7,4.243779,2192,2430,24.7,81.037,3.115739,8.60868,4.6,163.0,173.0,524.0,true,false,false,false,false,Walkersville,Maryland,United States of America,US
13906975795,2024-12-30,2024-12-30T12:13:35Z,Walkersville,Run,5908.9,3.67162,1873,2102,18.9,62.008,3.154778,8.50215,5.38,165.0,177.0,452.0,true,false,false,false,false,Walkersville,Maryland,United States of America,US
13906972078,2024-12-31,2024-12-31T14:23:44Z,"Frederick / Frederick, Frederick Municipal Airport",Run,8555.6,5.316203,2696,3082,48.1,157.808,3.173442,8.452147,4.7,165.0,176.0,669.0,true,false,false,false,false,Frederick,Maryland,United States of America,US
13906980355,2025-01-03,2025-01-03T11:57:08Z,Walkersville,Run,5852.2,3.636388,1838,2022,21.6,70.866,3.184004,8.424109,4.7,166.0,176.0,449.0,true,false,false,false,false,Walkersville,Maryland,United States of America,US
13906977380,2025-01-28,2025-01-28T10:51:52Z,Walkersville,Run,5254.3,3.264871,1697,1815,16.8,55.118,3.096229,8.662926,3.9,169.0,180.0,410.0,true,false,false,false,false,Walkersville,Maryland,United States of America,US
13906973886,2025-01-29,2025-01-29T10:52:32Z,Walkersville,Run,6570.6,4.082782,2151,2365,23.1,75.787,3.054672,8.780778,5.08,164.0,179.0,506.0,true,false,false,false,false,Walkersville,Maryland,United States of America,US
13906968381,2025-01-31,2025-01-31T10:50:25Z,Walkersville,Run,6475.3,4.023565,2080,2246,16.7,54.79,3.113125,8.615908,4.24,169.0,182.0,497.0,true,false,false,false,false,Walkersville,Maryland,United States of America,US
13906975653,2025-02-07,2025-02-07T11:14:36Z,Walkersville,Run,6549.7,4.069795,2126,2322,16.2,53.15,3.080762,8.706417,4.02,168.0,180.0,505.0,true,false,false,false,false,Walkersville,Maryland,United States of America,US
13906971856,2025-02-08,2025-02-08T11:06:54Z,Walkersville,Run,6636.2,4.123544,2215,2388,13.9,45.604,2.996027,8.952656,4.0,160.0,173.0,504.0,true,false,false,false,false,Walkersville,Maryland,United States of America,US
13906963666,2025-02-11,2025-02-11T10:47:49Z,Walkersville,Run,6757.1,4.198667,2213,2372,17.5,57.415,3.053366,8.784533,4.34,167.0,180.0,522.0,true,false,false,false,false,Walkersville,Maryland,United States of America,US
13906983112,2025-02-15,2025-02-15T12:16:49Z,Walkersville,Run,8989.3,5.585692,2960,3110,34.0,111.549,3.036926,8.83209,4.12,164.0,176.0,695.0,true,false,false,false,false,Walkersville,Maryland,United States of America,US
13906911969,2025-02-16,2025-02-16T11:06:20Z,Morning Run,Run,8078.1,5.019499,2628,2867,42.0,137.795,3.073858,8.725971,12.556,158.0,171.0,623.0,true,false,false,false,false,Walkersville,Maryland,United States of America,US
13906911802,2025-02-18,2025-02-18T10:22:35Z,Morning Run,Run,6467.3,4.018594,2112,2276,38.8,127.297,3.062169,8.759283,5.04,164.0,180.0,496.0,true,false,false,false,false,Walkersville,Maryland,United States of America,US
13906977282,2025-02-18,2025-02-18T10:22:36Z,Walkersville,Run,6466.3,4.017973,2112,2276,15.7,51.509,3.061695,8.760637,4.82,164.0,180.0,497.0,true,false,false,false,false,Walkersville,Maryland,United States of America,US
13906911690,2025-02-19,2025-02-19T10:56:13Z,Morning Run,Run,6520.8,4.051837,2184,2431,27.8,91.207,2.985714,8.983579,5.082,156.0,170.0,497.0,true,false,false,false,false,Walkersville,Maryland,United States of America,US
13906911866,2025-02-20,2025-02-20T11:02:01Z,Morning Run,Run,6971.0,4.331579,2290,2446,47.2,154.856,3.044105,8.81126,6.899,161.0,174.0,536.0,true,false,false,false,false,Walkersville,Maryland,United States of America,US
13906911502,2025-02-22,2025-02-22T11:57:21Z,Morning Run,Run,9083.2,5.644039,2971,3226,51.4,168.635,3.057287,8.773268,7.456,158.0,167.0,700.0,true,false,false,false,false,Walkersville,Maryland,United States of America,US
13906911543,2025-02-23,2025-02-23T12:10:10Z,Morning Run,Run,7067.2,4.391354,2324,3037,37.4,122.703,3.040964,8.820361,8.02,158.0,175.0,545.0,true,false,false,false,false,Walkersville,Maryland,United States of America,US
13906981816,2025-02-23,2025-02-23T12:10:16Z,Walkersville,Run,7067.5,4.391541,2324,3037,29.9,98.097,3.041093,8.819987,4.52,158.0,175.0,546.0,true,false,false,false,false,Walkersville,Maryland,United States of America,US
13906911599,2025-02-24,2025-02-24T10:49:20Z,Morning Run,Run,7151.3,4.443612,2383,2743,36.6,120.079,3.000965,8.937924,6.05,152.0,166.0,540.0,true,false,false,false,false,Walkersville,Maryland,United States of America,US
13906911328,2025-02-26,2025-02-26T10:57:35Z,Morning Run,Run,8177.5,5.081263,2631,2907,51.6,169.291,3.108134,8.629744,6.52,159.0,173.0,621.0,true,false,false,false,false,Walkersville,Maryland,United States of America,US
13906911171,2025-02-27,2025-02-27T10:54:29Z,Morning Run,Run,8078.8,5.019934,2587,2842,45.2,148.294,3.122845,8.589091,7.35,159.0,172.0,622.0,true,false,false,false,false,Walkersville,Maryland,United States of America,US
13906911100,2025-02-28,2025-02-28T10:59:51Z,Morning Run,Run,8139.4,5.057589,2592,2765,58.2,190.945,3.140201,8.54162,6.859,161.0,173.0,627.0,true,false,false,false,false,Walkersville,Maryland,United States of America,US
13906910884,2025-03-02,2025-03-02T11:54:47Z,Morning Run,Run,6038.9,3.752398,1958,2134,36.4,119.423,3.084219,8.69666,9.387,160.0,173.0,464.0,true,false,false,false,false,Walkersville,Maryland,United States of America,US
13906911126,2025-03-03,2025-03-03T10:41:42Z,Morning Run,Run,8081.1,5.021363,2598,3077,46.4,152.231,3.110508,8.623157,7.27,156.0,171.0,611.0,true,false,false,false,false,Walkersville,Maryland,United States of America,US
13906910754,2025-03-05,2025-03-05T10:58:27Z,Morning Run,Run,8076.0,5.018194,2631,2816,64.8,212.598,3.069555,8.738204,5.906,161.0,174.0,609.0,true,false,false,false,false,Walkersville,Maryland,United States of America,US
13906975831,2025-03-05,2025-03-05T10:58:28Z,Walkersville,Run,8074.3,5.017137,2631,2816,29.8,97.769,3.068909,8.740044,4.36,162.0,174.0,610.0,true,false,false,false,false,Walkersville,Maryland,United States of America,US
13906910811,2025-03-07,2025-03-07T11:24:01Z,Morning Run,Run,8078.5,5.019747,2610,2910,42.6,139.764,3.095211,8.665775,6.0,162.0,173.0,616.0,true,false,false,false,false,Walkersville,Maryland,United States of America,US
13906910684,2025-03-08,2025-03-08T12:18:22Z,Morning Run,Run,8881.2,5.518522,2794,3061,51.6,169.291,3.178669,8.43825,5.074,165.0,174.0,673.0,true,false,false,false,false,Walkersville,Maryland,United States of America,US
13906910561,2025-03-10,2025-03-10T09:59:35Z,Morning Run,Run,8214.6,5.104316,2630,2795,45.6,149.606,3.123422,8.587504,6.433,161.0,173.0,621.0,true,false,false,false,false,Walkersville,Maryland,United States of America,US
13906910458,2025-03-11,2025-03-11T09:50:24Z,Morning Run,Run,8091.1,5.027576,2604,2820,40.6,133.202,3.107181,8.63239,4.38,157.0,168.0,611.0,true,false,false,false,false,Walkersville,Maryland,United States of America,US
13906910402,2025-03-12,2025-03-12T10:04:39Z,Morning Run,Run,8056.4,5.006015,2600,2774,45.4,148.95,3.098615,8.656253,4.06,158.0,168.0,607.0,true,false,false,false,false,Walkersville,Maryland,United States of America,US
13906910218,2025-03-14,2025-03-14T09:57:27Z,Morning Run,Run,8172.4,5.078094,2652,2804,43.6,143.045,3.081599,8.704053,5.839,158.0,169.0,617.0,true,false,false,false,false,Walkersville,Maryland,United States of America,US
13906910129,2025-03-15,2025-03-15T11:06:35Z,Morning Run,Run,11299.4,7.021122,3602,3912,65.0,213.255,3.136979,8.550391,6.429,161.0,172.0,858.0,true,true,false,false,false,Walkersville,Maryland,United States of America,US
13906910328,2025-03-17,2025-03-17T10:54:33Z,Morning Run,Run,8311.1,5.164278,2633,3235,54.0,177.165,3.156513,8.497477,6.645,159.0,172.0,628.0,true,false,false,false,false,Walkersville,Maryland,United States of America,US
13915242571,2025-03-18,2025-03-18T09:53:44Z,Morning Run,Run,8095.7,5.030435,2572,2792,52.8,173.228,3.147628,8.521464,6.336,157.0,168.0,614.0,true,false,false,false,false,Walkersville,Maryland,United States of America,US
13925585030,2025-03-19,2025-03-19T10:03:50Z,Morning Run,Run,8243.3,5.122149,2628,2936,54.6,179.134,3.13672,8.551098,9.246,158.0,170.0,625.0,true,false,false,false,false,Walkersville,Maryland,United States of America,US
13935036761,2025-03-20,2025-03-20T09:55:55Z,Morning Run,Run,8094.8,5.029876,2539,2684,43.4,142.388,3.188184,8.413064,5.539,164.0,175.0,612.0,true,false,false,false,false,Walkersville,Maryland,United States of America,US
13943947969,2025-03-21,2025-03-21T10:05:43Z,Morning Run,Run,8144.8,5.060944,2556,2664,53.2,174.541,3.186541,8.417402,5.247,160.0,173.0,616.0,true,false,false,false,false,Walkersville,Maryland,United States of America,US
13954611132,2025-03-22,2025-03-22T12:26:43Z,Burn to Downtown Frederick,Run,9957.2,6.187117,2995,3213,87.0,285.433,3.324608,8.067839,5.083,165.0,175.0,767.0,true,false,false,false,false,Frederick,Maryland,United States of America,US
13971713810,2025-03-24,2025-03-24T10:01:48Z,Morning Run,Run,8073.0,5.01633,2456,2642,53.8,176.509,3.287052,8.160017,7.867,166.0,176.0,617.0,true,false,false,false,false,Walkersville,Maryland,United States of America,US
14024666026,2025-03-25,2025-03-25T09:43:22Z,Morning Run,Run,8074.3,5.017137,2455,2592,54.4,178.478,3.288921,8.155381,6.982,164.0,175.0,616.0,true,false,false,false,false,Walkersville,Maryland,United States of America,US
13991361974,2025-03-26,2025-03-26T10:07:51Z,Morning Run,Run,8097.5,5.031553,2468,2578,50.2,164.698,3.280997,8.175077,5.093,161.0,172.0,620.0,true,false,false,false,false,Walkersville,Maryland,United States of America,US
14000593791,2025-03-27,2025-03-27T09:47:16Z,Morning Run,Run,8067.4,5.01285,2480,2628,49.8,163.386,3.252984,8.245476,6.906,156.0,166.0,611.0,true,false,false,false,false,Walkersville,Maryland,United States of America,US
14029387991,2025-03-30,2025-03-30T11:05:30Z,Morning Run,Run,10660.8,6.624314,3230,3778,58.0,190.289,3.300557,8.126628,7.015,163.0,174.0,812.0,true,true,false,false,false,Walkersville,Maryland,United States of America,US
14037508450,2025-03-31,2025-03-31T10:00:21Z,Morning Run,Run,8073.7,5.016765,2497,2687,151.8,498.031,3.23336,8.295519,12.725,161.0,172.0,619.0,true,false,false,false,false,Walkersville,Maryland,United States of America,US
14057294918,2025-04-02,2025-04-02T09:56:56Z,Morning Run,Run,8071.7,5.015522,2494,2673,37.4,122.703,3.236447,8.287606,9.51,162.0,177.0,616.0,true,false,false,false,false,Walkersville,Maryland,United States of America,US
14173640530,2025-04-14,2025-04-14T09:48:18Z,Morning Run,Run,8066.0,5.01198,2520,2704,48.4,158.793,3.200794,8.379922,4.988,176.0,191.0,603.0,true,false,false,false,false,Walkersville,Maryland,United States of America,US
14183308394,2025-04-15,2025-04-15T09:51:02Z,Morning Run,Run,8314.2,5.166204,2610,2826,60.0,196.85,3.185517,8.420108,7.439,175.0,187.0,627.0,true,false,false,false,false,Walkersville,Maryland,United States of America,US
14202194564,2025-04-17,2025-04-17T09:58:17Z,Morning Run,Run,8111.8,5.040439,2468,2557,48.0,157.48,3.286791,8.160665,5.14,171.0,192.0,596.0,true,false,false,false,false,Walkersville,Maryland,United States of America,US
14211969311,2025-04-18,2025-04-18T09:55:37Z,Morning Run,Run,6706.6,4.167288,2044,2141,37.8,124.016,3.281115,8.174781,4.75,167.0,177.0,493.0,true,false,false,false,false,Walkersville,Maryland,United States of America,US
14222552209,2025-04-19,2025-04-19T09:59:48Z,Morning Run,Run,8090.8,5.02739,2489,2767,69.2,227.034,3.250623,8.251465,6.31,172.0,184.0,605.0,true,false,false,false,false,Walkersville,Maryland,United States of America,US
14240951871,2025-04-21,2025-04-21T10:15:45Z,Patriot’s Day Run,Run,8083.8,5.02304,2467,2620,33.2,108.924,3.276773,8.185613,6.58,168.0,179.0,600.0,true,false,false,false,false,Walkersville,Maryland,United States of America,US
14251399788,2025-04-22,2025-04-22T10:07:06Z,Morning Run,Run,6478.5,4.025553,1961,2128,29.2,95.801,3.303672,8.118967,4.26,163.0,176.0,479.0,true,false,false,false,false,Walkersville,Maryland,United States of America,US
14261243698,2025-04-23,2025-04-23T09:57:23Z,Morning Run,Run,8067.6,5.012974,2466,2687,41.2,135.171,3.271533,8.198726,6.243,163.0,173.0,598.0,true,false,false,false,false,Walkersville,Maryland,United States of America,US
14271079763,2025-04-24,2025-04-24T09:58:01Z,Morning Run,Run,8076.0,5.018194,2505,2639,42.8,140.42,3.223952,8.319727,8.125,163.0,173.0,601.0,true,false,false,false,false,Walkersville,Maryland,United States of America,US
14300839025,2025-04-27,2025-04-27T10:04:59Z,Morning Run,Run,8071.0,5.015087,2489,2771,57.4,188.32,3.242668,8.271708,5.877,162.0,174.0,595.0,true,false,false,false,false,Walkersville,Maryland,United States of America,US
14320945540,2025-04-29,2025-04-29T09:44:47Z,Morning Run,Run,8202.1,5.096549,2519,2695,46.8,153.543,3.256094,8.237601,5.68,163.0,176.0,602.0,true,false,false,false,false,Walkersville,Maryland,United States of America,US
14332136121,2025-04-30,2025-04-30T10:06:21Z,Morning Run,Run,7718.9,4.796302,2350,2636,51.2,167.979,3.284638,8.166013,7.445,166.0,185.0,564.0,true,false,false,false,false,Walkersville,Maryland,United States of America,US
14384294483,2025-05-05,2025-05-05T09:46:44Z,Morning Run,Run,6713.5,4.171575,2029,2083,37.6,123.36,3.308773,8.10645,4.4,161.0,172.0,489.0,true,false,false,false,false,Walkersville,Maryland,United States of America,US
14404804940,2025-05-07,2025-05-07T09:56:32Z,Morning Run,Run,6500.8,4.03941,1985,2107,33.8,110.892,3.274962,8.19014,4.273,166.0,177.0,471.0,true,false,false,false,false,Walkersville,Maryland,United States of America,US
14414562014,2025-05-08,2025-05-08T10:02:45Z,Morning Run,Run,7074.3,4.395766,2178,2549,45.0,147.638,3.248072,8.257946,7.77,162.0,177.0,513.0,true,false,false,false,false,Walkersville,Maryland,United States of America,US
14434763966,2025-05-10,2025-05-10T10:06:36Z,Run before Daddy Daughter Adventure,Run,8184.3,5.085488,2496,2847,44.6,146.325,3.278966,8.180139,7.146,165.0,178.0,598.0,true,false,false,false,false,Walkersville,Maryland,United States of America,US
14455233598,2025-05-12,2025-05-12T09:55:40Z,Morning Run,Run,7262.3,4.512584,2221,2402,40.2,131.89,3.269833,8.202987,5.663,160.0,170.0,526.0,true,false,false,false,false,Walkersville,Maryland,United States of America,US
14487540219,2025-05-15,2025-05-15T09:44:48Z,Morning Run,Run,8088.0,5.02565,2445,2603,49.8,163.386,3.307975,8.108404,4.675,171.0,182.0,592.0,true,false,false,false,false,Walkersville,Maryland,United States of America,US
14600698021,2025-05-26,2025-05-26T13:08:57Z,"Downtown worn paths, creeks, and artwork",Run,11275.4,7.006209,3462,3828,97.4,319.554,3.256904,8.235553,6.46,178.0,192.0,830.0,true,true,false,false,false,Frederick,Maryland,United States of America,US
14631174825,2025-05-29,2025-05-29T09:23:50Z,Morning Run,Run,6498.8,4.038167,1984,2212,31.4,103.018,3.275605,8.188534,6.094,168.0,182.0,466.0,true,false,false,false,false,Walkersville,Maryland,United States of America,US
14644777267,2025-05-30,2025-05-30T09:31:00Z,Morning Run,Run,6502.4,4.040404,2027,2220,29.8,97.769,3.207893,8.361375,5.06,165.0,179.0,468.0,true,false,false,false,false,Walkersville,Maryland,United States of America,US
14661419191,2025-06-01,2025-06-01T09:36:43Z,Run Before Snallygaster Scavenger Hunt,Run,6466.4,4.018035,1941,2156,35.6,116.798,3.331479,8.0512,5.74,169.0,183.0,468.0,true,false,false,false,false,Walkersville,Maryland,United States of America,US
14672538111,2025-06-02,2025-06-02T09:45:49Z,Morning Run,Run,6488.0,4.031456,1971,2196,35.8,117.454,3.29173,8.14842,4.32,160.0,172.0,466.0,true,false,false,false,false,Walkersville,Maryland,United States of America,US
14683565707,2025-06-03,2025-06-03T09:48:11Z,Morning Run,Run,6531.6,4.058548,1998,2080,30.2,99.081,3.269069,8.204905,4.473,161.0,175.0,471.0,true,false,false,false,false,Walkersville,Maryland,United States of America,US
14692717582,2025-06-04,2025-06-04T09:48:48Z,Morning Run,Run,6613.3,4.109314,2017,2125,31.4,103.018,3.27878,8.180603,4.28,164.0,175.0,476.0,true,false,false,false,false,Walkersville,Maryland,United States of America,US
14796879773,2025-06-14,2025-06-14T12:39:33Z,Back at it! 🤞,Run,8139.0,5.05734,2494,2574,138.0,452.756,3.263432,8.219077,4.55,169.0,183.0,584.0,true,false,false,false,false,Walkersville,Maryland,United States of America,US
14826685108,2025-06-17,2025-06-17T09:46:39Z,Morning Run,Run,8327.1,5.17422,2557,2609,45.6,149.606,3.25659,8.236346,4.714,176.0,189.0,596.0,true,false,false,false,false,Walkersville,Maryland,United States of America,US
14849141892,2025-06-19,2025-06-19T09:42:05Z,Morning Run,Run,8096.1,5.030683,2518,2665,46.0,150.919,3.21529,8.34214,5.48,166.0,184.0,581.0,true,false,false,false,false,Walkersville,Maryland,United States of America,US
14858914715,2025-06-20,2025-06-20T09:52:55Z,Morning Run,Run,8910.3,5.536604,2720,2845,55.0,180.446,3.275846,8.187932,6.827,162.0,175.0,636.0,true,false,false,false,false,Walkersville,Maryland,United States of America,US
14873898935,2025-06-21,2025-06-21T13:05:18Z,Humid downtown run,Run,10063.7,6.253293,3077,3735,103.2,338.583,3.270621,8.201012,6.045,168.0,186.0,729.0,true,true,false,false,false,Frederick,Maryland,United States of America,US
14889755672,2025-06-23,2025-06-23T10:17:57Z,Morning Run,Run,8090.7,5.027328,2456,2621,27.0,88.583,3.294259,8.142165,6.911,160.0,174.0,578.0,true,false,false,false,false,Walkersville,Maryland,United States of America,US
14899949013,2025-06-24,2025-06-24T09:54:02Z,Morning Run,Run,8312.1,5.164899,2555,2705,51.4,168.635,3.253268,8.244755,7.16,161.0,175.0,596.0,true,false,false,false,false,Walkersville,Maryland,United States of America,US
14910298560,2025-06-25,2025-06-25T09:48:00Z,All Systems Red,Run,7680.3,4.772317,2376,2545,35.6,116.798,3.232449,8.297856,4.537,160.0,176.0,544.0,true,false,false,false,false,Walkersville,Maryland,United States of America,US
14920563204,2025-06-26,2025-06-26T09:40:21Z,Ankles Will Roll,Run,8077.7,5.01925,2585,2853,50.4,165.354,3.124836,8.58362,6.01,162.0,183.0,586.0,true,false,false,false,false,Walkersville,Maryland,United States of America,US
14971675986,2025-07-01,2025-07-01T09:44:41Z,Morning Run,Run,7671.4,4.766787,2341,2665,41.4,135.827,3.276976,8.185108,5.08,165.0,180.0,552.0,true,false,false,false,false,Walkersville,Maryland,United States of America,US
14993767780,2025-07-03,2025-07-03T10:09:47Z,Morning Run,Run,7263.3,4.513205,2228,2265,41.6,136.483,3.260009,8.227707,4.5,162.0,175.0,522.0,true,false,false,false,false,Walkersville,Maryland,United States of America,US
15005141481,2025-07-04,2025-07-04T13:06:28Z,4th with Cows,Run,9754.0,6.060855,2970,3243,89.2,292.651,3.284175,8.167165,5.773,169.0,186.0,720.0,true,false,false,false,false,Frederick,Maryland,United States of America,US
15044519560,2025-07-07,2025-07-07T10:02:29Z,Morning Run,Run,8293.8,5.153528,2515,2716,36.0,118.11,3.297734,8.133586,5.288,161.0,181.0,598.0,true,false,false,false,false,Walkersville,Maryland,United States of America,US
15056071389,2025-07-09,2025-07-09T10:08:50Z,Morning Run,Run,8077.2,5.018939,2527,2819,44.4,145.669,3.196359,8.391547,6.131,169.0,185.0,584.0,true,false,false,false,false,Walkersville,Maryland,United States of America,US
15069702817,2025-07-10,2025-07-10T09:59:25Z,Morning Run,Run,8091.9,5.028074,2485,2682,34.0,111.549,3.256298,8.237084,4.733,165.0,177.0,580.0,true,false,false,false,false,Walkersville,Maryland,United States of America,US
15078772774,2025-07-11,2025-07-11T10:07:23Z,Morning Run,Run,8131.6,5.052742,2514,2519,43.2,141.732,3.234527,8.292527,5.4,163.0,177.0,586.0,true,false,false,false,false,Walkersville,Maryland,United States of America,US
15103752628,2025-07-13,2025-07-13T10:33:47Z,Run to pick up Fractured Prune donuts,Run,8106.9,5.037394,2512,2752,20.8,68.241,3.227269,8.311176,6.173,159.0,173.0,577.0,true,false,false,false,false,Ocean City,Maryland,United States of America,US
15153863756,2025-07-18,2025-07-18T10:01:45Z,OC Boardwalk,Run,13411.4,8.333458,4068,4423,35.8,117.454,3.296804,8.135879,7.937,173.0,185.0,961.0,true,true,false,false,false,Ocean City,Maryland,United States of America,US
15175320405,2025-07-20,2025-07-20T09:58:46Z,Back to the Country,Run,8097.3,5.031429,2330,2487,46.4,152.231,3.475236,7.718152,8.25,169.0,181.0,583.0,true,false,false,false,false,Walkersville,Maryland,United States of America,US
15196548660,2025-07-22,2025-07-22T09:47:31Z,Morning Run,Run,8089.1,5.026334,2388,2572,48.6,159.449,3.387395,7.918296,7.638,164.0,177.0,584.0,true,false,false,false,false,Walkersville,Maryland,United States of America,US
15208472115,2025-07-23,2025-07-23T10:01:28Z,Walkersville Community Park Loops,Run,8221.6,5.108665,2448,2645,37.0,121.391,3.358497,7.98643,7.638,165.0,180.0,594.0,true,false,false,false,false,Walkersville,Maryland,United States of America,US
15230371021,2025-07-25,2025-07-25T10:30:11Z,Railroad Running,Run,6477.1,4.024683,1970,2136,38.8,127.297,3.287868,8.157992,6.377,165.0,185.0,469.0,true,false,false,false,false,Walkersville,Maryland,United States of America,US
15243048419,2025-07-26,2025-07-26T13:06:52Z,Cows?,Run,9699.1,6.026741,2935,3231,80.2,263.123,3.304634,8.116603,6.767,168.0,185.0,709.0,true,false,false,false,false,Frederick,Maryland,United States of America,US
15262203628,2025-07-28,2025-07-28T10:07:00Z,Morning Run,Run,8087.4,5.025277,2508,2538,39.2,128.609,3.224641,8.317949,4.66,154.0,166.0,581.0,true,false,false,false,false,Walkersville,Maryland,United States of America,US
15273342819,2025-07-29,2025-07-29T09:57:02Z,Morning Run,Run,8089.4,5.02652,2506,2625,53.6,175.853,3.228013,8.309261,4.2,153.0,166.0,578.0,true,false,false,false,false,Walkersville,Maryland,United States of America,US
15285315066,2025-07-30,2025-07-30T10:01:57Z,Manure and Sweaty Fingers I,Run,4501.0,2.796792,1378,1438,23.4,76.772,3.266328,8.21179,4.6,159.0,172.0,324.0,false,false,false,false,false,Walkersville,Maryland,United States of America,US
15285314965,2025-07-30,2025-07-30T10:28:58Z,Manure and Sweaty Fingers II,Run,3034.7,1.885675,915,919,17.6,57.743,3.316612,8.087289,4.4,169.0,177.0,215.0,false,false,false,false,false,Walkersville,Maryland,United States of America,US
15298359904,2025-07-31,2025-07-31T13:33:19Z,Old Stomping Grounds,Run,6700.8,4.163684,1978,2334,51.6,169.291,3.387664,7.917668,7.35,164.0,184.0,483.0,true,false,false,false,false,Frederick,Maryland,United States of America,US
15319673474,2025-08-02,2025-08-02T13:11:11Z,Over the river and through the fields…,Run,8147.1,5.062373,2500,2669,83.8,274.934,3.25884,8.230659,4.823,160.0,175.0,609.0,true,false,false,false,false,Frederick,Maryland,United States of America,US
15339550115,2025-08-04,2025-08-04T09:47:15Z,Morning Run,Run,8095.8,5.030497,2507,2962,40.6,133.202,3.229278,8.306005,7.001,150.0,162.0,586.0,true,false,false,false,false,Walkersville,Maryland,United States of America,US
15363926559,2025-08-06,2025-08-06T10:00:23Z,Chasing Trash Pandas 🦝,Run,8092.8,5.028633,2440,2622,35.0,114.829,3.316721,8.087023,6.65,168.0,181.0,594.0,true,false,false,false,false,Walkersville,Maryland,United States of America,US
15382030971,2025-08-07,2025-08-07T10:10:48Z,Morning Run,Run,8392.4,5.214796,2581,2731,39.0,127.953,3.251608,8.248965,4.66,161.0,175.0,604.0,true,false,false,false,false,Walkersville,Maryland,United States of America,US
15391517810,2025-08-08,2025-08-08T10:04:45Z,Morning Run,Run,8238.3,5.119042,2559,2564,35.8,117.454,3.219343,8.331637,4.74,156.0,168.0,597.0,true,false,false,false,false,Walkersville,Maryland,United States of America,US
15398130832,2025-08-09,2025-08-09T09:55:33Z,Morning Run,Run,6479.1,4.025926,2000,2129,27.6,90.551,3.23955,8.279668,6.157,155.0,168.0,465.0,true,false,false,false,false,Walkersville,Maryland,United States of America,US
15421475822,2025-08-11,2025-08-11T10:11:33Z,Morning Run,Run,7274.5,4.520165,2151,2346,35.6,116.798,3.381915,7.931127,5.06,159.0,171.0,528.0,true,false,false,false,false,Walkersville,Maryland,United States of America,US
15432203444,2025-08-12,2025-08-12T09:59:01Z,Morning Run,Run,8100.2,5.033231,2445,2675,37.0,121.391,3.312965,8.096191,8.262,160.0,180.0,590.0,true,false,false,false,false,Walkersville,Maryland,United States of America,US
15455408263,2025-08-14,2025-08-14T09:39:56Z,Morning Run,Run,8091.8,5.028011,2472,2516,28.4,93.176,3.273382,8.194094,4.82,163.0,176.0,583.0,true,false,false,false,false,Walkersville,Maryland,United States of America,US
15466875873,2025-08-15,2025-08-15T10:03:38Z,Morning Run,Run,8100.1,5.033169,2476,2637,43.2,141.732,3.271446,8.198944,6.14,161.0,174.0,595.0,true,false,false,false,false,Walkersville,Maryland,United States of America,US
15479522501,2025-08-16,2025-08-16T13:04:45Z,Morning Run,Run,9700.2,6.027425,2922,3255,67.8,222.441,3.319713,8.079736,5.22,166.0,182.0,715.0,true,false,false,false,false,Frederick,Maryland,United States of America,US
15559484036,2025-08-23,2025-08-23T13:09:09Z,"Broken Toes, Grazing Cows, and Rows of Corn",Run,7272.7,4.519046,2173,2417,52.0,170.604,3.346848,8.014228,6.6,169.0,186.0,542.0,true,false,false,false,false,Frederick,Maryland,United States of America,US
15568731034,2025-08-24,2025-08-24T09:55:47Z,Morning Run,Run,6476.0,4.024,1999,2216,30.0,98.425,3.23962,8.27949,4.834,155.0,171.0,470.0,true,false,false,false,false,Walkersville,Maryland,United States of America,US
15579460699,2025-08-25,2025-08-25T09:54:27Z,Morning Run,Run,6495.3,4.035992,2024,2241,28.8,94.488,3.20914,8.358126,4.58,150.0,165.0,472.0,true,false,false,false,false,Walkersville,Maryland,United States of America,US
15609328183,2025-08-27,2025-08-27T10:07:25Z,Morning Run,Run,8111.4,5.04019,2475,2687,36.8,120.735,3.277333,8.184215,5.06,158.0,172.0,587.0,true,false,false,false,false,Walkersville,Maryland,United States of America,US
15635237778,2025-08-29,2025-08-29T09:58:16Z,Morning Run,Run,8092.9,5.028695,2495,2587,38.4,125.984,3.243647,8.26921,6.558,162.0,177.0,590.0,true,false,false,false,false,Walkersville,Maryland,United States of America,US
15638431988,2025-08-30,2025-08-30T13:56:50Z,Morning Run,Run,9703.0,6.029165,2918,3072,44.8,146.982,3.325223,8.066347,9.04,167.0,178.0,713.0,true,false,false,false,false,Walkersville,Maryland,United States of America,US
15659413350,2025-09-01,2025-09-01T13:12:37Z,Monocacy River,Run,6474.0,4.022757,1883,2062,33.2,108.924,3.438131,7.801449,5.32,162.0,178.0,471.0,true,false,false,false,false,Frederick,Maryland,United States of America,US
15693875874,2025-09-04,2025-09-04T10:05:40Z,Morning Run,Run,8092.6,5.028509,2500,2633,38.2,125.328,3.23704,8.286089,5.413,166.0,181.0,594.0,true,false,false,false,false,Walkersville,Maryland,United States of America,US
15705029784,2025-09-05,2025-09-05T10:01:08Z,Morning Run,Run,6486.6,4.030586,2019,2343,31.4,103.018,3.212779,8.348661,7.791,154.0,168.0,466.0,true,false,false,false,false,Walkersville,Maryland,United States of America,US
15717531980,2025-09-06,2025-09-06T13:27:20Z,Before the Snally Hunt,Run,4922.1,3.058451,1550,1693,29.0,95.144,3.175548,8.446541,5.353,157.0,173.0,362.0,false,false,false,false,false,Walkersville,Maryland,United States of America,US
15738773085,2025-09-08,2025-09-08T10:18:41Z,Morning Run or Walk?,Run,6484.6,4.029344,2011,2234,27.0,88.583,3.224565,8.318146,5.5,150.0,161.0,468.0,true,false,false,false,false,Walkersville,Maryland,United States of America,US
15758045255,2025-09-09,2025-09-09T09:50:37Z,Morning Run,Run,7098.9,4.411052,2271,2363,30.4,99.738,3.125892,8.58072,6.36,151.0,163.0,512.0,true,false,false,false,false,Walkersville,Maryland,United States of America,US
15762621247,2025-09-10,2025-09-10T10:06:40Z,Morning Run,Run,6461.2,4.014804,2056,2266,22.4,73.491,3.142607,8.535079,4.1,154.0,165.0,469.0,true,false,false,false,false,Walkersville,Maryland,United States of America,US
15774610606,2025-09-11,2025-09-11T10:07:30Z,Morning Run,Run,6703.2,4.165175,2107,2364,28.8,94.488,3.181395,8.431018,8.99,158.0,174.0,483.0,true,false,false,false,false,Walkersville,Maryland,United States of America,US
15799187909,2025-09-13,2025-09-13T13:06:52Z,Morning Run,Run,4882.8,3.034031,1570,1881,25.4,83.333,3.110064,8.624389,6.447,160.0,174.0,358.0,false,false,false,false,false,Walkersville,Maryland,United States of America,US
15808662086,2025-09-14,2025-09-14T10:23:27Z,Morning Run,Run,7654.4,4.756224,2392,2710,45.6,149.606,3.2,8.382,7.819,153.0,168.0,549.0,true,false,false,false,false,Walkersville,Maryland,United States of America,US
15831736046,2025-09-16,2025-09-16T09:40:05Z,Morning Run,Run,7345.8,4.564469,2356,2444,34.4,112.861,3.117912,8.602681,4.54,156.0,173.0,521.0,true,false,false,false,false,Walkersville,Maryland,United States of America,US
15853952518,2025-09-18,2025-09-18T10:04:13Z,Morning Run,Run,6701.3,4.163995,2131,2357,28.4,93.176,3.144674,8.52947,5.2,157.0,169.0,472.0,true,false,false,false,false,Walkersville,Maryland,United States of America,US
15865568726,2025-09-19,2025-09-19T10:09:43Z,Morning Run,Run,8100.6,5.033479,2542,2770,40.0,131.234,3.186703,8.416974,4.58,160.0,175.0,578.0,true,false,false,false,false,Walkersville,Maryland,United States of America,US
15880393065,2025-09-20,2025-09-20T13:23:27Z,Morning Run,Run,4881.2,3.033037,1537,1743,32.2,105.643,3.175797,8.44588,5.24,163.0,178.0,351.0,false,false,false,false,false,Walkersville,Maryland,United States of America,US
15886989605,2025-09-21,2025-09-21T10:28:35Z,Morning Run,Run,8892.9,5.525792,2825,2885,39.8,130.577,3.147929,8.520649,6.151,159.0,171.0,635.0,true,false,false,false,false,Walkersville,Maryland,United States of America,US
15908415703,2025-09-23,2025-09-23T09:54:49Z,Morning Run,Run,6533.2,4.059542,2107,2216,25.2,82.677,3.100712,8.650401,5.923,154.0,168.0,464.0,true,false,false,false,false,Walkersville,Maryland,United States of America,US
15932101457,2025-09-24,2025-09-24T10:08:05Z,Morning Run,Run,6485.1,4.029654,2067,2070,26.4,86.614,3.137446,8.54912,4.18,160.0,171.0,459.0,true,false,false,false,false,Walkersville,Maryland,United States of America,US
15941847912,2025-09-26,2025-09-26T10:43:23Z,Morning Run,Run,7278.9,4.522899,2281,2325,31.2,102.362,3.1911,8.405376,4.68,172.0,185.0,536.0,true,false,false,false,false,Walkersville,Maryland,United States of America,US
15953377593,2025-09-27,2025-09-27T11:55:56Z,Downtown Frederick and Cows,Run,10320.4,6.412799,3116,3507,74.6,244.751,3.312067,8.098388,5.32,170.0,183.0,745.0,true,true,false,false,false,Frederick,Maryland,United States of America,US
15967236834,2025-09-28,2025-09-28T11:02:15Z,Morning Run,Run,6479.7,4.026299,2030,2284,30.0,98.425,3.19197,8.403085,4.88,155.0,167.0,448.0,true,false,false,false,false,Walkersville,Maryland,United States of America,US
15985664484,2025-09-30,2025-09-30T10:11:49Z,"Morning Walk, err Run",Run,6864.4,4.26534,2164,2328,29.0,95.144,3.172089,8.455753,7.94,160.0,173.0,473.0,true,false,false,false,false,Walkersville,Maryland,United States of America,US
15996581683,2025-10-01,2025-10-01T09:49:07Z,Morning Run,Run,7375.6,4.582985,2323,2437,36.0,118.11,3.175032,8.447914,4.52,161.0,171.0,511.0,true,false,false,false,false,Walkersville,Maryland,United States of America,US
16008587174,2025-10-02,2025-10-02T10:12:19Z,Morning Run,Run,7506.0,4.664012,2370,2513,33.4,109.58,3.167089,8.469103,8.087,159.0,175.0,514.0,true,false,false,false,false,Walkersville,Maryland,United States of America,US
16019239991,2025-10-03,2025-10-03T10:19:04Z,Morning Run,Run,8152.8,5.065915,2570,2933,40.2,131.89,3.172296,8.455202,5.715,156.0,171.0,554.0,true,false,false,false,false,Walkersville,Maryland,United States of America,US
16051810391,2025-10-06,2025-10-06T10:01:21Z,Morning Run,Run,7345.9,4.564531,2351,2440,38.6,126.64,3.124585,8.584307,4.6,152.0,163.0,487.0,true,false,false,false,false,Walkersville,Maryland,United States of America,US
16062195637,2025-10-07,2025-10-07T09:53:32Z,Morning Run,Run,6585.9,4.092289,2074,2289,30.2,99.081,3.175458,8.446781,6.06,156.0,169.0,435.0,true,false,false,false,false,Walkersville,Maryland,United States of America,US
16084897495,2025-10-09,2025-10-09T09:53:46Z,Featured Podcast: Talk Python #522,Run,6862.5,4.26416,2139,2248,40.6,133.202,3.208275,8.360381,5.36,162.0,174.0,470.0,true,false,false,false,false,Walkersville,Maryland,United States of America,US
16104870456,2025-10-11,2025-10-11T09:25:19Z,Featured Podcast: The Test Set  #7,Run,7434.9,4.619833,2316,2467,35.0,114.829,3.210233,8.355281,6.04,162.0,174.0,509.0,true,false,false,false,false,Walkersville,Maryland,United States of America,US
16190043416,2025-10-19,2025-10-19T10:14:40Z,Back from Dollywood,Run,6493.0,4.034563,2067,2160,20.0,65.617,3.141268,8.538719,4.292,156.0,171.0,449.0,true,false,false,false,false,Walkersville,Maryland,United States of America,US
16199653907,2025-10-20,2025-10-20T10:02:32Z,Podcast: Syntax #943,Run,6490.0,4.032699,2069,2184,33.0,108.268,3.136781,8.550932,5.953,156.0,166.0,449.0,true,false,false,false,false,Walkersville,Maryland,United States of America,US
16209730019,2025-10-21,2025-10-21T09:55:35Z,Podcast: The Test Set by Posit #8,Run,6990.7,4.34382,2266,2412,41.2,135.171,3.08504,8.694345,5.035,151.0,161.0,486.0,true,false,false,false,false,Walkersville,Maryland,United States of America,US
16240929079,2025-10-24,2025-10-24T10:02:25Z,Morning Run,Run,8098.9,5.032423,2634,2921,38.2,125.328,3.074753,8.723432,5.377,154.0,170.0,564.0,true,false,false,false,false,Walkersville,Maryland,United States of America,US
16252838571,2025-10-25,2025-10-25T13:14:00Z,Run before Cryptid Halloween IV @ Cushwa Brewing,Run,10478.4,6.510976,3221,3421,74.2,243.438,3.253151,8.245052,4.38,165.0,177.0,741.0,true,true,false,false,false,Frederick,Maryland,United States of America,US
16270777352,2025-10-27,2025-10-27T10:07:06Z,Morning Run,Run,8113.9,5.041744,2572,2652,40.2,131.89,3.154705,8.502349,4.68,155.0,166.0,572.0,true,false,false,false,false,Walkersville,Maryland,United States of America,US
16281793652,2025-10-28,2025-10-28T10:00:02Z,Morning Run,Run,6476.0,4.024,2062,2146,23.8,78.084,3.14064,8.540424,4.673,154.0,168.0,451.0,true,false,false,false,false,Walkersville,Maryland,United States of America,US
16292418840,2025-10-29,2025-10-29T10:08:06Z,Morning Run,Run,8106.2,5.036959,2576,2763,42.0,137.795,3.146817,8.523661,4.587,155.0,167.0,568.0,true,false,false,false,false,Walkersville,Maryland,United States of America,US
16311795363,2025-10-31,2025-10-31T10:07:10Z,Halloween Graveyard Run,Run,8094.7,5.029813,2654,2665,70.2,230.315,3.05,8.79423,4.52,155.0,170.0,570.0,true,false,false,false,false,Walkersville,Maryland,United States of America,US
16341003331,2025-11-03,2025-11-03T11:18:58Z,Locked into the park 😬,Run,8083.4,5.022792,2624,2950,44.6,146.325,3.080564,8.706977,6.556,154.0,168.0,566.0,true,false,false,false,false,Walkersville,Maryland,United States of America,US
16373238805,2025-11-06,2025-11-06T12:00:25Z,"Podcast:  The Test Set #9 - James Blair: Part 1 Portfolios, practice, and staying curious",Run,4901.7,3.045775,1514,1517,24.8,81.365,3.237583,8.2847,4.38,160.0,169.0,346.0,false,false,false,false,false,Walkersville,Maryland,United States of America,US
16384037904,2025-11-07,2025-11-07T11:40:33Z,Morning Run,Run,6627.4,4.118075,2087,2217,35.8,117.454,3.175563,8.446502,5.573,160.0,173.0,463.0,true,false,false,false,false,Walkersville,Maryland,United States of America,US
16413596761,2025-11-10,2025-11-10T11:05:50Z,Morning Run,Run,8211.4,5.102327,2599,2795,41.4,135.827,3.159446,8.48959,5.055,154.0,171.0,571.0,true,false,false,false,false,Walkersville,Maryland,United States of America,US
16429531123,2025-11-11,2025-11-11T11:02:35Z,Morning Run,Run,6540.6,4.06414,2071,2239,36.0,118.11,3.158184,8.492981,4.533,157.0,178.0,458.0,true,false,false,false,false,Walkersville,Maryland,United States of America,US
16435696810,2025-11-12,2025-11-12T11:11:53Z,Morning Run,Run,7301.9,4.53719,2325,2406,25.8,84.646,3.140602,8.540528,5.285,154.0,169.0,506.0,true,false,false,false,false,Walkersville,Maryland,United States of America,US
16455938039,2025-11-14,2025-11-14T11:07:17Z,Morning Run,Run,8983.3,5.581964,2869,2933,37.6,123.36,3.131161,8.56628,4.5,154.0,171.0,626.0,true,false,false,false,false,Walkersville,Maryland,United States of America,US
16475647885,2025-11-16,2025-11-16T11:16:29Z,Running off Cupcakes,Run,11294.0,7.017766,3551,3854,69.8,229.003,3.180513,8.433358,5.173,157.0,167.0,798.0,true,true,false,false,false,Walkersville,Maryland,United States of America,US
16493891746,2025-11-18,2025-11-18T10:51:17Z,Morning Run,Run,7622.6,4.736464,2404,2524,31.8,104.331,3.170799,8.459194,7.943,153.0,170.0,533.0,true,false,false,false,false,Walkersville,Maryland,United States of America,US
16504610855,2025-11-19,2025-11-19T11:31:11Z,Morning Run,Run,8303.8,5.159742,2593,2764,138.8,455.381,3.202391,8.375742,4.578,156.0,169.0,578.0,true,false,false,false,false,Walkersville,Maryland,United States of America,US
16519117002,2025-11-20,2025-11-20T11:07:13Z,Morning Run,Run,8142.3,5.059391,2652,2822,38.8,127.297,3.070249,8.73623,4.533,140.0,165.0,568.0,true,false,false,false,false,Walkersville,Maryland,United States of America,US
16543310394,2025-11-23,2025-11-23T11:18:00Z,Israels Creek Meeting House Cemetery,Run,13048.1,8.107713,4124,4707,73.8,242.126,3.163943,8.477524,5.4,162.0,175.0,919.0,true,true,false,false,false,Walkersville,Maryland,United States of America,US
16561852430,2025-11-25,2025-11-25T11:27:26Z,Morning Run,Run,8164.8,5.073372,2630,2817,44.6,146.325,3.104487,8.639882,5.48,163.0,177.0,578.0,true,false,false,false,false,Walkersville,Maryland,United States of America,US
16583554518,2025-11-27,2025-11-27T14:22:17Z,One Man Turkey Trot 🦃,Run,8949.8,5.561148,2813,3186,44.2,145.013,3.181585,8.430514,10.697,162.0,174.0,629.0,true,false,false,false,false,Walkersville,Maryland,United States of America,US
16601897686,2025-11-29,2025-11-29T14:11:26Z,Sailing Through The Winter Solstice,Run,10710.9,6.655445,3266,3386,66.2,217.192,3.279516,8.178767,5.54,167.0,179.0,770.0,true,true,false,false,false,Frederick,Maryland,United States of America,US
16613826746,2025-11-30,2025-11-30T20:01:31Z,Running off Pumpkin Pie,Run,7354.0,4.569564,2351,2446,43.2,141.732,3.128031,8.574852,4.56,161.0,172.0,523.0,true,false,false,false,false,Walkersville,Maryland,United States of America,US
16642528962,2025-12-03,2025-12-03T11:56:38Z,Morning Run,Run,6705.4,4.166542,2130,2393,30.2,99.081,3.148075,8.520254,4.84,157.0,173.0,470.0,true,false,false,false,false,Walkersville,Maryland,United States of America,US
16684593699,2025-12-08,2025-12-08T12:03:49Z,Morning Run,Run,8561.5,5.319869,2744,2895,48.2,158.136,3.12008,8.596702,6.763,156.0,165.0,599.0,true,false,false,false,false,Walkersville,Maryland,United States of America,US
16703410998,2025-12-10,2025-12-10T11:56:18Z,Morning Run,Run,8097.4,5.031491,2613,2908,47.8,156.824,3.09889,8.655486,8.82,160.0,175.0,568.0,true,false,false,false,false,Walkersville,Maryland,United States of America,US
16734817548,2025-12-11,2025-12-11T11:30:57Z,Morning Run,Run,8315.9,5.167261,2663,2812,57.8,189.633,3.122756,8.589335,4.84,160.0,172.0,584.0,true,false,false,false,false,Walkersville,Maryland,United States of America,US
16726406219,2025-12-12,2025-12-12T12:00:38Z,Morning Run,Run,8146.4,5.061938,2628,2716,45.0,147.638,3.099848,8.652812,4.16,159.0,171.0,569.0,true,false,false,false,false,Walkersville,Maryland,United States of America,US
16732598758,2025-12-13,2025-12-13T14:36:41Z,Morning Run,Run,10224.3,6.353085,3151,3802,56.8,186.352,3.244779,8.266325,6.79,158.0,175.0,728.0,true,true,false,false,false,Walkersville,Maryland,United States of America,US
16768966943,2025-12-17,2025-12-17T12:13:16Z,Morning Run,Run,8361.7,5.195719,2762,2975,123.8,406.168,3.027408,8.859857,7.074,153.0,167.0,590.0,true,false,false,false,false,Walkersville,Maryland,United States of America,US
16776353302,2025-12-18,2025-12-18T11:52:26Z,Morning Run,Run,8166.2,5.074241,2631,2772,50.0,164.042,3.103839,8.641686,5.796,158.0,173.0,574.0,true,false,false,false,false,Walkersville,Maryland,United States of America,US
16793773792,2025-12-20,2025-12-20T12:58:07Z,Morning Run,Run,11383.1,7.07313,3536,3751,70.4,230.971,3.219202,8.332002,5.8,159.0,173.0,808.0,true,true,false,false,false,Walkersville,Maryland,United States of America,US
16812325863,2025-12-22,2025-12-22T14:21:02Z,Morning Run,Run,10487.3,6.516506,3323,3609,76.4,250.656,3.155974,8.498931,5.869,153.0,166.0,746.0,true,true,false,false,false,Frederick,Maryland,United States of America,US
16821517259,2025-12-23,2025-12-23T14:23:46Z,Morning Run,Run,9907.6,6.156297,3066,3154,94.8,311.024,3.231442,8.300444,4.38,158.0,167.0,708.0,true,false,false,false,false,Frederick,Maryland,United States of America,US
16855864156,2025-12-27,2025-12-27T15:01:24Z,Morning Run,Run,8468.4,5.26202,2628,2710,44.6,146.325,3.222374,8.3238,5.433,162.0,176.0,600.0,true,false,false,false,false,Walkersville,Maryland,United States of America,US
16915935930,2026-01-02,2026-01-02T11:53:50Z,Morning Run,Run,6863.9,4.26503,2223,2579,43.8,143.701,3.087674,8.686927,4.58,151.0,166.0,478.0,true,false,false,false,false,Walkersville,Maryland,United States of America,US
16926472304,2026-01-03,2026-01-03T15:14:05Z,Morning Run,Run,10036.3,6.236268,3252,3712,86.0,282.152,3.086193,8.691096,6.52,154.0,168.0,712.0,true,true,false,false,false,Frederick,Maryland,United States of America,US
16956264850,2026-01-06,2026-01-06T11:47:50Z,Morning Run,Run,8882.0,5.519019,2814,2935,45.6,149.606,3.156361,8.497887,4.786,160.0,173.0,623.0,true,false,false,false,false,Walkersville,Maryland,United States of America,US
16967894557,2026-01-07,2026-01-07T11:52:27Z,Morning Run,Run,9699.2,6.026803,3042,3308,61.0,200.131,3.188429,8.41242,6.482,157.0,173.0,688.0,true,false,false,false,false,Walkersville,Maryland,United States of America,US
16979288749,2026-01-08,2026-01-08T12:00:19Z,Morning Run,Run,9707.9,6.032209,3126,3298,72.2,236.877,3.105534,8.636968,5.588,154.0,165.0,677.0,true,false,false,false,false,Walkersville,Maryland,United States of America,US
17017177729,2026-01-11,2026-01-11T13:58:38Z,Morning Run,Run,7486.2,4.651709,2384,2979,50.8,166.667,3.140185,8.541664,10.975,153.0,166.0,529.0,true,false,false,false,false,Walkersville,Maryland,United States of America,US
17023066571,2026-01-12,2026-01-12T12:05:20Z,Morning Run,Run,7274.2,4.519978,2367,2375,42.2,138.451,3.073173,8.727918,4.66,153.0,163.0,512.0,true,false,false,false,false,Walkersville,Maryland,United States of America,US
17052084233,2026-01-14,2026-01-14T11:44:22Z,Morning Run,Run,9695.2,6.024318,3090,3348,65.0,213.255,3.137605,8.548686,4.647,152.0,168.0,677.0,true,false,false,false,false,Walkersville,Maryland,United States of America,US
17061335181,2026-01-15,2026-01-15T11:52:15Z,Morning Run,Run,9692.3,6.022516,3079,3083,48.8,160.105,3.147873,8.520802,4.22,153.0,164.0,678.0,true,false,false,false,false,Walkersville,Maryland,United States of America,US
17069498249,2026-01-16,2026-01-16T11:42:14Z,Morning Run,Run,9695.9,6.024753,3115,3188,53.6,175.853,3.112648,8.617227,4.34,153.0,168.0,684.0,true,false,false,false,false,Walkersville,Maryland,United States of America,US
17128044777,2026-01-21,2026-01-21T11:53:04Z,Morning Run,Run,10091.4,6.270505,3057,3061,49.6,162.73,3.301079,8.125342,4.3,162.0,172.0,725.0,true,true,false,false,false,Walkersville,Maryland,United States of America,US
17143725190,2026-01-22,2026-01-22T12:03:19Z,Morning Run,Run,9804.1,6.091985,3016,3037,52.0,170.604,3.250696,8.251278,4.22,165.0,176.0,703.0,true,false,false,false,false,Walkersville,Maryland,United States of America,US
17162358842,2026-01-24,2026-01-24T14:07:33Z,Morning Run,Run,10696.3,6.646373,3266,3422,82.8,271.654,3.275046,8.189931,4.197,,,783.0,true,true,false,false,false,Frederick,Maryland,United States of America,US
17362300429,2026-02-11,2026-02-11T11:57:31Z,Morning Run,Run,9070.8,5.636334,2854,2962,49.6,162.73,3.178276,8.439292,4.32,170.0,182.0,659.0,true,false,false,false,false,Walkersville,Maryland,United States of America,US
17383914654,2026-02-13,2026-02-13T12:05:57Z,Morning Run,Run,8074.2,5.017075,2615,2630,46.2,151.575,3.087648,8.687,4.18,161.0,173.0,590.0,true,false,false,false,false,Walkersville,Maryland,United States of America,US
17408989514,2026-02-15,2026-02-15T14:35:13Z,Morning Run,Run,10078.4,6.262427,3107,3227,45.6,149.606,3.243772,8.268892,5.793,164.0,174.0,726.0,true,true,false,false,false,Walkersville,Maryland,United States of America,US
17418727731,2026-02-16,2026-02-16T14:19:18Z,Fly to the Airport,Run,9699.0,6.026679,2937,3222,84.2,276.247,3.302349,8.122218,6.72,162.0,175.0,711.0,true,false,false,false,false,Frederick,Maryland,United States of America,US
17449014793,2026-02-18,2026-02-18T11:39:28Z,Morning Run,Run,9700.6,6.027673,2987,3016,51.6,169.291,3.247606,8.259129,4.7,164.0,177.0,703.0,true,false,false,false,false,Walkersville,Maryland,United States of America,US
17451800188,2026-02-19,2026-02-19T11:45:47Z,Morning Run,Run,8453.9,5.25301,2598,2683,36.0,118.11,3.254003,8.242893,6.73,162.0,173.0,611.0,true,false,false,false,false,Walkersville,Maryland,United States of America,US
17472971815,2026-02-21,2026-02-21T12:57:08Z,Morning Run,Run,9728.7,6.045134,2917,3098,65.0,213.255,3.335173,8.042281,9.946,165.0,178.0,714.0,true,false,false,false,false,Frederick,Maryland,United States of America,US
17525148687,2026-02-25,2026-02-25T11:33:46Z,Morning Run,Run,9705.9,6.030967,2959,3177,64.0,209.974,3.280128,8.177241,7.827,164.0,177.0,690.0,true,false,false,false,false,Walkersville,Maryland,United States of America,US
17530800901,2026-02-26,2026-02-26T11:56:47Z,Morning Run,Run,9834.4,6.110813,3028,3166,61.2,200.787,3.24782,8.258585,4.44,162.0,174.0,697.0,true,false,false,false,false,Walkersville,Maryland,United States of America,US
17541116298,2026-02-27,2026-02-27T12:12:23Z,Morning Run,Run,8868.9,5.510879,2676,2861,48.4,158.793,3.314238,8.093083,7.411,160.0,172.0,633.0,true,false,false,false,false,Walkersville,Maryland,United States of America,US
17555459149,2026-02-28,2026-02-28T13:01:31Z,Morning Run,Run,9794.2,6.085834,2868,2976,79.4,260.499,3.414993,7.854306,6.2,166.0,178.0,719.0,true,false,false,false,false,Frederick,Maryland,United States of America,US
17574410923,2026-03-01,2026-03-01T13:35:19Z,Morning Run,Run,6488.1,4.031518,2263,2826,132.2,433.727,2.867035,9.355449,9.745,156.0,172.0,457.0,true,false,false,false,false,Walkersville,Maryland,United States of America,US
17575503551,2026-03-02,2026-03-02T11:42:04Z,Morning Run,Run,9705.5,6.030718,2972,3153,51.2,167.979,3.265646,8.213505,7.93,154.0,169.0,689.0,true,false,false,false,false,Walkersville,Maryland,United States of America,US
17669787298,2026-03-09,2026-03-09T11:02:15Z,Morning Run,Run,9734.2,6.048551,3029,3275,57.8,189.633,3.213668,8.346351,9.464,154.0,169.0,694.0,true,false,false,false,false,Walkersville,Maryland,United States of America,US
17670703581,2026-03-10,2026-03-10T09:45:47Z,Morning Run,Run,8396.0,5.217033,2655,2745,35.4,116.142,3.162335,8.481833,5.7,157.0,175.0,588.0,true,false,false,false,false,Walkersville,Maryland,United States of America,US
17683836585,2026-03-11,2026-03-11T10:20:23Z,Morning Run,Run,9750.3,6.058556,3045,3195,50.6,166.01,3.202069,8.376584,4.993,157.0,170.0,691.0,true,false,false,false,false,Walkersville,Maryland,United States of America,US
17718972805,2026-03-14,2026-03-14T12:03:54Z,Morning Run,Run,7393.3,4.593984,2275,2388,49.6,162.73,3.249802,8.253548,4.26,148.0,167.0,525.0,true,false,false,false,false,Walkersville,Maryland,United States of America,US
17742783588,2026-03-16,2026-03-16T11:30:47Z,Morning Run,Run,9679.4,6.0145,2994,3204,63.6,208.661,3.232933,8.296616,8.163,161.0,175.0,697.0,true,false,false,false,false,Walkersville,Maryland,United States of America,US
17777314069,2026-03-18,2026-03-18T11:05:59Z,Morning Run,Run,9901.2,6.15232,3169,3404,59.4,194.882,3.124393,8.584837,5.58,158.0,171.0,715.0,true,false,false,false,false,Walkersville,Maryland,United States of America,US
17778769956,2026-03-19,2026-03-19T11:10:16Z,Morning Run,Run,9766.4,6.06856,3173,3289,54.0,177.165,3.07797,8.714314,7.103,153.0,164.0,694.0,true,false,false,false,false,Walkersville,Maryland,United States of America,US
17796892328,2026-03-20,2026-03-20T11:17:49Z,Morning Run,Run,6686.9,4.155047,2125,2234,26.2,85.958,3.146776,8.52377,12.27,151.0,164.0,474.0,true,false,false,false,false,Walkersville,Maryland,United States of America,US
17818034044,2026-03-22,2026-03-22T13:36:20Z,Morning Run,Run,8102.7,5.034784,2532,2613,49.6,162.73,3.200118,8.38169,4.12,158.0,170.0,589.0,true,false,false,false,false,Walkersville,Maryland,United States of America,US
17841231855,2026-03-24,2026-03-24T14:01:44Z,Monterey Shore Run,Run,6462.8,4.015798,2209,2217,29.0,95.144,2.925668,9.167958,4.32,160.0,170.0,470.0,true,false,false,false,false,Seaside-Monterey,California,United States of America,US
17866802013,2026-03-26,2026-03-26T13:43:24Z,Asilomar Half Marathon,Run,21128.4,13.128579,6297,6517,125.8,412.73,3.355312,7.994011,4.74,173.0,184.0,1531.0,true,true,true,false,false,Seaside-Monterey,California,United States of America,US
17901855267,2026-03-29,2026-03-29T11:36:24Z,Morning Run,Run,8489.6,5.275193,2708,3436,56.0,183.727,3.135007,8.555769,9.146,153.0,165.0,595.0,true,false,false,false,false,Walkersville,Maryland,United States of America,US
17913928650,2026-03-30,2026-03-30T10:59:24Z,Morning Run,Run,8470.7,5.263449,2648,2850,137.8,452.1,3.198905,8.38487,8.97,152.0,165.0,593.0,true,false,false,false,false,Walkersville,Maryland,United States of America,US
17938740667,2026-04-01,2026-04-01T11:10:27Z,Morning Run,Run,8089.0,5.026272,2537,2877,50.2,164.698,3.188412,8.412465,5.86,155.0,171.0,567.0,true,false,false,false,false,Walkersville,Maryland,United States of America,US
17957190602,2026-04-02,2026-04-02T11:09:19Z,Morning Run,Run,9696.6,6.025188,2985,3177,148.4,486.877,3.248442,8.257004,11.688,162.0,173.0,681.0,true,false,false,false,false,Walkersville,Maryland,United States of America,US
17981004540,2026-04-03,2026-04-03T11:03:51Z,Morning Run,Run,6475.3,4.023565,2027,2215,38.8,127.297,3.194524,8.396368,4.14,150.0,164.0,454.0,true,false,false,false,false,Walkersville,Maryland,United States of America,US
17981004543,2026-04-04,2026-04-04T13:10:05Z,Morning Run,Run,9696.0,6.024815,2915,2966,84.2,276.247,3.326244,8.063871,7.727,166.0,179.0,705.0,true,false,false,false,false,Frederick,Maryland,United States of America,US
18000152378,2026-04-06,2026-04-06T11:12:44Z,Morning Run,Run,10499.4,6.524025,3222,3492,68.8,225.722,3.258659,8.231115,4.493,152.0,168.0,739.0,true,true,false,false,false,Walkersville,Maryland,United States of America,US
18042671797,2026-04-08,2026-04-08T11:10:39Z,Morning Run,Run,9709.4,6.033141,3094,3406,55.0,180.446,3.138138,8.547233,11.17,148.0,166.0,676.0,true,false,false,false,false,Walkersville,Maryland,United States of America,US
18041828022,2026-04-09,2026-04-09T11:05:04Z,Morning Run,Run,10220.8,6.350911,3198,3556,63.8,209.318,3.195997,8.392497,9.289,151.0,166.0,723.0,true,true,false,false,false,Walkersville,Maryland,United States of America,US
18058419881,2026-04-10,2026-04-10T11:14:15Z,Morning Run,Run,8182.4,5.084308,2572,2795,49.4,162.073,3.181337,8.431171,5.2,152.0,165.0,574.0,true,false,false,false,false,Walkersville,Maryland,United States of America,US
18076908146,2026-04-11,2026-04-11T11:01:46Z,Morning Run,Run,8106.5,5.037146,2558,2907,50.4,165.354,3.169077,8.463788,5.878,151.0,165.0,570.0,true,false,false,false,false,Walkersville,Maryland,United States of America,US
18164013382,2026-04-18,2026-04-18T13:10:50Z,Morning Run,Run,8142.0,5.059204,2491,2787,94.2,309.055,3.268567,8.206165,6.487,168.0,187.0,601.0,true,false,false,false,false,Frederick,Maryland,United States of America,US
18184881048,2026-04-20,2026-04-20T13:19:49Z,Morning Run,Run,10553.7,6.557765,3178,3295,81.0,265.748,3.320862,8.076939,4.074,,,751.0,true,true,false,false,false,Frederick,Maryland,United States of America,US
18196933437,2026-04-21,2026-04-21T09:47:46Z,Morning Run,Run,7574.9,4.706825,2459,2677,40.8,133.858,3.08048,8.707215,8.228,148.0,164.0,529.0,true,false,false,false,false,Walkersville,Maryland,United States of America,US
18210750852,2026-04-22,2026-04-22T10:46:30Z,Morning Run,Run,8978.6,5.579043,2823,3065,53.0,173.885,3.180517,8.433345,5.977,154.0,166.0,633.0,true,false,false,false,false,Walkersville,Maryland,United States of America,US
18308677047,2026-04-24,2026-04-24T10:38:23Z,Morning Run,Run,9702.3,6.02873,3029,3138,51.8,169.948,3.203136,8.373793,4.38,159.0,176.0,687.0,true,false,false,false,false,Walkersville,Maryland,United States of America,US
18264719210,2026-04-26,2026-04-26T10:43:40Z,Run to shake out the nerves before my BSides Charm talk.,Run,6549.6,4.069733,2021,2037,29.6,97.113,3.240772,8.276547,4.34,156.0,163.0,464.0,true,false,false,false,false,Walkersville,Maryland,United States of America,US
18277712838,2026-04-27,2026-04-27T11:02:58Z,Morning Run,Run,9712.8,6.035254,3022,3150,46.8,153.543,3.21403,8.345409,6.34,155.0,169.0,680.0,true,false,false,false,false,Walkersville,Maryland,United States of America,US
18308676740,2026-04-29,2026-04-29T10:31:38Z,Morning Run,Run,9835.0,6.111186,3001,3191,51.4,168.635,3.277241,8.184446,4.7,151.0,181.0,689.0,true,false,false,false,false,Walkersville,Maryland,United States of America,US
18318064059,2026-04-30,2026-04-30T10:40:51Z,Morning Run,Run,8093.8,5.029254,2543,2644,41.6,136.483,3.182776,8.42736,4.28,159.0,168.0,570.0,true,false,false,false,false,Walkersville,Maryland,United States of America,US
18332007419,2026-05-01,2026-05-01T10:51:02Z,Morning Run,Run,9711.7,6.034571,3039,3295,63.0,206.693,3.195689,8.393306,8.145,157.0,169.0,679.0,true,false,false,false,false,Walkersville,Maryland,United States of America,US
18344831585,2026-05-02,2026-05-02T10:40:35Z,Morning Run,Run,6478.9,4.025802,2025,2276,33.2,108.924,3.199457,8.383423,5.349,156.0,170.0,451.0,true,false,false,false,false,Walkersville,Maryland,United States of America,US
18371073192,2026-05-04,2026-05-04T10:55:34Z,Morning Run,Run,9682.8,6.016613,3057,3198,48.2,158.136,3.167419,8.46822,7.54,153.0,166.0,675.0,true,false,false,false,false,Walkersville,Maryland,United States of America,US
18652844793,2026-05-05,2026-05-05T10:38:41Z,Morning Run,Run,9710.7,6.033949,3008,3170,47.0,154.199,3.228291,8.308544,7.15,159.0,173.0,675.0,true,false,false,false,false,Walkersville,Maryland,United States of America,US
18426846444,2026-05-08,2026-05-08T10:43:13Z,Morning Run,Run,10000.7,6.214147,3105,3222,44.8,146.982,3.220837,8.327772,5.52,161.0,173.0,697.0,true,true,false,false,false,Walkersville,Maryland,United States of America,US
18439316176,2026-05-09,2026-05-09T10:31:33Z,Morning Run,Run,9758.3,6.063527,3063,3569,53.4,175.197,3.185864,8.419193,6.514,152.0,162.0,682.0,true,false,false,false,false,Walkersville,Maryland,United States of America,US
18463558243,2026-05-11,2026-05-11T10:35:33Z,Morning Run,Run,9830.3,6.108265,3038,3144,46.2,151.575,3.23578,8.289315,6.177,152.0,169.0,689.0,true,false,false,false,false,Walkersville,Maryland,United States of America,US
18553574251,2026-05-18,2026-05-18T10:44:13Z,Morning Run before Flight,Run,6448.6,4.006974,1980,2257,26.8,87.927,3.256869,8.235641,7.925,160.0,174.0,454.0,true,false,false,false,false,Walkersville,Maryland,United States of America,US
18567378604,2026-05-19,2026-05-19T10:12:58Z,Boston Harbor Run,Run,11494.4,7.142289,3355,3594,29.0,95.144,3.426051,7.828956,5.52,183.0,196.0,841.0,true,true,false,false,false,Boston,Massachusetts,United States of America,US
18580149323,2026-05-20,2026-05-20T09:32:37Z,Boston Harbor Day 2,Run,12931.7,8.035386,3858,4258,70.4,230.971,3.351918,8.002105,8.06,170.0,187.0,930.0,true,true,false,false,false,Boston,Massachusetts,United States of America,US
18594124231,2026-05-21,2026-05-21T09:18:01Z,Boston Run Day 3,Run,11318.7,7.033114,3370,3743,71.4,234.252,3.358665,7.986031,6.41,167.0,181.0,762.0,true,true,false,false,false,Boston,Massachusetts,United States of America,US
18648793474,2026-05-24,2026-05-24T11:29:07Z,Morning Run,Run,8093.1,5.028819,2431,2620,43.0,141.076,3.329124,8.056895,6.14,157.0,172.0,542.0,true,false,false,false,false,Walkersville,Maryland,United States of America,US
18648793557,2026-05-25,2026-05-25T13:10:08Z,Morning Run,Run,10062.7,6.252672,3042,3239,83.8,274.934,3.307922,8.108534,5.08,159.0,174.0,683.0,true,true,false,false,false,Frederick,Maryland,United States of America,US
18667091279,2026-05-26,2026-05-26T10:57:20Z,Morning Run,Run,8877.1,5.515974,2737,2950,45.4,148.95,3.243369,8.26992,5.986,160.0,172.0,594.0,true,false,false,false,false,Walkersville,Maryland,United States of America,US
18694666067,2026-05-28,2026-05-28T10:24:16Z,Morning Run,Run,9855.9,6.124172,3033,3135,50.4,165.354,3.249555,8.254177,6.12,159.0,171.0,662.0,true,false,false,false,false,Walkersville,Maryland,United States of America,US
18719310574,2026-05-30,2026-05-30T13:20:12Z,Morning Run,Run,8870.6,5.511935,2784,2896,54.0,177.165,3.186279,8.418096,4.54,156.0,169.0,635.0,true,false,false,false,false,Walkersville,Maryland,United States of America,US
18728707619,2026-05-31,2026-05-31T10:32:17Z,Morning Run,Run,9717.6,6.038237,2997,3139,53.2,174.541,3.242442,8.272283,5.741,153.0,166.0,682.0,true,false,false,false,false,Walkersville,Maryland,United States of America,US
18747236821,2026-06-01,2026-06-01T10:40:38Z,Morning Run,Run,9698.9,6.026617,2942,3101,51.4,168.635,3.296703,8.136129,5.228,156.0,175.0,686.0,true,false,false,false,false,Walkersville,Maryland,United States of America,US
18768771393,2026-06-03,2026-06-03T09:40:34Z,Morning Run,Run,9727.6,6.04445,2906,3060,52.2,171.26,3.347419,8.01286,4.96,162.0,177.0,685.0,true,false,false,false,false,Walkersville,Maryland,United States of America,US
18803184622,2026-06-05,2026-06-05T09:49:47Z,Morning Run,Run,9694.4,6.023821,2969,3064,137.8,452.1,3.265207,8.214609,4.34,161.0,172.0,687.0,true,false,false,false,false,Walkersville,Maryland,United States of America,US
18811238731,2026-06-06,2026-06-06T13:15:13Z,Morning Run,Run,10498.0,6.523155,3131,3367,93.8,307.743,3.352922,7.999708,5.56,169.0,188.0,748.0,true,true,false,false,false,Frederick,Maryland,United States of America,US
18835027765,2026-06-08,2026-06-08T09:22:45Z,Morning Run,Run,9714.1,6.036062,2866,3137,62.6,205.381,3.389428,7.913548,6.422,164.0,177.0,673.0,true,false,false,false,false,Walkersville,Maryland,United States of America,US
18849525125,2026-06-09,2026-06-09T09:33:58Z,Morning Run,Run,9695.1,6.024256,2912,3020,49.4,162.073,3.329361,8.05632,5.763,164.0,176.0,675.0,true,false,false,false,false,Walkersville,Maryland,United States of America,US
18873642443,2026-06-10,2026-06-10T09:28:55Z,Morning Run,Run,6512.9,4.046928,1997,2169,25.0,82.021,3.261342,8.224344,6.69,161.0,177.0,457.0,true,false,false,false,false,Walkersville,Maryland,United States of America,US
18876596704,2026-06-11,2026-06-11T09:34:12Z,Morning Run,Run,9692.8,6.022827,2927,3186,56.2,184.383,3.311513,8.099741,6.9,161.0,178.0,674.0,true,false,false,false,false,Walkersville,Maryland,United States of America,US
18914914619,2026-06-13,2026-06-13T23:30:08Z,Frederick Summer Solstice 8K,Run,8072.0,5.015708,2152,2156,25.0,82.021,3.750929,7.150868,5.16,184.0,192.0,561.0,true,false,false,false,false,Walkersville,Maryland,United States of America,US
18950890009,2026-06-16,2026-06-16T09:30:06Z,Morning Run,Run,9700.2,6.027425,2851,3090,51.6,169.291,3.402385,7.883411,9.656,160.0,176.0,665.0,true,false,false,false,false,Walkersville,Maryland,United States of America,US
18961248614,2026-06-17,2026-06-17T09:33:23Z,Morning Run,Run,9734.8,6.048924,2893,3113,51.6,169.291,3.36495,7.971114,6.58,159.0,171.0,670.0,true,false,false,false,false,Walkersville,Maryland,United States of America,US
18985044244,2026-06-19,2026-06-19T13:18:37Z,Morning Run,Run,10094.5,6.272432,2931,3206,78.4,257.218,3.444046,7.788048,5.483,167.0,182.0,707.0,true,true,false,false,false,Frederick,Maryland,United States of America,US
19001400982,2026-06-20,2026-06-20T13:16:47Z,Morning Run,Run,6689.1,4.156414,1880,2032,29.4,96.457,3.558032,7.53855,5.42,164.0,182.0,462.0,true,false,false,false,false,Frederick,Maryland,United States of America,US
19020634893,2026-06-22,2026-06-22T09:37:02Z,Morning Run,Run,9919.7,6.163816,2934,3097,55.6,182.415,3.380948,7.933397,5.42,155.0,169.0,688.0,true,false,false,false,false,Walkersville,Maryland,United States of America,US
19048167110,2026-06-24,2026-06-24T09:30:10Z,Morning Run,Run,9920.9,6.164561,2938,3089,45.6,149.606,3.376753,7.943252,5.542,154.0,168.0,681.0,true,false,false,false,false,Walkersville,Maryland,United States of America,US
19060536520,2026-06-25,2026-06-25T09:27:50Z,Morning Run,Run,10081.1,6.264105,3022,3084,42.8,140.42,3.335903,8.040521,4.929,152.0,170.0,694.0,true,true,false,false,false,Walkersville,Maryland,United States of America,US
19086705785,2026-06-27,2026-06-27T09:16:45Z,Morning Run,Run,4870.7,3.026513,1500,1504,14.2,46.588,3.247133,8.260332,4.12,153.0,162.0,333.0,false,false,false,false,false,Walkersville,Maryland,United States of America,US
19112413920,2026-06-29,2026-06-29T10:32:23Z,Morning Run,Run,6588.0,4.093593,2010,2392,35.6,116.798,3.277612,8.183519,5.515,159.0,175.0,456.0,true,false,false,false,false,Walkersville,Maryland,United States of America,US
19137805983,2026-07-01,2026-07-01T09:43:45Z,Morning Run,Run,8089.3,5.026458,2490,2852,49.2,161.417,3.248715,8.256311,6.467,153.0,168.0,555.0,true,false,false,false,false,Walkersville,Maryland,United States of America,US
19187736739,2026-07-05,2026-07-05T09:47:44Z,Morning Run,Run,9505.5,5.906444,2936,3663,57.0,187.008,3.237568,8.284737,5.542,151.0,167.0,660.0,true,false,false,false,false,Walkersville,Maryland,United States of America,US
19199534434,2026-07-06,2026-07-06T09:34:36Z,Morning Run,Run,9825.9,6.105531,2948,3240,44.4,145.669,3.333073,8.047348,4.84,155.0,171.0,683.0,true,false,false,false,false,Walkersville,Maryland,United States of America,US
19234548073,2026-07-08,2026-07-08T09:36:15Z,Morning Run,Run,9909.9,6.157726,3030,3530,66.2,217.192,3.270594,8.201079,6.465,156.0,173.0,693.0,true,false,false,false,false,Walkersville,Maryland,United States of America,US
19273535880,2026-07-09,2026-07-09T09:27:43Z,Morning Run,Run,9713.8,6.035875,2916,3230,52.6,172.572,3.331207,8.051856,4.66,165.0,180.0,700.0,true,false,false,false,false,Walkersville,Maryland,United States of America,US
19308256422,2026-07-14,2026-07-14T09:39:01Z,"Podcast: The Test Set - Curiosity, duty, and existential dread — with Joe Cheng",Run,9745.6,6.055635,2873,3118,59.0,193.57,3.392134,7.907236,5.292,172.0,185.0,686.0,true,false,false,false,false,Walkersville,Maryland,United States of America,US
19328475613,2026-07-15,2026-07-15T09:37:23Z,Morning Run,Run,10081.1,6.264105,3060,3308,62.0,203.412,3.294477,8.141626,4.727,165.0,181.0,715.0,true,true,false,false,false,Walkersville,Maryland,United States of America,US
19341721915,2026-07-16,2026-07-16T09:17:09Z,Morning Run,Run,9840.7,6.114727,2953,3211,148.8,488.189,3.332442,8.048873,6.938,169.0,186.0,710.0,true,false,false,false,false,Walkersville,Maryland,United States of America,US
19380154431,2026-07-19,2026-07-19T09:40:34Z,"Podcast: Charts, Chaos, and Cake",Run,13974.8,8.683538,4051,4809,28.2,92.52,3.449716,7.775248,5.33,175.0,189.0,980.0,true,true,false,false,false,Ocean City,Maryland,United States of America,US
19402447765,2026-07-21,2026-07-21T10:45:38Z,Morning Run,Run,13211.5,8.209246,3839,4312,23.4,76.772,3.441391,7.794058,4.84,172.0,187.0,911.0,true,true,false,false,false,Ocean City,Maryland,United States of America,US
19431509261,2026-07-23,2026-07-23T10:50:42Z,Morning Run,Run,13775.2,8.559512,4023,4706,34.6,113.517,3.424111,7.83339,5.38,164.0,176.0,942.0,true,true,false,false,false,Ocean City,Maryland,United States of America,US
19477115158,2026-07-26,2026-07-26T10:38:07Z,Morning Run,Run,12174.0,7.564573,3654,3941,163.4,536.089,3.331691,8.050686,9.832,165.0,176.0,843.0,true,true,false,false,false,Walkersville,Maryland,United States of America,US
19484229639,2026-07-27,2026-07-27T09:48:04Z,Morning Run,Run,8951.4,5.562142,2740,3054,50.0,164.042,3.266934,8.210266,4.72,159.0,170.0,621.0,true,false,false,false,false,Walkersville,Maryland,United States of America,US
19520771274,2026-07-29,2026-07-29T09:56:33Z,Morning Run,Run,9914.8,6.160771,3067,3313,55.6,182.415,3.232736,8.297122,5.11,161.0,176.0,691.0,true,false,false,false,false,Walkersville,Maryland,United States of America,US
19534678264,2026-07-30,2026-07-30T10:04:13Z,Morning Run,Run,9822.1,6.10317,2998,3364,53.4,175.197,3.276217,8.187002,6.575,155.0,167.0,677.0,true,false,false,false,false,Walkersville,Maryland,United States of America,US
19573509165,2026-08-02,2026-08-02T11:00:15Z,Morning Run,Run,8870.7,5.511997,2715,2939,50.8,166.667,3.267293,8.209365,4.55,161.0,180.0,617.0,true,false,false,false,false,Walkersville,Maryland,United States of America,US
19583316966,2026-08-03,2026-08-03T09:44:47Z,Morning Run,Run,9711.4,6.034384,2910,3265,161.8,530.84,3.337251,8.037274,7.743,163.0,179.0,676.0,true,false,false,false,false,Walkersville,Maryland,United States of America,US
19605515926,2026-08-04,2026-08-04T09:37:08Z,Morning Run,Run,9831.3,6.108887,2931,3260,61.6,202.1,3.354248,7.996547,6.568,161.0,176.0,685.0,true,false,false,false,false,Walkersville,Maryland,United States of America,US
19648867337,2026-08-08,2026-08-08T04:48:24Z,Night Run,Run,1160.0,0.720791,366,374,0.0,0.0,3.169399,8.46293,5.576,167.0,171.0,75.0,false,false,false,false,false,Las Vegas,Nevada,United States of America,US
19656734404,2026-08-08,2026-08-08T13:07:18Z,DEFCON RUN - LVCC to the LasVegas Sign,Run,7093.7,4.407821,2358,2438,73.0,239.501,3.008355,8.91597,6.18,183.0,196.0,528.0,true,false,false,false,false,Las Vegas,Nevada,United States of America,US
19711889235,2026-08-12,2026-08-12T10:38:13Z,Morning Run,Run,6533.0,4.059418,1958,2246,39.0,127.953,3.336568,8.038919,4.466,160.0,176.0,449.0,true,false,false,false,false,Walkersville,Maryland,United States of America,US
19731180412,2026-08-13,2026-08-13T10:09:04Z,Morning Run,Run,8084.3,5.023351,2429,2645,41.0,134.514,3.328242,8.059029,4.94,162.0,177.0,557.0,true,false,false,false,false,Walkersville,Maryland,United States of America,US
19961868305,2026-08-30,2026-08-30T10:33:04Z,Morning Run,Run,6473.0,4.022136,1980,2282,29.8,97.769,3.269192,8.204596,4.62,158.0,173.0,443.0,true,false,false,false,false,Walkersville,Maryland,United States of America,US
19974509834,2026-08-31,2026-08-31T10:11:31Z,Morning Run,Run,6509.1,4.044567,2225,2497,131.8,432.415,2.925438,9.168678,4.973,154.0,172.0,445.0,true,false,false,false,false,Walkersville,Maryland,United States of America,US
